2015/06/26 13:00:00,1043.450,5.140
2015/06/26 13:10:00,1043.275,5.133
2015/06/26 13:20:00,1040.650,5.383
2015/06/26 13:30:00,1040.475,5.293
2015/06/26 13:40:00,1040.425,5.253
2015/06/26 13:50:00,1040.125,5.223
2015/06/26 14:00:00,1040.300,5.210
2015/06/26 14:10:00,1039.800,5.197
2015/06/26 14:20:00,1040.125,5.183
2015/06/26 14:30:00,1039.950,5.183
2015/06/26 14:40:00,1039.950,5.183
2015/06/26 14:50:00,1039.450,5.190
2015/06/26 15:00:00,1039.450,5.197
2015/06/26 15:10:00,1039.450,5.197
2015/06/26 15:20:00,1039.275,5.197
2015/06/26 15:30:00,1039.275,5.197
2015/06/26 15:40:00,1039.100,5.197
2015/06/26 15:50:00,1038.925,5.197
2015/06/26 16:00:00,1038.925,5.197
2015/06/26 16:10:00,1038.575,5.190
2015/06/26 16:20:00,1038.750,5.190
2015/06/26 16:30:00,1038.750,5.190
2015/06/26 16:40:00,1038.575,5.190
2015/06/26 16:50:00,1038.400,5.190
2015/06/26 17:00:00,1038.400,5.190
2015/06/26 17:10:00,1038.550,5.183
2015/06/26 17:20:00,1038.550,5.183
2015/06/26 17:30:00,1038.575,5.190
2015/06/26 17:40:00,1038.225,5.190
2015/06/26 17:50:00,1038.575,5.190
2015/06/26 18:00:00,1038.725,5.183
2015/06/26 18:10:00,1038.550,5.183
2015/06/26 18:20:00,1038.725,5.183
2015/06/26 18:30:00,1038.725,5.183
2015/06/26 18:40:00,1038.725,5.183
2015/06/26 18:50:00,1038.575,5.190
2015/06/26 19:00:00,1038.575,5.190
2015/06/26 19:10:00,1038.575,5.190
2015/06/26 19:20:00,1038.575,5.190
2015/06/26 19:30:00,1038.575,5.190
2015/06/26 19:40:00,1038.750,5.190
2015/06/26 19:50:00,1038.750,5.190
2015/06/26 20:00:00,1038.750,5.197
2015/06/26 20:10:00,1038.925,5.190
2015/06/26 20:20:00,1038.925,5.190
2015/06/26 20:30:00,1039.100,5.190
2015/06/26 20:40:00,1039.100,5.190
2015/06/26 20:50:00,1039.100,5.190
2015/06/26 21:00:00,1039.100,5.190
2015/06/26 21:10:00,1039.275,5.197
2015/06/26 21:20:00,1039.450,5.197
2015/06/26 21:30:00,1039.450,5.197
2015/06/26 21:40:00,1039.450,5.197
2015/06/26 21:50:00,1039.800,5.197
2015/06/26 22:00:00,1039.800,5.197
2015/06/26 22:10:00,1039.800,5.197
2015/06/26 22:20:00,1039.800,5.197
2015/06/26 22:30:00,1039.800,5.197
2015/06/26 22:40:00,1039.800,5.197
2015/06/26 22:50:00,1039.800,5.203
2015/06/26 23:00:00,1039.625,5.203
2015/06/26 23:10:00,1039.800,5.203
2015/06/26 23:20:00,1039.625,5.203
2015/06/26 23:30:00,1039.800,5.203
2015/06/26 23:40:00,1040.000,5.203
2015/06/26 23:50:00,1040.000,5.203
2015/06/27 00:00:00,1040.000,5.203
2015/06/27 00:10:00,1040.000,5.203
2015/06/27 00:20:00,1040.000,5.203
2015/06/27 00:30:00,1040.000,5.203
2015/06/27 00:40:00,1040.000,5.203
2015/06/27 00:50:00,1040.000,5.203
2015/06/27 01:00:00,1040.000,5.203
2015/06/27 01:10:00,1039.800,5.203
2015/06/27 01:20:00,1039.950,5.210
2015/06/27 01:30:00,1039.775,5.210
2015/06/27 01:40:00,1039.950,5.210
2015/06/27 01:50:00,1039.775,5.210
2015/06/27 02:00:00,1039.775,5.210
2015/06/27 02:10:00,1039.775,5.210
2015/06/27 02:20:00,1039.775,5.210
2015/06/27 02:30:00,1039.950,5.210
2015/06/27 02:40:00,1039.775,5.210
2015/06/27 02:50:00,1039.775,5.210
2015/06/27 03:00:00,1039.600,5.210
2015/06/27 03:10:00,1039.450,5.217
2015/06/27 03:20:00,1039.450,5.217
2015/06/27 03:30:00,1039.450,5.217
2015/06/27 03:40:00,1039.275,5.217
2015/06/27 03:50:00,1039.275,5.217
2015/06/27 04:00:00,1039.275,5.217
2015/06/27 04:10:00,1039.275,5.217
2015/06/27 04:20:00,1039.250,5.223
2015/06/27 04:30:00,1039.275,5.217
2015/06/27 04:40:00,1039.275,5.217
2015/06/27 04:50:00,1039.275,5.217
2015/06/27 05:00:00,1039.075,5.223
2015/06/27 05:10:00,1039.075,5.223
2015/06/27 05:20:00,1039.075,5.223
2015/06/27 05:30:00,1039.075,5.223
2015/06/27 05:40:00,1039.075,5.223
2015/06/27 05:50:00,1039.250,5.223
2015/06/27 06:00:00,1039.075,5.223
2015/06/27 06:10:00,1039.075,5.223
2015/06/27 06:20:00,1039.075,5.223
2015/06/27 06:30:00,1039.250,5.223
2015/06/27 06:40:00,1039.250,5.223
2015/06/27 06:50:00,1039.275,5.230
2015/06/27 07:00:00,1039.275,5.230
2015/06/27 07:10:00,1039.275,5.230
2015/06/27 07:20:00,1039.275,5.230
2015/06/27 07:30:00,1039.275,5.230
2015/06/27 07:40:00,1039.450,5.230
2015/06/27 07:50:00,1039.450,5.230
2015/06/27 08:00:00,1039.275,5.230
2015/06/27 08:10:00,1039.275,5.230
2015/06/27 08:20:00,1039.450,5.230
2015/06/27 08:30:00,1039.450,5.230
2015/06/27 08:40:00,1039.275,5.230
2015/06/27 08:50:00,1039.275,5.240
2015/06/27 09:00:00,1039.100,5.240
2015/06/27 09:10:00,1039.100,5.240
2015/06/27 09:20:00,1039.100,5.240
2015/06/27 09:30:00,1038.925,5.240
2015/06/27 09:40:00,1038.925,5.240
2015/06/27 09:50:00,1038.925,5.240
2015/06/27 10:00:00,1038.750,5.240
2015/06/27 10:10:00,1038.575,5.247
2015/06/27 10:20:00,1038.400,5.247
2015/06/27 10:30:00,1038.225,5.247
2015/06/27 10:40:00,1038.050,5.247
2015/06/27 10:50:00,1037.875,5.247
2015/06/27 11:00:00,1037.700,5.247
2015/06/27 11:10:00,1037.700,5.247
2015/06/27 11:20:00,1037.525,5.247
2015/06/27 11:30:00,1037.350,5.247
2015/06/27 11:40:00,1037.275,5.253
2015/06/27 11:50:00,1037.100,5.253
2015/06/27 12:00:00,1037.100,5.253
2015/06/27 12:10:00,1037.100,5.253
2015/06/27 12:20:00,1036.750,5.253
2015/06/27 12:30:00,1036.750,5.253
2015/06/27 12:40:00,1036.575,5.253
2015/06/27 12:50:00,1036.400,5.253
2015/06/27 13:00:00,1036.225,5.253
2015/06/27 13:10:00,1036.050,5.253
2015/06/27 13:20:00,1035.700,5.253
2015/06/27 13:30:00,1035.425,5.260
2015/06/27 13:40:00,1035.350,5.253
2015/06/27 13:50:00,1035.075,5.260
2015/06/27 14:00:00,1034.900,5.260
2015/06/27 14:10:00,1034.725,5.260
2015/06/27 14:20:00,1034.725,5.260
2015/06/27 14:30:00,1034.550,5.260
2015/06/27 14:40:00,1034.550,5.260
2015/06/27 14:50:00,1034.375,5.260
2015/06/27 15:00:00,1034.200,5.260
2015/06/27 15:10:00,1034.025,5.260
2015/06/27 15:20:00,1033.850,5.260
2015/06/27 15:30:00,1033.675,5.260
2015/06/27 15:40:00,1033.500,5.260
2015/06/27 15:50:00,1033.325,5.260
2015/06/27 16:00:00,1033.150,5.260
2015/06/27 16:10:00,1032.975,5.260
2015/06/27 16:20:00,1032.800,5.260
2015/06/27 16:30:00,1032.625,5.267
2015/06/27 16:40:00,1032.625,5.267
2015/06/27 16:50:00,1032.275,5.267
2015/06/27 17:00:00,1032.450,5.267
2015/06/27 17:10:00,1032.100,5.267
2015/06/27 17:20:00,1032.100,5.267
2015/06/27 17:30:00,1031.925,5.267
2015/06/27 17:40:00,1031.925,5.267
2015/06/27 17:50:00,1031.925,5.267
2015/06/27 18:00:00,1031.750,5.267
2015/06/27 18:10:00,1031.575,5.267
2015/06/27 18:20:00,1031.575,5.267
2015/06/27 18:30:00,1031.400,5.267
2015/06/27 18:40:00,1031.225,5.267
2015/06/27 18:50:00,1031.225,5.267
2015/06/27 19:00:00,1031.225,5.267
2015/06/27 19:10:00,1031.225,5.267
2015/06/27 19:20:00,1031.225,5.267
2015/06/27 19:30:00,1031.050,5.267
2015/06/27 19:40:00,1030.875,5.267
2015/06/27 19:50:00,1030.700,5.267
2015/06/27 20:00:00,1030.700,5.267
2015/06/27 20:10:00,1030.525,5.267
2015/06/27 20:20:00,1030.700,5.267
2015/06/27 20:30:00,1030.700,5.267
2015/06/27 20:40:00,1031.000,5.273
2015/06/27 20:50:00,1031.175,5.273
2015/06/27 21:00:00,1031.000,5.273
2015/06/27 21:10:00,1031.000,5.273
2015/06/27 21:20:00,1031.000,5.273
2015/06/27 21:30:00,1031.000,5.273
2015/06/27 21:40:00,1031.000,5.273
2015/06/27 21:50:00,1031.000,5.273
2015/06/27 22:00:00,1031.525,5.273
2015/06/27 22:10:00,1031.700,5.273
2015/06/27 22:20:00,1031.875,5.273
2015/06/27 22:30:00,1031.750,5.280
2015/06/27 22:40:00,1031.875,5.273
2015/06/27 22:50:00,1032.050,5.273
2015/06/27 23:00:00,1032.100,5.280
2015/06/27 23:10:00,1032.050,5.273
2015/06/27 23:20:00,1032.050,5.273
2015/06/27 23:30:00,1032.050,5.273
2015/06/27 23:40:00,1031.875,5.273
2015/06/27 23:50:00,1032.050,5.273
2015/06/28 00:00:00,1031.700,5.273
2015/06/28 00:10:00,1031.525,5.273
2015/06/28 00:20:00,1031.700,5.273
2015/06/28 00:30:00,1031.700,5.273
2015/06/28 00:40:00,1031.925,5.280
2015/06/28 00:50:00,1031.925,5.280
2015/06/28 01:00:00,1031.575,5.280
2015/06/28 01:10:00,1031.575,5.280
2015/06/28 01:20:00,1031.400,5.280
2015/06/28 01:30:00,1031.575,5.280
2015/06/28 01:40:00,1031.400,5.280
2015/06/28 01:50:00,1031.225,5.280
2015/06/28 02:00:00,1031.400,5.280
2015/06/28 02:10:00,1031.400,5.287
2015/06/28 02:20:00,1031.225,5.287
2015/06/28 02:30:00,1031.225,5.287
2015/06/28 02:40:00,1031.225,5.287
2015/06/28 02:50:00,1031.575,5.287
2015/06/28 03:00:00,1031.525,5.293
2015/06/28 03:10:00,1031.575,5.287
2015/06/28 03:20:00,1031.525,5.293
2015/06/28 03:30:00,1031.575,5.287
2015/06/28 03:40:00,1031.925,5.287
2015/06/28 03:50:00,1031.925,5.287
2015/06/28 04:00:00,1031.925,5.287
2015/06/28 04:10:00,1031.925,5.287
2015/06/28 04:20:00,1031.925,5.287
2015/06/28 04:30:00,1032.100,5.287
2015/06/28 04:40:00,1032.225,5.293
2015/06/28 04:50:00,1032.225,5.293
2015/06/28 05:00:00,1032.225,5.293
2015/06/28 05:10:00,1032.225,5.293
2015/06/28 05:20:00,1032.050,5.293
2015/06/28 05:30:00,1031.875,5.293
2015/06/28 05:40:00,1031.700,5.293
2015/06/28 05:50:00,1031.875,5.293
2015/06/28 06:00:00,1031.875,5.293
2015/06/28 06:10:00,1031.925,5.300
2015/06/28 06:20:00,1032.100,5.300
2015/06/28 06:30:00,1031.925,5.300
2015/06/28 06:40:00,1031.925,5.300
2015/06/28 06:50:00,1032.100,5.300
2015/06/28 07:00:00,1032.100,5.300
2015/06/28 07:10:00,1031.925,5.300
2015/06/28 07:20:00,1032.100,5.307
2015/06/28 07:30:00,1032.100,5.307
2015/06/28 07:40:00,1032.100,5.307
2015/06/28 07:50:00,1032.100,5.307
2015/06/28 08:00:00,1032.100,5.307
2015/06/28 08:10:00,1032.100,5.307
2015/06/28 08:20:00,1031.925,5.307
2015/06/28 08:30:00,1032.100,5.307
2015/06/28 08:40:00,1031.875,5.313
2015/06/28 08:50:00,1031.875,5.313
2015/06/28 09:00:00,1032.050,5.313
2015/06/28 09:10:00,1032.050,5.313
2015/06/28 09:20:00,1032.050,5.313
2015/06/28 09:30:00,1031.875,5.313
2015/06/28 09:40:00,1032.050,5.313
2015/06/28 09:50:00,1032.050,5.313
2015/06/28 10:00:00,1031.875,5.313
2015/06/28 10:10:00,1031.875,5.313
2015/06/28 10:20:00,1031.875,5.313
2015/06/28 10:30:00,1031.875,5.313
2015/06/28 10:40:00,1031.875,5.323
2015/06/28 10:50:00,1031.875,5.313
2015/06/28 11:00:00,1031.875,5.313
2015/06/28 11:10:00,1031.700,5.323
2015/06/28 11:20:00,1031.700,5.313
2015/06/28 11:30:00,1031.875,5.323
2015/06/28 11:40:00,1031.875,5.323
2015/06/28 11:50:00,1031.700,5.323
2015/06/28 12:00:00,1031.700,5.323
2015/06/28 12:10:00,1031.700,5.323
2015/06/28 12:20:00,1031.700,5.323
2015/06/28 12:30:00,1031.525,5.323
2015/06/28 12:40:00,1031.525,5.323
2015/06/28 12:50:00,1031.525,5.323
2015/06/28 13:00:00,1031.400,5.330
2015/06/28 13:10:00,1031.225,5.330
2015/06/28 13:20:00,1031.225,5.330
2015/06/28 13:30:00,1031.050,5.330
2015/06/28 13:40:00,1031.225,5.330
2015/06/28 13:50:00,1031.050,5.330
2015/06/28 14:00:00,1031.050,5.330
2015/06/28 14:10:00,1030.875,5.330
2015/06/28 14:20:00,1030.700,5.330
2015/06/28 14:30:00,1030.875,5.330
2015/06/28 14:40:00,1030.700,5.330
2015/06/28 14:50:00,1030.525,5.330
2015/06/28 15:00:00,1030.525,5.337
2015/06/28 15:10:00,1030.350,5.337
2015/06/28 15:20:00,1030.700,5.337
2015/06/28 15:30:00,1031.050,5.330
2015/06/28 15:40:00,1031.225,5.330
2015/06/28 15:50:00,1031.175,5.323
2015/06/28 16:00:00,1031.175,5.323
2015/06/28 16:10:00,1031.525,5.323
2015/06/28 16:20:00,1031.525,5.323
2015/06/28 16:30:00,1031.525,5.323
2015/06/28 16:40:00,1031.750,5.330
2015/06/28 16:50:00,1031.925,5.330
2015/06/28 17:00:00,1031.925,5.330
2015/06/28 17:10:00,1031.750,5.330
2015/06/28 17:20:00,1031.925,5.330
2015/06/28 17:30:00,1031.925,5.330
2015/06/28 17:40:00,1032.100,5.337
2015/06/28 17:50:00,1032.100,5.337
2015/06/28 18:00:00,1032.275,5.337
2015/06/28 18:10:00,1032.275,5.337
2015/06/28 18:20:00,1032.275,5.337
2015/06/28 18:30:00,1032.450,5.337
2015/06/28 18:40:00,1032.625,5.337
2015/06/28 18:50:00,1032.450,5.337
2015/06/28 19:00:00,1032.400,5.343
2015/06/28 19:10:00,1032.450,5.337
2015/06/28 19:20:00,1032.400,5.343
2015/06/28 19:30:00,1032.400,5.343
2015/06/28 19:40:00,1032.400,5.343
2015/06/28 19:50:00,1032.400,5.343
2015/06/28 20:00:00,1032.400,5.343
2015/06/28 20:10:00,1032.225,5.343
2015/06/28 20:20:00,1032.400,5.343
2015/06/28 20:30:00,1032.575,5.343
2015/06/28 20:40:00,1032.400,5.343
2015/06/28 20:50:00,1032.575,5.343
2015/06/28 21:00:00,1032.625,5.350
2015/06/28 21:10:00,1032.575,5.343
2015/06/28 21:20:00,1032.625,5.350
2015/06/28 21:30:00,1032.625,5.350
2015/06/28 21:40:00,1032.975,5.350
2015/06/28 21:50:00,1032.625,5.350
2015/06/28 22:00:00,1032.975,5.350
2015/06/28 22:10:00,1032.800,5.350
2015/06/28 22:20:00,1032.975,5.350
2015/06/28 22:30:00,1032.975,5.350
2015/06/28 22:40:00,1032.975,5.350
2015/06/28 22:50:00,1032.975,5.350
2015/06/28 23:00:00,1032.975,5.350
2015/06/28 23:10:00,1032.975,5.357
2015/06/28 23:20:00,1032.800,5.357
2015/06/28 23:30:00,1032.800,5.357
2015/06/28 23:40:00,1032.800,5.357
2015/06/28 23:50:00,1032.800,5.357
2015/06/29 00:00:00,1032.800,5.357
2015/06/29 00:10:00,1032.800,5.357
2015/06/29 00:20:00,1032.800,5.357
2015/06/29 00:30:00,1032.800,5.357
2015/06/29 00:40:00,1032.625,5.357
2015/06/29 00:50:00,1032.800,5.357
2015/06/29 01:00:00,1032.625,5.357
2015/06/29 01:10:00,1032.750,5.363
2015/06/29 01:20:00,1032.625,5.357
2015/06/29 01:30:00,1032.575,5.363
2015/06/29 01:40:00,1032.400,5.363
2015/06/29 01:50:00,1032.575,5.363
2015/06/29 02:00:00,1032.575,5.363
2015/06/29 02:10:00,1032.400,5.363
2015/06/29 02:20:00,1032.400,5.363
2015/06/29 02:30:00,1032.225,5.363
2015/06/29 02:40:00,1032.225,5.363
2015/06/29 02:50:00,1032.225,5.363
2015/06/29 03:00:00,1032.275,5.370
2015/06/29 03:10:00,1032.225,5.363
2015/06/29 03:20:00,1031.925,5.370
2015/06/29 03:30:00,1032.100,5.370
2015/06/29 03:40:00,1031.925,5.370
2015/06/29 03:50:00,1032.100,5.370
2015/06/29 04:00:00,1031.925,5.370
2015/06/29 04:10:00,1031.925,5.370
2015/06/29 04:20:00,1031.925,5.370
2015/06/29 04:30:00,1031.925,5.370
2015/06/29 04:40:00,1031.750,5.370
2015/06/29 04:50:00,1031.750,5.370
2015/06/29 05:00:00,1031.925,5.370
2015/06/29 05:10:00,1031.750,5.370
2015/06/29 05:20:00,1031.925,5.377
2015/06/29 05:30:00,1031.750,5.377
2015/06/29 05:40:00,1031.925,5.377
2015/06/29 05:50:00,1031.750,5.377
2015/06/29 06:00:00,1031.925,5.377
2015/06/29 06:10:00,1031.925,5.377
2015/06/29 06:20:00,1031.925,5.377
2015/06/29 06:30:00,1031.925,5.377
2015/06/29 06:40:00,1031.925,5.377
2015/06/29 06:50:00,1032.050,5.383
2015/06/29 07:00:00,1031.875,5.383
2015/06/29 07:10:00,1031.875,5.383
2015/06/29 07:20:00,1031.875,5.383
2015/06/29 07:30:00,1031.700,5.383
2015/06/29 07:40:00,1031.700,5.383
2015/06/29 07:50:00,1031.700,5.383
2015/06/29 08:00:00,1031.525,5.383
2015/06/29 08:10:00,1031.525,5.383
2015/06/29 08:20:00,1031.350,5.383
2015/06/29 08:30:00,1031.350,5.383
2015/06/29 08:40:00,1031.350,5.383
2015/06/29 08:50:00,1031.400,5.390
2015/06/29 09:00:00,1031.350,5.383
2015/06/29 09:10:00,1031.400,5.390
2015/06/29 09:20:00,1031.400,5.390
2015/06/29 09:30:00,1031.575,5.390
2015/06/29 09:40:00,1031.925,5.390
2015/06/29 09:50:00,1031.925,5.390
2015/06/29 10:00:00,1032.100,5.390
2015/06/29 10:10:00,1032.450,5.390
2015/06/29 10:20:00,1032.100,5.390
2015/06/29 10:30:00,1032.100,5.370
2015/06/29 10:40:00,1031.875,5.383
2015/06/29 10:50:00,1032.050,5.383
2015/06/29 11:00:00,1031.925,5.390
2015/06/29 11:10:00,1031.525,5.383
2015/06/29 11:20:00,1031.750,5.390
2015/06/29 11:30:00,1031.750,5.390
2015/06/29 11:40:00,1032.275,5.390
2015/06/29 11:50:00,1032.100,5.390
2015/06/29 12:00:00,1032.100,5.390
2015/06/29 12:10:00,1031.925,5.390
2015/06/29 12:20:00,1031.750,5.390
2015/06/29 12:30:00,1031.925,5.390
2015/06/29 12:40:00,1031.750,5.390
2015/06/29 12:50:00,1031.750,5.400
2015/06/29 13:00:00,1031.750,5.400
2015/06/29 13:10:00,1031.750,5.400
2015/06/29 13:20:00,1031.575,5.400
2015/06/29 13:30:00,1031.750,5.400
2015/06/29 13:40:00,1031.575,5.400
2015/06/29 13:50:00,1031.575,5.400
2015/06/29 14:00:00,1031.575,5.400
2015/06/29 14:10:00,1031.400,5.400
2015/06/29 14:20:00,1031.400,5.407
2015/06/29 14:30:00,1031.400,5.407
2015/06/29 14:40:00,1031.225,5.407
2015/06/29 14:50:00,1031.225,5.407
2015/06/29 15:00:00,1031.225,5.407
2015/06/29 15:10:00,1031.050,5.407
2015/06/29 15:20:00,1031.050,5.407
2015/06/29 15:30:00,1030.875,5.407
2015/06/29 15:40:00,1030.875,5.407
2015/06/29 15:50:00,1030.825,5.413
2015/06/29 16:00:00,1030.875,5.407
2015/06/29 16:10:00,1030.825,5.413
2015/06/29 16:20:00,1030.650,5.413
2015/06/29 16:30:00,1030.650,5.413
2015/06/29 16:40:00,1030.650,5.413
2015/06/29 16:50:00,1030.650,5.413
2015/06/29 17:00:00,1030.825,5.413
2015/06/29 17:10:00,1030.825,5.413
2015/06/29 17:20:00,1031.000,5.413
2015/06/29 17:30:00,1030.825,5.413
2015/06/29 17:40:00,1031.000,5.413
2015/06/29 17:50:00,1031.000,5.413
2015/06/29 18:00:00,1031.000,5.413
2015/06/29 18:10:00,1030.825,5.413
2015/06/29 18:20:00,1031.000,5.413
2015/06/29 18:30:00,1031.000,5.413
2015/06/29 18:40:00,1031.175,5.413
2015/06/29 18:50:00,1031.000,5.413
2015/06/29 19:00:00,1031.000,5.413
2015/06/29 19:10:00,1031.000,5.413
2015/06/29 19:20:00,1031.000,5.413
2015/06/29 19:30:00,1031.175,5.413
2015/06/29 19:40:00,1031.350,5.413
2015/06/29 19:50:00,1031.400,5.420
2015/06/29 20:00:00,1031.575,5.420
2015/06/29 20:10:00,1031.750,5.420
2015/06/29 20:20:00,1031.575,5.420
2015/06/29 20:30:00,1031.750,5.420
2015/06/29 20:40:00,1031.925,5.420
2015/06/29 20:50:00,1031.925,5.420
2015/06/29 21:00:00,1031.925,5.420
2015/06/29 21:10:00,1032.100,5.420
2015/06/29 21:20:00,1032.275,5.420
2015/06/29 21:30:00,1032.450,5.420
2015/06/29 21:40:00,1032.450,5.420
2015/06/29 21:50:00,1032.625,5.420
2015/06/29 22:00:00,1032.625,5.420
2015/06/29 22:10:00,1032.625,5.420
2015/06/29 22:20:00,1032.800,5.420
2015/06/29 22:30:00,1032.625,5.427
2015/06/29 22:40:00,1032.800,5.427
2015/06/29 22:50:00,1033.150,5.420
2015/06/29 23:00:00,1032.800,5.427
2015/06/29 23:10:00,1033.150,5.427
2015/06/29 23:20:00,1033.150,5.427
2015/06/29 23:30:00,1033.150,5.427
2015/06/29 23:40:00,1033.325,5.427
2015/06/29 23:50:00,1033.500,5.427
2015/06/30 00:00:00,1033.500,5.427
2015/06/30 00:10:00,1033.500,5.427
2015/06/30 00:20:00,1033.500,5.427
2015/06/30 00:30:00,1033.500,5.427
2015/06/30 00:40:00,1033.675,5.427
2015/06/30 00:50:00,1033.850,5.427
2015/06/30 01:00:00,1033.850,5.427
2015/06/30 01:10:00,1034.025,5.427
2015/06/30 01:20:00,1034.325,5.433
2015/06/30 01:30:00,1034.200,5.427
2015/06/30 01:40:00,1034.375,5.427
2015/06/30 01:50:00,1034.375,5.427
2015/06/30 02:00:00,1034.500,5.433
2015/06/30 02:10:00,1034.500,5.433
2015/06/30 02:20:00,1034.675,5.433
2015/06/30 02:30:00,1034.850,5.433
2015/06/30 02:40:00,1034.850,5.433
2015/06/30 02:50:00,1034.675,5.433
2015/06/30 03:00:00,1034.850,5.433
2015/06/30 03:10:00,1034.850,5.433
2015/06/30 03:20:00,1034.675,5.433
2015/06/30 03:30:00,1034.850,5.433
2015/06/30 03:40:00,1034.850,5.433
2015/06/30 03:50:00,1034.850,5.433
2015/06/30 04:00:00,1035.075,5.440
2015/06/30 04:10:00,1035.250,5.440
2015/06/30 04:20:00,1035.425,5.440
2015/06/30 04:30:00,1035.600,5.440
2015/06/30 04:40:00,1035.600,5.440
2015/06/30 04:50:00,1035.775,5.440
2015/06/30 05:00:00,1035.775,5.440
2015/06/30 05:10:00,1035.775,5.440
2015/06/30 05:20:00,1035.775,5.440
2015/06/30 05:30:00,1035.950,5.440
2015/06/30 05:40:00,1036.300,5.440
2015/06/30 05:50:00,1036.250,5.447
2015/06/30 06:00:00,1036.075,5.447
2015/06/30 06:10:00,1036.075,5.447
2015/06/30 06:20:00,1036.425,5.447
2015/06/30 06:30:00,1036.425,5.447
2015/06/30 06:40:00,1036.600,5.447
2015/06/30 06:50:00,1036.425,5.447
2015/06/30 07:00:00,1036.600,5.447
2015/06/30 07:10:00,1036.775,5.447
2015/06/30 07:20:00,1036.950,5.453
2015/06/30 07:30:00,1036.950,5.447
2015/06/30 07:40:00,1036.950,5.447
2015/06/30 07:50:00,1036.950,5.453
2015/06/30 08:00:00,1037.125,5.453
2015/06/30 08:10:00,1037.125,5.453
2015/06/30 08:20:00,1037.300,5.453
2015/06/30 08:30:00,1037.300,5.453
2015/06/30 08:40:00,1037.300,5.453
2015/06/30 08:50:00,1037.125,5.453
2015/06/30 09:00:00,1037.125,5.453
2015/06/30 09:10:00,1037.300,5.453
2015/06/30 09:20:00,1037.500,5.453
2015/06/30 09:30:00,1037.300,5.453
2015/06/30 09:40:00,1037.525,5.460
2015/06/30 09:50:00,1037.500,5.453
2015/06/30 10:00:00,1037.300,5.453
2015/06/30 10:10:00,1037.350,5.460
2015/06/30 10:20:00,1037.350,5.460
2015/06/30 10:30:00,1037.350,5.460
2015/06/30 10:40:00,1037.175,5.460
2015/06/30 10:50:00,1037.350,5.460
2015/06/30 11:00:00,1037.175,5.460
2015/06/30 11:10:00,1037.000,5.460
2015/06/30 11:20:00,1037.175,5.460
2015/06/30 11:30:00,1037.000,5.460
2015/06/30 11:40:00,1036.825,5.460
2015/06/30 11:50:00,1036.600,5.467
2015/06/30 12:00:00,1036.825,5.460
2015/06/30 12:10:00,1036.600,5.467
2015/06/30 12:20:00,1036.600,5.467
2015/06/30 12:30:00,1036.425,5.467
2015/06/30 12:40:00,1036.425,5.467
2015/06/30 12:50:00,1036.425,5.467
2015/06/30 13:00:00,1036.250,5.467
2015/06/30 13:10:00,1036.250,5.467
2015/06/30 13:20:00,1036.250,5.467
2015/06/30 13:30:00,1036.075,5.467
2015/06/30 13:40:00,1036.075,5.467
2015/06/30 13:50:00,1036.075,5.477
2015/06/30 14:00:00,1036.075,5.477
2015/06/30 14:10:00,1035.725,5.477
2015/06/30 14:20:00,1035.550,5.477
2015/06/30 14:30:00,1035.550,5.477
2015/06/30 14:40:00,1035.550,5.477
2015/06/30 14:50:00,1035.550,5.477
2015/06/30 15:00:00,1035.375,5.477
2015/06/30 15:10:00,1035.200,5.477
2015/06/30 15:20:00,1035.025,5.477
2015/06/30 15:30:00,1034.850,5.477
2015/06/30 15:40:00,1034.850,5.483
2015/06/30 15:50:00,1034.850,5.477
2015/06/30 16:00:00,1034.675,5.483
2015/06/30 16:10:00,1034.675,5.483
2015/06/30 16:20:00,1034.675,5.483
2015/06/30 16:30:00,1034.500,5.483
2015/06/30 16:40:00,1034.500,5.483
2015/06/30 16:50:00,1034.500,5.483
2015/06/30 17:00:00,1034.500,5.483
2015/06/30 17:10:00,1034.375,5.460
2015/06/30 17:20:00,1034.325,5.467
2015/06/30 17:30:00,1033.975,5.477
2015/06/30 17:40:00,1034.150,5.477
2015/06/30 17:50:00,1034.150,5.483
2015/06/30 18:00:00,1033.800,5.483
2015/06/30 18:10:00,1033.975,5.467
2015/06/30 18:20:00,1033.625,5.477
2015/06/30 18:30:00,1033.800,5.483
2015/06/30 18:40:00,1033.625,5.483
2015/06/30 18:50:00,1033.625,5.483
2015/06/30 19:00:00,1033.800,5.483
2015/06/30 19:10:00,1034.025,5.490
2015/06/30 19:20:00,1033.850,5.490
2015/06/30 19:30:00,1034.025,5.490
2015/06/30 19:40:00,1034.025,5.490
2015/06/30 19:50:00,1034.200,5.490
2015/06/30 20:00:00,1034.200,5.490
2015/06/30 20:10:00,1034.025,5.490
2015/06/30 20:20:00,1034.200,5.490
2015/06/30 20:30:00,1034.375,5.490
2015/06/30 20:40:00,1034.550,5.490
2015/06/30 20:50:00,1034.550,5.490
2015/06/30 21:00:00,1034.550,5.490
2015/06/30 21:10:00,1034.725,5.490
2015/06/30 21:20:00,1034.900,5.490
2015/06/30 21:30:00,1034.900,5.490
2015/06/30 21:40:00,1035.075,5.490
2015/06/30 21:50:00,1035.250,5.490
2015/06/30 22:00:00,1035.250,5.490
2015/06/30 22:10:00,1035.425,5.490
2015/06/30 22:20:00,1035.425,5.490
2015/06/30 22:30:00,1035.425,5.490
2015/06/30 22:40:00,1035.425,5.490
2015/06/30 22:50:00,1035.600,5.490
2015/06/30 23:00:00,1035.375,5.497
2015/06/30 23:10:00,1035.550,5.497
2015/06/30 23:20:00,1035.550,5.497
2015/06/30 23:30:00,1035.375,5.497
2015/06/30 23:40:00,1035.375,5.497
2015/06/30 23:50:00,1035.550,5.497
2015/07/01 00:00:00,1035.725,5.497
2015/07/01 00:10:00,1035.725,5.497
2015/07/01 00:20:00,1035.725,5.497
2015/07/01 00:30:00,1035.900,5.497
2015/07/01 00:40:00,1036.075,5.497
2015/07/01 00:50:00,1036.075,5.497
2015/07/01 01:00:00,1036.075,5.503
2015/07/01 01:10:00,1036.075,5.503
2015/07/01 01:20:00,1036.075,5.497
2015/07/01 01:30:00,1035.900,5.497
2015/07/01 01:40:00,1035.725,5.503
2015/07/01 01:50:00,1035.900,5.503
2015/07/01 02:00:00,1035.725,5.503
2015/07/01 02:10:00,1035.900,5.503
2015/07/01 02:20:00,1035.725,5.503
2015/07/01 02:30:00,1035.900,5.503
2015/07/01 02:40:00,1035.725,5.503
2015/07/01 02:50:00,1035.950,5.510
2015/07/01 03:00:00,1035.950,5.510
2015/07/01 03:10:00,1035.775,5.510
2015/07/01 03:20:00,1035.775,5.510
2015/07/01 03:30:00,1035.775,5.510
2015/07/01 03:40:00,1035.950,5.510
2015/07/01 03:50:00,1035.775,5.510
2015/07/01 04:00:00,1035.600,5.510
2015/07/01 04:10:00,1035.775,5.510
2015/07/01 04:20:00,1035.775,5.510
2015/07/01 04:30:00,1035.950,5.510
2015/07/01 04:40:00,1035.775,5.510
2015/07/01 04:50:00,1035.950,5.510
2015/07/01 05:00:00,1035.900,5.517
2015/07/01 05:10:00,1035.900,5.517
2015/07/01 05:20:00,1035.900,5.517
2015/07/01 05:30:00,1036.075,5.517
2015/07/01 05:40:00,1036.075,5.517
2015/07/01 05:50:00,1036.250,5.517
2015/07/01 06:00:00,1036.250,5.517
2015/07/01 06:10:00,1036.250,5.517
2015/07/01 06:20:00,1036.075,5.517
2015/07/01 06:30:00,1036.425,5.517
2015/07/01 06:40:00,1036.250,5.517
2015/07/01 06:50:00,1036.425,5.517
2015/07/01 07:00:00,1036.425,5.517
2015/07/01 07:10:00,1036.425,5.517
2015/07/01 07:20:00,1036.425,5.517
2015/07/01 07:30:00,1036.425,5.517
2015/07/01 07:40:00,1036.425,5.497
2015/07/01 07:50:00,1036.425,5.503
2015/07/01 08:00:00,1036.650,5.510
2015/07/01 08:10:00,1036.425,5.517
2015/07/01 08:20:00,1036.250,5.517
2015/07/01 08:30:00,1036.250,5.523
2015/07/01 08:40:00,1036.250,5.523
2015/07/01 08:50:00,1036.075,5.523
2015/07/01 09:00:00,1036.075,5.523
2015/07/01 09:10:00,1035.900,5.523
2015/07/01 09:20:00,1036.000,5.530
2015/07/01 09:30:00,1035.825,5.530
2015/07/01 09:40:00,1035.825,5.530
2015/07/01 09:50:00,1035.650,5.530
2015/07/01 10:00:00,1035.825,5.530
2015/07/01 10:10:00,1035.475,5.530
2015/07/01 10:20:00,1035.650,5.530
2015/07/01 10:30:00,1035.475,5.530
2015/07/01 10:40:00,1035.475,5.530
2015/07/01 10:50:00,1035.475,5.530
2015/07/01 11:00:00,1035.375,5.537
2015/07/01 11:10:00,1035.125,5.530
2015/07/01 11:20:00,1035.475,5.530
2015/07/01 11:30:00,1035.475,5.530
2015/07/01 11:40:00,1035.550,5.537
2015/07/01 11:50:00,1035.375,5.537
2015/07/01 12:00:00,1035.375,5.523
2015/07/01 12:10:00,1035.125,5.530
2015/07/01 12:20:00,1035.200,5.537
2015/07/01 12:30:00,1035.200,5.537
2015/07/01 12:40:00,1035.025,5.537
2015/07/01 12:50:00,1034.850,5.537
2015/07/01 13:00:00,1034.675,5.537
2015/07/01 13:10:00,1034.675,5.537
2015/07/01 13:20:00,1034.500,5.537
2015/07/01 13:30:00,1034.500,5.543
2015/07/01 13:40:00,1034.325,5.543
2015/07/01 13:50:00,1034.325,5.543
2015/07/01 14:00:00,1034.150,5.543
2015/07/01 14:10:00,1034.150,5.543
2015/07/01 14:20:00,1034.150,5.543
2015/07/01 14:30:00,1034.150,5.543
2015/07/01 14:40:00,1034.150,5.543
2015/07/01 14:50:00,1033.975,5.543
2015/07/01 15:00:00,1033.975,5.543
2015/07/01 15:10:00,1033.800,5.543
2015/07/01 15:20:00,1034.150,5.543
2015/07/01 15:30:00,1033.800,5.543
2015/07/01 15:40:00,1033.800,5.543
2015/07/01 15:50:00,1033.800,5.543
2015/07/01 16:00:00,1034.025,5.550
2015/07/01 16:10:00,1033.850,5.550
2015/07/01 16:20:00,1033.850,5.550
2015/07/01 16:30:00,1033.800,5.543
2015/07/01 16:40:00,1033.675,5.550
2015/07/01 16:50:00,1033.675,5.550
2015/07/01 17:00:00,1033.500,5.550
2015/07/01 17:10:00,1033.675,5.550
2015/07/01 17:20:00,1033.500,5.550
2015/07/01 17:30:00,1033.500,5.550
2015/07/01 17:40:00,1033.325,5.550
2015/07/01 17:50:00,1033.325,5.550
2015/07/01 18:00:00,1033.150,5.550
2015/07/01 18:10:00,1033.325,5.550
2015/07/01 18:20:00,1033.325,5.550
2015/07/01 18:30:00,1033.325,5.550
2015/07/01 18:40:00,1033.150,5.550
2015/07/01 18:50:00,1033.325,5.550
2015/07/01 19:00:00,1033.325,5.550
2015/07/01 19:10:00,1033.325,5.550
2015/07/01 19:20:00,1033.325,5.550
2015/07/01 19:30:00,1033.500,5.550
2015/07/01 19:40:00,1033.500,5.550
2015/07/01 19:50:00,1033.675,5.550
2015/07/01 20:00:00,1033.675,5.560
2015/07/01 20:10:00,1033.850,5.560
2015/07/01 20:20:00,1033.850,5.560
2015/07/01 20:30:00,1034.025,5.560
2015/07/01 20:40:00,1034.025,5.550
2015/07/01 20:50:00,1034.025,5.560
2015/07/01 21:00:00,1034.025,5.560
2015/07/01 21:10:00,1034.200,5.560
2015/07/01 21:20:00,1034.200,5.560
2015/07/01 21:30:00,1034.375,5.560
2015/07/01 21:40:00,1034.375,5.560
2015/07/01 21:50:00,1034.550,5.560
2015/07/01 22:00:00,1034.550,5.560
2015/07/01 22:10:00,1034.550,5.560
2015/07/01 22:20:00,1034.725,5.560
2015/07/01 22:30:00,1034.725,5.560
2015/07/01 22:40:00,1034.900,5.560
2015/07/01 22:50:00,1034.725,5.560
2015/07/01 23:00:00,1034.850,5.567
2015/07/01 23:10:00,1035.025,5.567
2015/07/01 23:20:00,1035.025,5.567
2015/07/01 23:30:00,1035.025,5.567
2015/07/01 23:40:00,1035.025,5.567
2015/07/01 23:50:00,1035.025,5.567
2015/07/02 00:00:00,1035.025,5.567
2015/07/02 00:10:00,1035.025,5.567
2015/07/02 00:20:00,1035.025,5.567
2015/07/02 00:30:00,1035.025,5.567
2015/07/02 00:40:00,1035.200,5.567
2015/07/02 00:50:00,1035.025,5.567
2015/07/02 01:00:00,1035.025,5.567
2015/07/02 01:10:00,1035.025,5.567
2015/07/02 01:20:00,1034.900,5.573
2015/07/02 01:30:00,1034.900,5.573
2015/07/02 01:40:00,1034.900,5.573
2015/07/02 01:50:00,1034.900,5.573
2015/07/02 02:00:00,1034.900,5.573
2015/07/02 02:10:00,1034.900,5.573
2015/07/02 02:20:00,1034.900,5.573
2015/07/02 02:30:00,1034.725,5.573
2015/07/02 02:40:00,1034.725,5.573
2015/07/02 02:50:00,1034.900,5.580
2015/07/02 03:00:00,1034.550,5.573
2015/07/02 03:10:00,1034.725,5.580
2015/07/02 03:20:00,1034.900,5.580
2015/07/02 03:30:00,1034.725,5.580
2015/07/02 03:40:00,1034.900,5.580
2015/07/02 03:50:00,1034.900,5.580
2015/07/02 04:00:00,1034.900,5.580
2015/07/02 04:10:00,1035.075,5.580
2015/07/02 04:20:00,1035.075,5.580
2015/07/02 04:30:00,1035.075,5.580
2015/07/02 04:40:00,1035.075,5.580
2015/07/02 04:50:00,1035.075,5.580
2015/07/02 05:00:00,1035.075,5.580
2015/07/02 05:10:00,1035.250,5.580
2015/07/02 05:20:00,1035.250,5.580
2015/07/02 05:30:00,1035.425,5.580
2015/07/02 05:40:00,1035.550,5.587
2015/07/02 05:50:00,1035.725,5.587
2015/07/02 06:00:00,1035.725,5.587
2015/07/02 06:10:00,1035.725,5.587
2015/07/02 06:20:00,1035.725,5.587
2015/07/02 06:30:00,1036.075,5.587
2015/07/02 06:40:00,1036.075,5.587
2015/07/02 06:50:00,1036.075,5.587
2015/07/02 07:00:00,1035.900,5.587
2015/07/02 07:10:00,1035.900,5.587
2015/07/02 07:20:00,1035.725,5.587
2015/07/02 07:30:00,1035.725,5.593
2015/07/02 07:40:00,1035.725,5.593
2015/07/02 07:50:00,1035.550,5.593
2015/07/02 08:00:00,1035.550,5.593
2015/07/02 08:10:00,1035.725,5.593
2015/07/02 08:20:00,1035.550,5.593
2015/07/02 08:30:00,1035.550,5.593
2015/07/02 08:40:00,1035.375,5.593
2015/07/02 08:50:00,1035.375,5.593
2015/07/02 09:00:00,1035.375,5.593
2015/07/02 09:10:00,1035.375,5.593
2015/07/02 09:20:00,1035.300,5.600
2015/07/02 09:30:00,1035.300,5.600
2015/07/02 09:40:00,1035.125,5.600
2015/07/02 09:50:00,1034.950,5.600
2015/07/02 10:00:00,1035.300,5.600
2015/07/02 10:10:00,1035.125,5.600
2015/07/02 10:20:00,1035.125,5.600
2015/07/02 10:30:00,1035.125,5.600
2015/07/02 10:40:00,1034.950,5.600
2015/07/02 10:50:00,1035.025,5.607
2015/07/02 11:00:00,1034.850,5.607
2015/07/02 11:10:00,1034.850,5.607
2015/07/02 11:20:00,1034.675,5.607
2015/07/02 11:30:00,1034.675,5.607
2015/07/02 11:40:00,1034.325,5.607
2015/07/02 11:50:00,1034.325,5.607
2015/07/02 12:00:00,1034.325,5.607
2015/07/02 12:10:00,1034.150,5.607
2015/07/02 12:20:00,1034.150,5.607
2015/07/02 12:30:00,1033.875,5.600
2015/07/02 12:40:00,1033.975,5.607
2015/07/02 12:50:00,1033.800,5.607
2015/07/02 13:00:00,1033.625,5.613
2015/07/02 13:10:00,1033.625,5.613
2015/07/02 13:20:00,1033.625,5.613
2015/07/02 13:30:00,1033.450,5.613
2015/07/02 13:40:00,1033.450,5.613
2015/07/02 13:50:00,1033.500,5.620
2015/07/02 14:00:00,1033.275,5.613
2015/07/02 14:10:00,1033.275,5.613
2015/07/02 14:20:00,1033.150,5.620
2015/07/02 14:30:00,1033.150,5.620
2015/07/02 14:40:00,1032.975,5.620
2015/07/02 14:50:00,1032.800,5.620
2015/07/02 15:00:00,1032.800,5.620
2015/07/02 15:10:00,1032.625,5.620
2015/07/02 15:20:00,1032.625,5.620
2015/07/02 15:30:00,1032.450,5.620
2015/07/02 15:40:00,1032.450,5.620
2015/07/02 15:50:00,1032.275,5.620
2015/07/02 16:00:00,1032.275,5.620
2015/07/02 16:10:00,1031.925,5.620
2015/07/02 16:20:00,1031.925,5.620
2015/07/02 16:30:00,1031.750,5.620
2015/07/02 16:40:00,1031.925,5.620
2015/07/02 16:50:00,1031.750,5.620
2015/07/02 17:00:00,1031.400,5.627
2015/07/02 17:10:00,1031.400,5.627
2015/07/02 17:20:00,1031.225,5.627
2015/07/02 17:30:00,1031.225,5.627
2015/07/02 17:40:00,1031.050,5.627
2015/07/02 17:50:00,1030.875,5.627
2015/07/02 18:00:00,1030.875,5.627
2015/07/02 18:10:00,1030.875,5.627
2015/07/02 18:20:00,1030.875,5.627
2015/07/02 18:30:00,1030.875,5.627
2015/07/02 18:40:00,1030.875,5.627
2015/07/02 18:50:00,1030.875,5.627
2015/07/02 19:00:00,1030.875,5.627
2015/07/02 19:10:00,1030.700,5.627
2015/07/02 19:20:00,1030.875,5.627
2015/07/02 19:30:00,1030.875,5.627
2015/07/02 19:40:00,1031.050,5.627
2015/07/02 19:50:00,1031.050,5.627
2015/07/02 20:00:00,1031.050,5.627
2015/07/02 20:10:00,1030.875,5.627
2015/07/02 20:20:00,1030.875,5.627
2015/07/02 20:30:00,1031.050,5.627
2015/07/02 20:40:00,1031.050,5.627
2015/07/02 20:50:00,1031.050,5.627
2015/07/02 21:00:00,1031.350,5.637
2015/07/02 21:10:00,1031.225,5.627
2015/07/02 21:20:00,1031.350,5.637
2015/07/02 21:30:00,1031.525,5.637
2015/07/02 21:40:00,1031.525,5.637
2015/07/02 21:50:00,1031.525,5.637
2015/07/02 22:00:00,1031.525,5.637
2015/07/02 22:10:00,1031.350,5.637
2015/07/02 22:20:00,1031.175,5.637
2015/07/02 22:30:00,1031.175,5.637
2015/07/02 22:40:00,1031.000,5.637
2015/07/02 22:50:00,1031.000,5.637
2015/07/02 23:00:00,1031.000,5.637
2015/07/02 23:10:00,1030.825,5.637
2015/07/02 23:20:00,1030.650,5.637
2015/07/02 23:30:00,1030.825,5.637
2015/07/02 23:40:00,1030.825,5.637
2015/07/02 23:50:00,1030.875,5.643
2015/07/03 00:00:00,1031.050,5.643
2015/07/03 00:10:00,1031.050,5.643
2015/07/03 00:20:00,1031.050,5.643
2015/07/03 00:30:00,1031.225,5.643
2015/07/03 00:40:00,1031.050,5.643
2015/07/03 00:50:00,1031.225,5.643
2015/07/03 01:00:00,1031.050,5.643
2015/07/03 01:10:00,1030.875,5.643
2015/07/03 01:20:00,1031.050,5.643
2015/07/03 01:30:00,1031.050,5.643
2015/07/03 01:40:00,1030.875,5.643
2015/07/03 01:50:00,1030.875,5.643
2015/07/03 02:00:00,1030.700,5.643
2015/07/03 02:10:00,1030.700,5.643
2015/07/03 02:20:00,1030.700,5.643
2015/07/03 02:30:00,1030.875,5.643
2015/07/03 02:40:00,1031.000,5.650
2015/07/03 02:50:00,1030.825,5.650
2015/07/03 03:00:00,1030.825,5.650
2015/07/03 03:10:00,1030.650,5.650
2015/07/03 03:20:00,1030.825,5.650
2015/07/03 03:30:00,1030.825,5.650
2015/07/03 03:40:00,1030.650,5.650
2015/07/03 03:50:00,1030.825,5.650
2015/07/03 04:00:00,1030.825,5.650
2015/07/03 04:10:00,1030.650,5.650
2015/07/03 04:20:00,1030.825,5.657
2015/07/03 04:30:00,1030.825,5.650
2015/07/03 04:40:00,1030.825,5.650
2015/07/03 04:50:00,1031.000,5.650
2015/07/03 05:00:00,1031.175,5.657
2015/07/03 05:10:00,1031.175,5.657
2015/07/03 05:20:00,1031.350,5.657
2015/07/03 05:30:00,1031.525,5.657
2015/07/03 05:40:00,1031.525,5.657
2015/07/03 05:50:00,1031.525,5.657
2015/07/03 06:00:00,1031.525,5.657
2015/07/03 06:10:00,1031.700,5.657
2015/07/03 06:20:00,1031.525,5.657
2015/07/03 06:30:00,1031.700,5.663
2015/07/03 06:40:00,1031.875,5.663
2015/07/03 06:50:00,1031.875,5.663
2015/07/03 07:00:00,1031.875,5.663
2015/07/03 07:10:00,1031.875,5.663
2015/07/03 07:20:00,1031.875,5.663
2015/07/03 07:30:00,1032.050,5.663
2015/07/03 07:40:00,1031.875,5.663
2015/07/03 07:50:00,1031.750,5.670
2015/07/03 08:00:00,1031.750,5.670
2015/07/03 08:10:00,1031.750,5.670
2015/07/03 08:20:00,1031.750,5.670
2015/07/03 08:30:00,1031.750,5.670
2015/07/03 08:40:00,1031.575,5.670
2015/07/03 08:50:00,1031.575,5.670
2015/07/03 09:00:00,1031.400,5.670
2015/07/03 09:10:00,1031.575,5.677
2015/07/03 09:20:00,1031.400,5.677
2015/07/03 09:30:00,1031.400,5.677
2015/07/03 09:40:00,1031.400,5.677
2015/07/03 09:50:00,1031.400,5.677
2015/07/03 10:00:00,1031.225,5.677
2015/07/03 10:10:00,1031.225,5.677
2015/07/03 10:20:00,1031.050,5.677
2015/07/03 10:30:00,1030.875,5.677
2015/07/03 10:40:00,1030.875,5.677
2015/07/03 10:50:00,1031.000,5.683
2015/07/03 11:00:00,1030.825,5.683
2015/07/03 11:10:00,1030.825,5.683
2015/07/03 11:20:00,1030.650,5.683
2015/07/03 11:30:00,1030.650,5.683
2015/07/03 11:40:00,1030.475,5.683
2015/07/03 11:50:00,1030.475,5.683
2015/07/03 12:00:00,1030.300,5.683
2015/07/03 12:10:00,1030.300,5.690
2015/07/03 12:20:00,1030.125,5.690
2015/07/03 12:30:00,1030.125,5.690
2015/07/03 12:40:00,1029.950,5.690
2015/07/03 12:50:00,1029.775,5.690
2015/07/03 13:00:00,1029.775,5.690
2015/07/03 13:10:00,1029.775,5.690
2015/07/03 13:20:00,1029.600,5.690
2015/07/03 13:30:00,1029.600,5.690
2015/07/03 13:40:00,1029.425,5.690
2015/07/03 13:50:00,1029.425,5.690
2015/07/03 14:00:00,1029.425,5.690
2015/07/03 14:10:00,1029.275,5.697
2015/07/03 14:20:00,1029.275,5.697
2015/07/03 14:30:00,1029.250,5.690
2015/07/03 14:40:00,1029.100,5.697
2015/07/03 14:50:00,1028.925,5.697
2015/07/03 15:00:00,1029.100,5.697
2015/07/03 15:10:00,1029.100,5.697
2015/07/03 15:20:00,1029.100,5.697
2015/07/03 15:30:00,1029.100,5.697
2015/07/03 15:40:00,1028.925,5.697
2015/07/03 15:50:00,1028.925,5.697
2015/07/03 16:00:00,1028.750,5.697
2015/07/03 16:10:00,1028.750,5.697
2015/07/03 16:20:00,1028.750,5.697
2015/07/03 16:30:00,1028.750,5.697
2015/07/03 16:40:00,1028.750,5.697
2015/07/03 16:50:00,1028.750,5.697
2015/07/03 17:00:00,1028.575,5.697
2015/07/03 17:10:00,1028.750,5.703
2015/07/03 17:20:00,1028.750,5.703
2015/07/03 17:30:00,1028.750,5.697
2015/07/03 17:40:00,1028.575,5.697
2015/07/03 17:50:00,1028.575,5.697
2015/07/03 18:00:00,1028.575,5.703
2015/07/03 18:10:00,1028.575,5.703
2015/07/03 18:20:00,1028.750,5.703
2015/07/03 18:30:00,1028.750,5.703
2015/07/03 18:40:00,1028.750,5.703
2015/07/03 18:50:00,1028.750,5.703
2015/07/03 19:00:00,1028.750,5.703
2015/07/03 19:10:00,1028.750,5.703
2015/07/03 19:20:00,1028.750,5.703
2015/07/03 19:30:00,1028.750,5.703
2015/07/03 19:40:00,1028.750,5.703
2015/07/03 19:50:00,1028.925,5.703
2015/07/03 20:00:00,1028.925,5.703
2015/07/03 20:10:00,1028.925,5.703
2015/07/03 20:20:00,1028.925,5.703
2015/07/03 20:30:00,1028.925,5.703
2015/07/03 20:40:00,1029.100,5.703
2015/07/03 20:50:00,1029.100,5.703
2015/07/03 21:00:00,1029.275,5.703
2015/07/03 21:10:00,1029.275,5.703
2015/07/03 21:20:00,1029.275,5.703
2015/07/03 21:30:00,1029.450,5.703
2015/07/03 21:40:00,1029.775,5.710
2015/07/03 21:50:00,1029.950,5.710
2015/07/03 22:00:00,1029.950,5.710
2015/07/03 22:10:00,1030.125,5.710
2015/07/03 22:20:00,1030.300,5.710
2015/07/03 22:30:00,1030.300,5.710
2015/07/03 22:40:00,1030.300,5.710
2015/07/03 22:50:00,1030.475,5.710
2015/07/03 23:00:00,1030.475,5.710
2015/07/03 23:10:00,1030.650,5.710
2015/07/03 23:20:00,1030.650,5.710
2015/07/03 23:30:00,1030.650,5.710
2015/07/03 23:40:00,1030.825,5.710
2015/07/03 23:50:00,1030.700,5.720
2015/07/04 00:00:00,1030.875,5.720
2015/07/04 00:10:00,1030.875,5.720
2015/07/04 00:20:00,1031.050,5.720
2015/07/04 00:30:00,1031.050,5.720
2015/07/04 00:40:00,1031.050,5.720
2015/07/04 00:50:00,1031.225,5.720
2015/07/04 01:00:00,1031.225,5.720
2015/07/04 01:10:00,1031.050,5.720
2015/07/04 01:20:00,1031.050,5.720
2015/07/04 01:30:00,1031.050,5.720
2015/07/04 01:40:00,1031.225,5.720
2015/07/04 01:50:00,1031.225,5.720
2015/07/04 02:00:00,1031.225,5.720
2015/07/04 02:10:00,1031.225,5.720
2015/07/04 02:20:00,1031.225,5.720
2015/07/04 02:30:00,1031.050,5.720
2015/07/04 02:40:00,1031.225,5.720
2015/07/04 02:50:00,1031.225,5.720
2015/07/04 03:00:00,1031.350,5.727
2015/07/04 03:10:00,1031.350,5.727
2015/07/04 03:20:00,1031.525,5.727
2015/07/04 03:30:00,1031.525,5.727
2015/07/04 03:40:00,1031.525,5.727
2015/07/04 03:50:00,1031.700,5.727
2015/07/04 04:00:00,1031.525,5.727
2015/07/04 04:10:00,1031.700,5.727
2015/07/04 04:20:00,1031.525,5.727
2015/07/04 04:30:00,1031.700,5.727
2015/07/04 04:40:00,1031.700,5.727
2015/07/04 04:50:00,1031.700,5.727
2015/07/04 05:00:00,1031.700,5.733
2015/07/04 05:10:00,1031.875,5.733
2015/07/04 05:20:00,1031.875,5.733
2015/07/04 05:30:00,1031.875,5.733
2015/07/04 05:40:00,1031.875,5.733
2015/07/04 05:50:00,1031.875,5.733
2015/07/04 06:00:00,1032.050,5.733
2015/07/04 06:10:00,1032.050,5.733
2015/07/04 06:20:00,1032.225,5.733
2015/07/04 06:30:00,1032.100,5.740
2015/07/04 06:40:00,1032.450,5.740
2015/07/04 06:50:00,1032.275,5.740
2015/07/04 07:00:00,1032.275,5.740
2015/07/04 07:10:00,1032.275,5.740
2015/07/04 07:20:00,1032.275,5.740
2015/07/04 07:30:00,1032.275,5.740
2015/07/04 07:40:00,1032.450,5.740
2015/07/04 07:50:00,1032.275,5.740
2015/07/04 08:00:00,1032.450,5.740
2015/07/04 08:10:00,1032.100,5.740
2015/07/04 08:20:00,1032.100,5.740
2015/07/04 08:30:00,1031.925,5.740
2015/07/04 08:40:00,1032.100,5.740
2015/07/04 08:50:00,1032.100,5.740
2015/07/04 09:00:00,1032.100,5.747
2015/07/04 09:10:00,1031.750,5.747
2015/07/04 09:20:00,1031.750,5.747
2015/07/04 09:30:00,1031.750,5.747
2015/07/04 09:40:00,1031.750,5.747
2015/07/04 09:50:00,1031.750,5.747
2015/07/04 10:00:00,1031.750,5.747
2015/07/04 10:10:00,1031.875,5.753
2015/07/04 10:20:00,1031.700,5.753
2015/07/04 10:30:00,1031.525,5.753
2015/07/04 10:40:00,1031.350,5.753
2015/07/04 10:50:00,1031.350,5.753
2015/07/04 11:00:00,1031.350,5.753
2015/07/04 11:10:00,1031.175,5.753
2015/07/04 11:20:00,1031.000,5.753
2015/07/04 11:30:00,1030.825,5.753
2015/07/04 11:40:00,1030.825,5.760
2015/07/04 11:50:00,1030.650,5.760
2015/07/04 12:00:00,1030.475,5.760
2015/07/04 12:10:00,1030.300,5.760
2015/07/04 12:20:00,1030.300,5.760
2015/07/04 12:30:00,1029.950,5.760
2015/07/04 12:40:00,1029.775,5.760
2015/07/04 12:50:00,1029.775,5.760
2015/07/04 13:00:00,1029.775,5.760
2015/07/04 13:10:00,1029.775,5.760
2015/07/04 13:20:00,1029.600,5.767
2015/07/04 13:30:00,1029.775,5.767
2015/07/04 13:40:00,1029.425,5.767
2015/07/04 13:50:00,1029.425,5.767
2015/07/04 14:00:00,1029.250,5.767
2015/07/04 14:10:00,1029.425,5.767
2015/07/04 14:20:00,1029.250,5.767
2015/07/04 14:30:00,1028.900,5.767
2015/07/04 14:40:00,1029.075,5.767
2015/07/04 14:50:00,1029.075,5.767
2015/07/04 15:00:00,1028.900,5.767
2015/07/04 15:10:00,1028.900,5.767
2015/07/04 15:20:00,1028.550,5.767
2015/07/04 15:30:00,1028.550,5.767
2015/07/04 15:40:00,1028.550,5.767
2015/07/04 15:50:00,1028.550,5.767
2015/07/04 16:00:00,1028.550,5.767
2015/07/04 16:10:00,1028.375,5.767
2015/07/04 16:20:00,1028.200,5.767
2015/07/04 16:30:00,1028.200,5.767
2015/07/04 16:40:00,1028.200,5.767
2015/07/04 16:50:00,1027.875,5.773
2015/07/04 17:00:00,1028.050,5.773
2015/07/04 17:10:00,1027.700,5.773
2015/07/04 17:20:00,1027.875,5.773
2015/07/04 17:30:00,1027.700,5.773
2015/07/04 17:40:00,1027.525,5.773
2015/07/04 17:50:00,1027.525,5.773
2015/07/04 18:00:00,1027.350,5.773
2015/07/04 18:10:00,1027.175,5.773
2015/07/04 18:20:00,1027.175,5.773
2015/07/04 18:30:00,1027.000,5.773
2015/07/04 18:40:00,1026.825,5.773
2015/07/04 18:50:00,1027.000,5.773
2015/07/04 19:00:00,1026.825,5.773
2015/07/04 19:10:00,1026.650,5.773
2015/07/04 19:20:00,1026.650,5.773
2015/07/04 19:30:00,1026.475,5.773
2015/07/04 19:40:00,1026.650,5.773
2015/07/04 19:50:00,1026.650,5.773
2015/07/04 20:00:00,1026.475,5.773
2015/07/04 20:10:00,1026.475,5.773
2015/07/04 20:20:00,1026.300,5.773
2015/07/04 20:30:00,1026.650,5.773
2015/07/04 20:40:00,1026.650,5.773
2015/07/04 20:50:00,1027.000,5.780
2015/07/04 21:00:00,1027.175,5.780
2015/07/04 21:10:00,1027.700,5.780
2015/07/04 21:20:00,1027.875,5.780
2015/07/04 21:30:00,1028.050,5.780
2015/07/04 21:40:00,1028.050,5.780
2015/07/04 21:50:00,1028.575,5.780
2015/07/04 22:00:00,1028.750,5.780
2015/07/04 22:10:00,1028.925,5.780
2015/07/04 22:20:00,1029.100,5.780
2015/07/04 22:30:00,1029.100,5.780
2015/07/04 22:40:00,1029.100,5.780
2015/07/04 22:50:00,1029.100,5.780
2015/07/04 23:00:00,1029.100,5.780
2015/07/04 23:10:00,1029.100,5.780
2015/07/04 23:20:00,1029.100,5.780
2015/07/04 23:30:00,1028.925,5.780
2015/07/04 23:40:00,1028.925,5.780
2015/07/04 23:50:00,1028.750,5.780
2015/07/05 00:00:00,1028.575,5.780
2015/07/05 00:10:00,1028.550,5.787
2015/07/05 00:20:00,1028.225,5.780
2015/07/05 00:30:00,1028.375,5.787
2015/07/05 00:40:00,1028.200,5.787
2015/07/05 00:50:00,1028.550,5.787
2015/07/05 01:00:00,1028.375,5.787
2015/07/05 01:10:00,1028.550,5.787
2015/07/05 01:20:00,1028.550,5.787
2015/07/05 01:30:00,1028.725,5.787
2015/07/05 01:40:00,1028.725,5.787
2015/07/05 01:50:00,1028.725,5.797
2015/07/05 02:00:00,1028.900,5.787
2015/07/05 02:10:00,1028.900,5.797
2015/07/05 02:20:00,1029.075,5.797
2015/07/05 02:30:00,1029.075,5.797
2015/07/05 02:40:00,1029.250,5.797
2015/07/05 02:50:00,1029.250,5.797
2015/07/05 03:00:00,1029.425,5.797
2015/07/05 03:10:00,1029.425,5.797
2015/07/05 03:20:00,1029.600,5.797
2015/07/05 03:30:00,1029.775,5.803
2015/07/05 03:40:00,1029.775,5.803
2015/07/05 03:50:00,1029.775,5.803
2015/07/05 04:00:00,1029.775,5.803
2015/07/05 04:10:00,1029.775,5.803
2015/07/05 04:20:00,1029.600,5.803
2015/07/05 04:30:00,1029.600,5.803
2015/07/05 04:40:00,1029.425,5.803
2015/07/05 04:50:00,1029.425,5.803
2015/07/05 05:00:00,1029.425,5.803
2015/07/05 05:10:00,1029.250,5.803
2015/07/05 05:20:00,1029.425,5.803
2015/07/05 05:30:00,1029.250,5.803
2015/07/05 05:40:00,1029.250,5.803
2015/07/05 05:50:00,1028.925,5.810
2015/07/05 06:00:00,1029.100,5.810
2015/07/05 06:10:00,1029.100,5.810
2015/07/05 06:20:00,1029.100,5.810
2015/07/05 06:30:00,1028.750,5.810
2015/07/05 06:40:00,1028.750,5.810
2015/07/05 06:50:00,1028.750,5.810
2015/07/05 07:00:00,1028.925,5.810
2015/07/05 07:10:00,1028.925,5.817
2015/07/05 07:20:00,1028.750,5.817
2015/07/05 07:30:00,1028.575,5.817
2015/07/05 07:40:00,1028.575,5.817
2015/07/05 07:50:00,1028.575,5.817
2015/07/05 08:00:00,1028.400,5.817
2015/07/05 08:10:00,1028.400,5.817
2015/07/05 08:20:00,1028.225,5.817
2015/07/05 08:30:00,1028.400,5.817
2015/07/05 08:40:00,1028.400,5.823
2015/07/05 08:50:00,1028.225,5.823
2015/07/05 09:00:00,1028.400,5.823
2015/07/05 09:10:00,1028.400,5.823
2015/07/05 09:20:00,1028.050,5.823
2015/07/05 09:30:00,1028.050,5.823
2015/07/05 09:40:00,1027.875,5.823
2015/07/05 09:50:00,1027.525,5.823
2015/07/05 10:00:00,1027.175,5.823
2015/07/05 10:10:00,1027.175,5.823
2015/07/05 10:20:00,1026.825,5.823
2015/07/05 10:30:00,1026.650,5.823
2015/07/05 10:40:00,1026.625,5.830
2015/07/05 10:50:00,1026.800,5.830
2015/07/05 11:00:00,1026.625,5.830
2015/07/05 11:10:00,1026.450,5.830
2015/07/05 11:20:00,1026.450,5.830
2015/07/05 11:30:00,1026.275,5.837
2015/07/05 11:40:00,1026.100,5.837
2015/07/05 11:50:00,1026.275,5.837
2015/07/05 12:00:00,1026.100,5.837
2015/07/05 12:10:00,1026.100,5.837
2015/07/05 12:20:00,1025.925,5.837
2015/07/05 12:30:00,1025.925,5.837
2015/07/05 12:40:00,1025.925,5.837
2015/07/05 12:50:00,1026.100,5.837
2015/07/05 13:00:00,1026.100,5.837
2015/07/05 13:10:00,1025.600,5.843
2015/07/05 13:20:00,1025.750,5.837
2015/07/05 13:30:00,1025.600,5.843
2015/07/05 13:40:00,1025.575,5.837
2015/07/05 13:50:00,1025.575,5.837
2015/07/05 14:00:00,1025.250,5.843
2015/07/05 14:10:00,1025.225,5.837
2015/07/05 14:20:00,1024.900,5.843
2015/07/05 14:30:00,1024.875,5.837
2015/07/05 14:40:00,1024.725,5.843
2015/07/05 14:50:00,1024.550,5.843
2015/07/05 15:00:00,1024.375,5.843
2015/07/05 15:10:00,1024.025,5.843
2015/07/05 15:20:00,1023.850,5.843
2015/07/05 15:30:00,1024.025,5.843
2015/07/05 15:40:00,1023.850,5.843
2015/07/05 15:50:00,1023.850,5.843
2015/07/05 16:00:00,1023.500,5.843
2015/07/05 16:10:00,1023.500,5.843
2015/07/05 16:20:00,1023.500,5.843
2015/07/05 16:30:00,1023.150,5.843
2015/07/05 16:40:00,1023.150,5.843
2015/07/05 16:50:00,1022.975,5.843
2015/07/05 17:00:00,1022.975,5.843
2015/07/05 17:10:00,1022.625,5.843
2015/07/05 17:20:00,1022.625,5.843
2015/07/05 17:30:00,1022.800,5.843
2015/07/05 17:40:00,1022.625,5.843
2015/07/05 17:50:00,1022.450,5.843
2015/07/05 18:00:00,1022.275,5.843
2015/07/05 18:10:00,1022.275,5.843
2015/07/05 18:20:00,1022.275,5.850
2015/07/05 18:30:00,1022.100,5.850
2015/07/05 18:40:00,1022.100,5.850
2015/07/05 18:50:00,1021.750,5.850
2015/07/05 19:00:00,1021.925,5.850
2015/07/05 19:10:00,1021.925,5.850
2015/07/05 19:20:00,1021.750,5.850
2015/07/05 19:30:00,1021.750,5.850
2015/07/05 19:40:00,1022.100,5.850
2015/07/05 19:50:00,1021.750,5.850
2015/07/05 20:00:00,1021.575,5.850
2015/07/05 20:10:00,1021.575,5.850
2015/07/05 20:20:00,1021.050,5.850
2015/07/05 20:30:00,1021.575,5.850
2015/07/05 20:40:00,1021.750,5.850
2015/07/05 20:50:00,1021.575,5.850
2015/07/05 21:00:00,1021.575,5.850
2015/07/05 21:10:00,1021.575,5.850
2015/07/05 21:20:00,1022.275,5.850
2015/07/05 21:30:00,1023.300,5.857
2015/07/05 21:40:00,1023.850,5.850
2015/07/05 21:50:00,1024.025,5.850
2015/07/05 22:00:00,1024.550,5.843
2015/07/05 22:10:00,1024.550,5.843
2015/07/05 22:20:00,1024.900,5.843
2015/07/05 22:30:00,1024.550,5.843
2015/07/05 22:40:00,1025.075,5.843
2015/07/05 22:50:00,1024.900,5.843
2015/07/05 23:00:00,1024.900,5.843
2015/07/05 23:10:00,1025.425,5.850
2015/07/05 23:20:00,1025.600,5.850
2015/07/05 23:30:00,1025.600,5.850
2015/07/05 23:40:00,1025.775,5.850
2015/07/05 23:50:00,1025.775,5.850
2015/07/06 00:00:00,1026.450,5.857
2015/07/06 00:10:00,1026.625,5.857
2015/07/06 00:20:00,1026.800,5.857
2015/07/06 00:30:00,1027.325,5.857
2015/07/06 00:40:00,1027.675,5.863
2015/07/06 00:50:00,1027.675,5.857
2015/07/06 01:00:00,1027.500,5.857
2015/07/06 01:10:00,1027.500,5.857
2015/07/06 01:20:00,1027.500,5.857
2015/07/06 01:30:00,1027.500,5.857
2015/07/06 01:40:00,1027.675,5.863
2015/07/06 01:50:00,1027.850,5.863
2015/07/06 02:00:00,1028.025,5.863
2015/07/06 02:10:00,1027.850,5.863
2015/07/06 02:20:00,1028.025,5.863
2015/07/06 02:30:00,1028.025,5.863
2015/07/06 02:40:00,1028.200,5.863
2015/07/06 02:50:00,1027.850,5.863
2015/07/06 03:00:00,1028.025,5.863
2015/07/06 03:10:00,1027.850,5.863
2015/07/06 03:20:00,1027.675,5.863
2015/07/06 03:30:00,1027.675,5.863
2015/07/06 03:40:00,1027.675,5.863
2015/07/06 03:50:00,1027.500,5.873
2015/07/06 04:00:00,1027.850,5.873
2015/07/06 04:10:00,1027.675,5.873
2015/07/06 04:20:00,1027.675,5.873
2015/07/06 04:30:00,1027.675,5.873
2015/07/06 04:40:00,1028.025,5.873
2015/07/06 04:50:00,1028.375,5.873
2015/07/06 05:00:00,1028.375,5.873
2015/07/06 05:10:00,1028.550,5.880
2015/07/06 05:20:00,1028.725,5.880
2015/07/06 05:30:00,1028.725,5.880
2015/07/06 05:40:00,1028.900,5.880
2015/07/06 05:50:00,1028.900,5.880
2015/07/06 06:00:00,1029.075,5.880
2015/07/06 06:10:00,1029.425,5.880
2015/07/06 06:20:00,1029.600,5.880
2015/07/06 06:30:00,1029.775,5.880
2015/07/06 06:40:00,1029.775,5.880
2015/07/06 06:50:00,1029.775,5.880
2015/07/06 07:00:00,1029.775,5.880
2015/07/06 07:10:00,1029.950,5.880
2015/07/06 07:20:00,1029.950,5.880
2015/07/06 07:30:00,1030.000,5.887
2015/07/06 07:40:00,1029.775,5.880
2015/07/06 07:50:00,1029.800,5.887
2015/07/06 08:00:00,1029.800,5.887
2015/07/06 08:10:00,1029.800,5.887
2015/07/06 08:20:00,1030.175,5.887
2015/07/06 08:30:00,1030.000,5.887
2015/07/06 08:40:00,1030.000,5.887
2015/07/06 08:50:00,1030.175,5.887
2015/07/06 09:00:00,1030.175,5.887
2015/07/06 09:10:00,1030.175,5.887
2015/07/06 09:20:00,1030.175,5.893
2015/07/06 09:30:00,1030.350,5.893
2015/07/06 09:40:00,1030.350,5.893
2015/07/06 09:50:00,1030.350,5.893
2015/07/06 10:00:00,1030.350,5.893
2015/07/06 10:10:00,1030.525,5.893
2015/07/06 10:20:00,1030.700,5.893
2015/07/06 10:30:00,1030.875,5.893
2015/07/06 10:40:00,1030.875,5.893
2015/07/06 10:50:00,1030.875,5.893
2015/07/06 11:00:00,1030.875,5.893
2015/07/06 11:10:00,1031.225,5.893
2015/07/06 11:20:00,1031.350,5.900
2015/07/06 11:30:00,1031.350,5.900
2015/07/06 11:40:00,1031.350,5.900
2015/07/06 11:50:00,1031.350,5.900
2015/07/06 12:00:00,1031.525,5.900
2015/07/06 12:10:00,1031.700,5.900
2015/07/06 12:20:00,1031.700,5.900
2015/07/06 12:30:00,1031.875,5.900
2015/07/06 12:40:00,1031.875,5.900
2015/07/06 12:50:00,1031.875,5.900
2015/07/06 13:00:00,1032.050,5.900
2015/07/06 13:10:00,1031.875,5.907
2015/07/06 13:20:00,1031.875,5.907
2015/07/06 13:30:00,1032.225,5.907
2015/07/06 13:40:00,1031.875,5.907
2015/07/06 13:50:00,1032.050,5.907
2015/07/06 14:00:00,1032.225,5.907
2015/07/06 14:10:00,1032.050,5.907
2015/07/06 14:20:00,1032.050,5.907
2015/07/06 14:30:00,1032.050,5.907
2015/07/06 14:40:00,1031.750,5.913
2015/07/06 14:50:00,1031.925,5.913
2015/07/06 15:00:00,1031.925,5.913
2015/07/06 15:10:00,1031.925,5.913
2015/07/06 15:20:00,1031.750,5.913
2015/07/06 15:30:00,1031.925,5.913
2015/07/06 15:40:00,1031.925,5.913
2015/07/06 15:50:00,1032.100,5.920
2015/07/06 16:00:00,1031.925,5.920
2015/07/06 16:10:00,1032.100,5.920
2015/07/06 16:20:00,1032.100,5.920
2015/07/06 16:30:00,1031.925,5.920
2015/07/06 16:40:00,1032.100,5.920
2015/07/06 16:50:00,1031.925,5.920
2015/07/06 17:00:00,1032.100,5.920
2015/07/06 17:10:00,1032.100,5.920
2015/07/06 17:20:00,1032.100,5.920
2015/07/06 17:30:00,1032.100,5.927
2015/07/06 17:40:00,1032.100,5.920
2015/07/06 17:50:00,1032.100,5.920
2015/07/06 18:00:00,1032.100,5.927
2015/07/06 18:10:00,1032.275,5.927
2015/07/06 18:20:00,1032.450,5.927
2015/07/06 18:30:00,1032.450,5.927
2015/07/06 18:40:00,1032.450,5.927
2015/07/06 18:50:00,1032.450,5.927
2015/07/06 19:00:00,1032.450,5.927
2015/07/06 19:10:00,1032.625,5.927
2015/07/06 19:20:00,1032.800,5.927
2015/07/06 19:30:00,1032.975,5.927
2015/07/06 19:40:00,1032.800,5.927
2015/07/06 19:50:00,1032.975,5.927
2015/07/06 20:00:00,1032.975,5.927
2015/07/06 20:10:00,1032.975,5.927
2015/07/06 20:20:00,1032.975,5.927
2015/07/06 20:30:00,1032.800,5.927
2015/07/06 20:40:00,1032.800,5.927
2015/07/06 20:50:00,1032.975,5.927
2015/07/06 21:00:00,1032.975,5.927
2015/07/06 21:10:00,1033.150,5.927
2015/07/06 21:20:00,1033.450,5.933
2015/07/06 21:30:00,1033.450,5.933
2015/07/06 21:40:00,1033.625,5.933
2015/07/06 21:50:00,1033.800,5.933
2015/07/06 22:00:00,1034.150,5.933
2015/07/06 22:10:00,1033.975,5.933
2015/07/06 22:20:00,1034.150,5.933
2015/07/06 22:30:00,1034.325,5.933
2015/07/06 22:40:00,1034.500,5.933
2015/07/06 22:50:00,1034.500,5.933
2015/07/06 23:00:00,1034.500,5.933
2015/07/06 23:10:00,1034.675,5.933
2015/07/06 23:20:00,1034.675,5.933
2015/07/06 23:30:00,1034.500,5.933
2015/07/06 23:40:00,1034.675,5.933
2015/07/06 23:50:00,1034.675,5.933
2015/07/07 00:00:00,1034.550,5.940
2015/07/07 00:10:00,1034.725,5.940
2015/07/07 00:20:00,1034.900,5.940
2015/07/07 00:30:00,1034.900,5.940
2015/07/07 00:40:00,1034.725,5.940
2015/07/07 00:50:00,1034.725,5.940
2015/07/07 01:00:00,1034.725,5.940
2015/07/07 01:10:00,1034.725,5.940
2015/07/07 01:20:00,1034.725,5.940
2015/07/07 01:30:00,1034.725,5.940
2015/07/07 01:40:00,1034.725,5.940
2015/07/07 01:50:00,1034.725,5.940
2015/07/07 02:00:00,1034.725,5.940
2015/07/07 02:10:00,1034.550,5.940
2015/07/07 02:20:00,1034.725,5.940
2015/07/07 02:30:00,1034.725,5.940
2015/07/07 02:40:00,1034.900,5.940
2015/07/07 02:50:00,1034.900,5.947
2015/07/07 03:00:00,1035.075,5.947
2015/07/07 03:10:00,1035.075,5.947
2015/07/07 03:20:00,1035.250,5.947
2015/07/07 03:30:00,1035.250,5.947
2015/07/07 03:40:00,1035.250,5.947
2015/07/07 03:50:00,1035.250,5.947
2015/07/07 04:00:00,1035.425,5.947
2015/07/07 04:10:00,1035.600,5.947
2015/07/07 04:20:00,1035.775,5.957
2015/07/07 04:30:00,1035.775,5.947
2015/07/07 04:40:00,1035.950,5.957
2015/07/07 04:50:00,1035.950,5.957
2015/07/07 05:00:00,1036.125,5.957
2015/07/07 05:10:00,1036.300,5.957
2015/07/07 05:20:00,1036.300,5.957
2015/07/07 05:30:00,1036.300,5.957
2015/07/07 05:40:00,1036.475,5.957
2015/07/07 05:50:00,1036.300,5.957
2015/07/07 06:00:00,1036.475,5.957
2015/07/07 06:10:00,1036.475,5.957
2015/07/07 06:20:00,1036.650,5.957
2015/07/07 06:30:00,1036.475,5.957
2015/07/07 06:40:00,1036.650,5.957
2015/07/07 06:50:00,1036.650,5.963
2015/07/07 07:00:00,1036.825,5.963
2015/07/07 07:10:00,1037.000,5.963
2015/07/07 07:20:00,1037.000,5.963
2015/07/07 07:30:00,1037.175,5.963
2015/07/07 07:40:00,1037.175,5.963
2015/07/07 07:50:00,1037.350,5.963
2015/07/07 08:00:00,1037.350,5.963
2015/07/07 08:10:00,1037.350,5.970
2015/07/07 08:20:00,1037.350,5.963
2015/07/07 08:30:00,1037.350,5.963
2015/07/07 08:40:00,1037.350,5.970
2015/07/07 08:50:00,1037.525,5.970
2015/07/07 09:00:00,1037.350,5.970
2015/07/07 09:10:00,1037.350,5.970
2015/07/07 09:20:00,1037.350,5.970
2015/07/07 09:30:00,1037.350,5.970
2015/07/07 09:40:00,1037.175,5.970
2015/07/07 09:50:00,1037.175,5.970
2015/07/07 10:00:00,1037.175,5.970
2015/07/07 10:10:00,1036.950,5.977
2015/07/07 10:20:00,1036.950,5.977
2015/07/07 10:30:00,1036.950,5.977
2015/07/07 10:40:00,1036.950,5.977
2015/07/07 10:50:00,1036.950,5.977
2015/07/07 11:00:00,1036.775,5.977
2015/07/07 11:10:00,1036.600,5.977
2015/07/07 11:20:00,1036.600,5.977
2015/07/07 11:30:00,1036.600,5.977
2015/07/07 11:40:00,1036.425,5.977
2015/07/07 11:50:00,1036.250,5.977
2015/07/07 12:00:00,1036.250,5.977
2015/07/07 12:10:00,1035.900,5.977
2015/07/07 12:20:00,1035.900,5.977
2015/07/07 12:30:00,1035.725,5.977
2015/07/07 12:40:00,1035.725,5.977
2015/07/07 12:50:00,1035.725,5.977
2015/07/07 13:00:00,1035.250,5.983
2015/07/07 13:10:00,1035.250,5.983
2015/07/07 13:20:00,1035.075,5.983
2015/07/07 13:30:00,1034.900,5.983
2015/07/07 13:40:00,1034.725,5.983
2015/07/07 13:50:00,1034.550,5.983
2015/07/07 14:00:00,1034.550,5.983
2015/07/07 14:10:00,1034.550,5.983
2015/07/07 14:20:00,1034.375,5.983
2015/07/07 14:30:00,1034.200,5.983
2015/07/07 14:40:00,1034.025,5.983
2015/07/07 14:50:00,1034.025,5.983
2015/07/07 15:00:00,1033.850,5.983
2015/07/07 15:10:00,1033.675,5.990
2015/07/07 15:20:00,1033.850,5.990
2015/07/07 15:30:00,1033.850,5.990
2015/07/07 15:40:00,1033.675,5.990
2015/07/07 15:50:00,1033.325,5.990
2015/07/07 16:00:00,1033.325,5.990
2015/07/07 16:10:00,1033.325,5.990
2015/07/07 16:20:00,1033.150,5.990
2015/07/07 16:30:00,1033.150,5.990
2015/07/07 16:40:00,1033.150,5.990
2015/07/07 16:50:00,1033.150,5.990
2015/07/07 17:00:00,1032.975,5.990
2015/07/07 17:10:00,1032.975,5.990
2015/07/07 17:20:00,1032.975,5.990
2015/07/07 17:30:00,1032.975,5.990
2015/07/07 17:40:00,1032.800,5.990
2015/07/07 17:50:00,1032.625,5.990
2015/07/07 18:00:00,1032.800,5.990
2015/07/07 18:10:00,1032.625,5.990
2015/07/07 18:20:00,1032.625,5.990
2015/07/07 18:30:00,1032.625,5.990
2015/07/07 18:40:00,1032.625,5.990
2015/07/07 18:50:00,1032.625,5.990
2015/07/07 19:00:00,1032.625,5.990
2015/07/07 19:10:00,1032.625,5.990
2015/07/07 19:20:00,1032.800,5.990
2015/07/07 19:30:00,1032.800,5.990
2015/07/07 19:40:00,1032.625,5.990
2015/07/07 19:50:00,1032.625,5.990
2015/07/07 20:00:00,1032.625,5.990
2015/07/07 20:10:00,1032.625,5.990
2015/07/07 20:20:00,1032.450,5.963
2015/07/07 20:30:00,1032.625,5.963
2015/07/07 20:40:00,1032.925,5.977
2015/07/07 20:50:00,1032.800,5.983
2015/07/07 21:00:00,1032.625,5.990
2015/07/07 21:10:00,1032.800,5.990
2015/07/07 21:20:00,1032.975,5.990
2015/07/07 21:30:00,1032.975,5.990
2015/07/07 21:40:00,1033.150,5.997
2015/07/07 21:50:00,1033.325,5.997
2015/07/07 22:00:00,1033.325,5.997
2015/07/07 22:10:00,1033.325,5.997
2015/07/07 22:20:00,1033.325,5.997
2015/07/07 22:30:00,1033.325,5.997
2015/07/07 22:40:00,1033.325,5.997
2015/07/07 22:50:00,1033.325,5.997
2015/07/07 23:00:00,1033.325,5.997
2015/07/07 23:10:00,1033.325,5.997
2015/07/07 23:20:00,1033.450,6.003
2015/07/07 23:30:00,1033.625,6.003
2015/07/07 23:40:00,1033.625,6.003
2015/07/07 23:50:00,1033.450,6.003
2015/07/08 00:00:00,1033.450,6.003
2015/07/08 00:10:00,1033.450,6.003
2015/07/08 00:20:00,1033.450,6.003
2015/07/08 00:30:00,1033.625,6.003
2015/07/08 00:40:00,1033.450,6.003
2015/07/08 00:50:00,1033.450,6.003
2015/07/08 01:00:00,1033.275,6.003
2015/07/08 01:10:00,1033.275,6.003
2015/07/08 01:20:00,1033.450,6.003
2015/07/08 01:30:00,1033.275,6.003
2015/07/08 01:40:00,1033.150,6.010
2015/07/08 01:50:00,1033.150,6.010
2015/07/08 02:00:00,1033.150,6.010
2015/07/08 02:10:00,1033.325,6.010
2015/07/08 02:20:00,1033.325,6.010
2015/07/08 02:30:00,1033.500,6.010
2015/07/08 02:40:00,1033.325,6.010
2015/07/08 02:50:00,1033.325,6.010
2015/07/08 03:00:00,1033.500,6.010
2015/07/08 03:10:00,1033.325,6.010
2015/07/08 03:20:00,1033.325,6.010
2015/07/08 03:30:00,1033.150,6.010
2015/07/08 03:40:00,1033.325,6.010
2015/07/08 03:50:00,1033.150,6.017
2015/07/08 04:00:00,1033.325,6.017
2015/07/08 04:10:00,1033.150,6.017
2015/07/08 04:20:00,1033.325,6.017
2015/07/08 04:30:00,1033.325,6.017
2015/07/08 04:40:00,1033.150,6.017
2015/07/08 04:50:00,1033.325,6.017
2015/07/08 05:00:00,1033.325,6.017
2015/07/08 05:10:00,1033.325,6.017
2015/07/08 05:20:00,1033.325,6.017
2015/07/08 05:30:00,1033.325,6.023
2015/07/08 05:40:00,1033.500,6.017
2015/07/08 05:50:00,1033.675,6.023
2015/07/08 06:00:00,1033.675,6.023
2015/07/08 06:10:00,1033.500,6.023
2015/07/08 06:20:00,1033.500,6.023
2015/07/08 06:30:00,1033.500,5.983
2015/07/08 06:40:00,1033.625,6.003
2015/07/08 06:50:00,1033.325,6.010
2015/07/08 07:00:00,1033.500,6.017
2015/07/08 07:10:00,1033.325,6.023
2015/07/08 07:20:00,1033.325,6.023
2015/07/08 07:30:00,1033.325,6.023
2015/07/08 07:40:00,1033.325,6.023
2015/07/08 07:50:00,1033.500,6.023
2015/07/08 08:00:00,1033.325,6.033
2015/07/08 08:10:00,1033.325,6.033
2015/07/08 08:20:00,1033.325,6.033
2015/07/08 08:30:00,1033.150,6.033
2015/07/08 08:40:00,1033.150,6.033
2015/07/08 08:50:00,1032.975,6.033
2015/07/08 09:00:00,1032.975,6.033
2015/07/08 09:10:00,1032.975,6.033
2015/07/08 09:20:00,1032.800,6.033
2015/07/08 09:30:00,1032.800,6.017
2015/07/08 09:40:00,1032.450,6.033
2015/07/08 09:50:00,1032.450,6.033
2015/07/08 10:00:00,1032.450,6.033
2015/07/08 10:10:00,1032.275,6.033
2015/07/08 10:20:00,1032.100,6.040
2015/07/08 10:30:00,1031.925,6.040
2015/07/08 10:40:00,1031.925,6.040
2015/07/08 10:50:00,1031.750,6.040
2015/07/08 11:00:00,1031.525,6.047
2015/07/08 11:10:00,1031.525,6.047
2015/07/08 11:20:00,1031.175,6.047
2015/07/08 11:30:00,1031.050,6.033
2015/07/08 11:40:00,1030.875,6.040
2015/07/08 11:50:00,1030.650,6.047
2015/07/08 12:00:00,1030.475,6.047
2015/07/08 12:10:00,1030.300,6.047
2015/07/08 12:20:00,1030.300,6.047
2015/07/08 12:30:00,1029.950,6.047
2015/07/08 12:40:00,1029.250,6.047
2015/07/08 12:50:00,1029.450,6.040
2015/07/08 13:00:00,1029.600,6.047
2015/07/08 13:10:00,1029.425,6.047
2015/07/08 13:20:00,1029.425,6.047
2015/07/08 13:30:00,1029.075,6.047
2015/07/08 13:40:00,1029.100,6.053
2015/07/08 13:50:00,1028.925,6.053
2015/07/08 14:00:00,1028.925,6.053
2015/07/08 14:10:00,1028.750,6.053
2015/07/08 14:20:00,1028.750,6.053
2015/07/08 14:30:00,1028.575,6.053
2015/07/08 14:40:00,1028.575,6.053
2015/07/08 14:50:00,1028.400,6.053
2015/07/08 15:00:00,1028.225,6.040
2015/07/08 15:10:00,1028.200,6.047
2015/07/08 15:20:00,1028.200,6.047
2015/07/08 15:30:00,1028.225,6.053
2015/07/08 15:40:00,1028.225,6.053
2015/07/08 15:50:00,1028.050,6.053
2015/07/08 16:00:00,1028.225,6.053
2015/07/08 16:10:00,1028.050,6.053
2015/07/08 16:20:00,1028.050,6.053
2015/07/08 16:30:00,1028.050,6.053
2015/07/08 16:40:00,1027.875,6.053
2015/07/08 16:50:00,1027.700,6.053
2015/07/08 17:00:00,1027.525,6.060
2015/07/08 17:10:00,1027.525,6.053
2015/07/08 17:20:00,1027.525,6.060
2015/07/08 17:30:00,1027.700,6.060
2015/07/08 17:40:00,1027.350,6.060
2015/07/08 17:50:00,1027.350,6.060
2015/07/08 18:00:00,1027.350,6.060
2015/07/08 18:10:00,1027.350,6.060
2015/07/08 18:20:00,1027.175,6.060
2015/07/08 18:30:00,1027.175,6.060
2015/07/08 18:40:00,1027.175,6.060
2015/07/08 18:50:00,1027.000,6.060
2015/07/08 19:00:00,1027.175,6.060
2015/07/08 19:10:00,1027.175,6.060
2015/07/08 19:20:00,1027.175,6.060
2015/07/08 19:30:00,1027.175,6.060
2015/07/08 19:40:00,1027.175,6.060
2015/07/08 19:50:00,1027.175,6.060
2015/07/08 20:00:00,1027.350,6.053
2015/07/08 20:10:00,1027.350,6.060
2015/07/08 20:20:00,1027.350,6.040
2015/07/08 20:30:00,1027.350,6.053
2015/07/08 20:40:00,1027.525,6.053
2015/07/08 20:50:00,1027.350,6.053
2015/07/08 21:00:00,1027.525,6.060
2015/07/08 21:10:00,1027.700,6.060
2015/07/08 21:20:00,1027.700,6.060
2015/07/08 21:30:00,1027.675,6.067
2015/07/08 21:40:00,1027.850,6.067
2015/07/08 21:50:00,1027.850,6.067
2015/07/08 22:00:00,1027.850,6.067
2015/07/08 22:10:00,1027.850,6.067
2015/07/08 22:20:00,1028.025,6.067
2015/07/08 22:30:00,1028.025,6.067
2015/07/08 22:40:00,1028.025,6.067
2015/07/08 22:50:00,1028.025,6.067
2015/07/08 23:00:00,1027.850,6.067
2015/07/08 23:10:00,1027.850,6.067
2015/07/08 23:20:00,1028.050,6.073
2015/07/08 23:30:00,1028.050,6.073
2015/07/08 23:40:00,1028.050,6.073
2015/07/08 23:50:00,1027.875,6.073
2015/07/09 00:00:00,1028.050,6.073
2015/07/09 00:10:00,1028.050,6.073
2015/07/09 00:20:00,1028.050,6.073
2015/07/09 00:30:00,1028.050,6.073
2015/07/09 00:40:00,1028.050,6.073
2015/07/09 00:50:00,1028.050,6.073
2015/07/09 01:00:00,1028.050,6.073
2015/07/09 01:10:00,1028.050,6.073
2015/07/09 01:20:00,1028.050,6.080
2015/07/09 01:30:00,1028.050,6.080
2015/07/09 01:40:00,1028.225,6.080
2015/07/09 01:50:00,1028.050,6.080
2015/07/09 02:00:00,1028.225,6.080
2015/07/09 02:10:00,1028.225,6.080
2015/07/09 02:20:00,1028.225,6.080
2015/07/09 02:30:00,1028.400,6.080
2015/07/09 02:40:00,1028.400,6.080
2015/07/09 02:50:00,1028.400,6.080
2015/07/09 03:00:00,1028.400,6.080
2015/07/09 03:10:00,1028.400,6.080
2015/07/09 03:20:00,1028.400,6.080
2015/07/09 03:30:00,1028.400,6.080
2015/07/09 03:40:00,1028.400,6.080
2015/07/09 03:50:00,1028.225,6.080
2015/07/09 04:00:00,1028.025,6.087
2015/07/09 04:10:00,1028.200,6.087
2015/07/09 04:20:00,1028.375,6.087
2015/07/09 04:30:00,1028.375,6.087
2015/07/09 04:40:00,1028.375,6.087
2015/07/09 04:50:00,1028.375,6.087
2015/07/09 05:00:00,1028.375,6.087
2015/07/09 05:10:00,1028.550,6.087
2015/07/09 05:20:00,1028.550,6.087
2015/07/09 05:30:00,1028.550,6.087
2015/07/09 05:40:00,1028.550,6.087
2015/07/09 05:50:00,1028.725,6.087
2015/07/09 06:00:00,1028.725,6.087
2015/07/09 06:10:00,1028.750,6.093
2015/07/09 06:20:00,1028.750,6.093
2015/07/09 06:30:00,1028.925,6.093
2015/07/09 06:40:00,1028.925,6.093
2015/07/09 06:50:00,1028.925,6.093
2015/07/09 07:00:00,1028.925,6.093
2015/07/09 07:10:00,1028.750,6.093
2015/07/09 07:20:00,1028.750,6.093
2015/07/09 07:30:00,1028.925,6.093
2015/07/09 07:40:00,1028.750,6.093
2015/07/09 07:50:00,1028.750,6.093
2015/07/09 08:00:00,1029.100,6.093
2015/07/09 08:10:00,1028.925,6.093
2015/07/09 08:20:00,1029.100,6.100
2015/07/09 08:30:00,1028.925,6.093
2015/07/09 08:40:00,1028.925,6.100
2015/07/09 08:50:00,1028.925,6.080
2015/07/09 09:00:00,1029.075,6.087
2015/07/09 09:10:00,1029.100,6.093
2015/07/09 09:20:00,1028.925,6.100
2015/07/09 09:30:00,1029.100,6.100
2015/07/09 09:40:00,1029.100,6.100
2015/07/09 09:50:00,1028.925,6.100
2015/07/09 10:00:00,1029.050,6.107
2015/07/09 10:10:00,1029.050,6.107
2015/07/09 10:20:00,1028.875,6.107
2015/07/09 10:30:00,1028.875,6.107
2015/07/09 10:40:00,1028.700,6.107
2015/07/09 10:50:00,1028.700,6.107
2015/07/09 11:00:00,1028.700,6.107
2015/07/09 11:10:00,1028.200,6.117
2015/07/09 11:20:00,1028.375,6.117
2015/07/09 11:30:00,1028.375,6.117
2015/07/09 11:40:00,1028.200,6.117
2015/07/09 11:50:00,1028.025,6.117
2015/07/09 12:00:00,1027.850,6.117
2015/07/09 12:10:00,1027.675,6.087
2015/07/09 12:20:00,1027.700,6.100
2015/07/09 12:30:00,1027.825,6.107
2015/07/09 12:40:00,1027.500,6.117
2015/07/09 12:50:00,984.950,20.297
2015/07/09 13:00:00,985.100,29.233
2015/07/09 13:10:00,983.350,30.377
2015/07/09 13:20:00,983.000,30.363
2015/07/09 13:30:00,983.500,31.923
2015/07/09 13:40:00,983.000,31.203
2015/07/09 13:50:00,983.325,31.373
2015/07/09 14:00:00,983.525,31.120
2015/07/09 14:10:00,983.500,31.003
2015/07/09 14:20:00,983.325,31.313
2015/07/09 14:30:00,983.175,31.970
2015/07/09 14:40:00,983.175,31.667
2015/07/09 14:50:00,983.000,31.930
2015/07/09 15:00:00,983.325,31.527
2015/07/09 15:10:00,983.325,31.813
2015/07/09 15:20:00,983.500,32.077
2015/07/09 15:30:00,983.825,33.093
2015/07/09 15:40:00,983.325,33.097
2015/07/09 15:50:00,983.350,32.933
2015/07/09 16:00:00,983.325,32.433
2015/07/09 16:10:00,983.150,32.770
2015/07/09 16:20:00,983.325,33.427
2015/07/09 16:30:00,983.500,34.163
2015/07/09 16:40:00,984.025,35.693
2015/07/09 16:50:00,984.000,37.507
2015/07/09 17:00:00,983.850,37.727
2015/07/09 17:10:00,983.825,36.380
2015/07/09 17:20:00,983.300,35.687
2015/07/09 17:30:00,983.125,35.223
2015/07/09 17:40:00,982.950,34.790
2015/07/09 17:50:00,982.975,34.723
2015/07/09 18:00:00,982.625,34.280
2015/07/09 18:10:00,982.475,33.323
2015/07/09 18:20:00,982.450,32.593
2015/07/09 18:30:00,982.450,31.977
2015/07/09 18:40:00,982.275,31.343
2015/07/09 18:50:00,982.125,30.633
2015/07/09 19:00:00,982.125,29.897
2015/07/09 19:10:00,982.275,29.337
2015/07/09 19:20:00,982.125,28.623
2015/07/09 19:30:00,982.125,27.930
2015/07/09 19:40:00,982.300,27.293
2015/07/09 19:50:00,982.125,26.567
2015/07/09 20:00:00,982.125,25.943
2015/07/09 20:10:00,981.950,25.007
2015/07/09 20:20:00,983.875,24.620
2015/07/09 20:30:00,982.650,24.410
2015/07/09 20:40:00,982.475,24.363
2015/07/09 20:50:00,980.375,24.137
2015/07/09 21:00:00,980.525,23.970
2015/07/09 21:10:00,980.700,23.817
2015/07/09 21:20:00,980.550,23.670
2015/07/09 21:30:00,980.875,23.520
2015/07/09 21:40:00,981.250,23.270
2015/07/09 21:50:00,981.075,22.883
2015/07/09 22:00:00,980.900,22.270
2015/07/09 22:10:00,981.425,22.130
2015/07/09 22:20:00,981.425,22.480
