2015/06/26 13:00:00,1045.342,6.313
2015/06/26 13:10:00,1045.342,6.313
2015/06/26 13:20:00,985.667,7.770
2015/06/26 13:30:00,1042.950,6.530
2015/06/26 13:40:00,1042.950,6.440
2015/06/26 13:50:00,1042.950,6.410
2015/06/26 14:00:00,1042.717,6.390
2015/06/26 14:10:00,1042.542,6.377
2015/06/26 14:20:00,1042.367,6.370
2015/06/26 14:30:00,1042.367,6.370
2015/06/26 14:40:00,1042.367,6.363
2015/06/26 14:50:00,1042.192,6.370
2015/06/26 15:00:00,1042.017,6.370
2015/06/26 15:10:00,1042.017,6.370
2015/06/26 15:20:00,1041.842,6.370
2015/06/26 15:30:00,1041.842,6.370
2015/06/26 15:40:00,1041.842,6.370
2015/06/26 15:50:00,1041.842,6.377
2015/06/26 16:00:00,1041.842,6.370
2015/06/26 16:10:00,1041.433,6.377
2015/06/26 16:20:00,1041.258,6.377
2015/06/26 16:30:00,1041.433,6.377
2015/06/26 16:40:00,1041.258,6.377
2015/06/26 16:50:00,1041.258,6.377
2015/06/26 17:00:00,1041.258,6.377
2015/06/26 17:10:00,1041.258,6.377
2015/06/26 17:20:00,1041.258,6.377
2015/06/26 17:30:00,1041.433,6.377
2015/06/26 17:40:00,1041.258,6.377
2015/06/26 17:50:00,1041.433,6.383
2015/06/26 18:00:00,1041.608,6.383
2015/06/26 18:10:00,1041.608,6.383
2015/06/26 18:20:00,1041.608,6.383
2015/06/26 18:30:00,1041.433,6.383
2015/06/26 18:40:00,1041.433,6.383
2015/06/26 18:50:00,1041.608,6.383
2015/06/26 19:00:00,1041.608,6.383
2015/06/26 19:10:00,1041.608,6.383
2015/06/26 19:20:00,1041.608,6.390
2015/06/26 19:30:00,1041.608,6.390
2015/06/26 19:40:00,1041.783,6.390
2015/06/26 19:50:00,1041.783,6.390
2015/06/26 20:00:00,1041.783,6.390
2015/06/26 20:10:00,1041.783,6.390
2015/06/26 20:20:00,1041.783,6.390
2015/06/26 20:30:00,1041.958,6.390
2015/06/26 20:40:00,1041.958,6.390
2015/06/26 20:50:00,1041.958,6.390
2015/06/26 21:00:00,1042.192,6.390
2015/06/26 21:10:00,1042.192,6.390
2015/06/26 21:20:00,1042.367,6.390
2015/06/26 21:30:00,1042.367,6.397
2015/06/26 21:40:00,1042.367,6.397
2015/06/26 21:50:00,1042.367,6.397
2015/06/26 22:00:00,1042.367,6.397
2015/06/26 22:10:00,1042.367,6.397
2015/06/26 22:20:00,1042.542,6.397
2015/06/26 22:30:00,1042.367,6.397
2015/06/26 22:40:00,1042.192,6.397
2015/06/26 22:50:00,1042.542,6.390
2015/06/26 23:00:00,1042.542,6.390
2015/06/26 23:10:00,1042.367,6.397
2015/06/26 23:20:00,1042.192,6.397
2015/06/26 23:30:00,1042.542,6.397
2015/06/26 23:40:00,1042.775,6.397
2015/06/26 23:50:00,1042.542,6.397
2015/06/27 00:00:00,1042.367,6.397
2015/06/27 00:10:00,1042.542,6.397
2015/06/27 00:20:00,1042.542,6.397
2015/06/27 00:30:00,1042.367,6.403
2015/06/27 00:40:00,1042.542,6.403
2015/06/27 00:50:00,1042.192,6.397
2015/06/27 01:00:00,1042.367,6.403
2015/06/27 01:10:00,1042.367,6.403
2015/06/27 01:20:00,1042.367,6.403
2015/06/27 01:30:00,1042.192,6.403
2015/06/27 01:40:00,1042.017,6.403
2015/06/27 01:50:00,1042.192,6.403
2015/06/27 02:00:00,1042.017,6.410
2015/06/27 02:10:00,1042.017,6.410
2015/06/27 02:20:00,1041.842,6.410
2015/06/27 02:30:00,1042.017,6.410
2015/06/27 02:40:00,1042.017,6.410
2015/06/27 02:50:00,1042.017,6.420
2015/06/27 03:00:00,1041.842,6.420
2015/06/27 03:10:00,1042.017,6.410
2015/06/27 03:20:00,1041.842,6.420
2015/06/27 03:30:00,1042.017,6.420
2015/06/27 03:40:00,1041.842,6.420
2015/06/27 03:50:00,1041.842,6.420
2015/06/27 04:00:00,1041.667,6.420
2015/06/27 04:10:00,1041.667,6.420
2015/06/27 04:20:00,1041.842,6.420
2015/06/27 04:30:00,1041.667,6.420
2015/06/27 04:40:00,1041.667,6.420
2015/06/27 04:50:00,1041.667,6.420
2015/06/27 05:00:00,1041.667,6.420
2015/06/27 05:10:00,1041.667,6.420
2015/06/27 05:20:00,1041.433,6.420
2015/06/27 05:30:00,1041.433,6.420
2015/06/27 05:40:00,1041.608,6.427
2015/06/27 05:50:00,1041.783,6.427
2015/06/27 06:00:00,1041.783,6.427
2015/06/27 06:10:00,1041.958,6.427
2015/06/27 06:20:00,1041.783,6.427
2015/06/27 06:30:00,1041.608,6.427
2015/06/27 06:40:00,1041.608,6.427
2015/06/27 06:50:00,1041.608,6.427
2015/06/27 07:00:00,1041.783,6.427
2015/06/27 07:10:00,1041.783,6.427
2015/06/27 07:20:00,1041.783,6.427
2015/06/27 07:30:00,1041.958,6.427
2015/06/27 07:40:00,1041.783,6.427
2015/06/27 07:50:00,1041.783,6.427
2015/06/27 08:00:00,1041.783,6.427
2015/06/27 08:10:00,1041.783,6.427
2015/06/27 08:20:00,1041.783,6.433
2015/06/27 08:30:00,1041.783,6.433
2015/06/27 08:40:00,1041.608,6.433
2015/06/27 08:50:00,1041.783,6.433
2015/06/27 09:00:00,1041.783,6.433
2015/06/27 09:10:00,1041.608,6.433
2015/06/27 09:20:00,1041.608,6.433
2015/06/27 09:30:00,1041.608,6.433
2015/06/27 09:40:00,1041.433,6.440
2015/06/27 09:50:00,1041.258,6.440
2015/06/27 10:00:00,1041.083,6.440
2015/06/27 10:10:00,1041.083,6.440
2015/06/27 10:20:00,1040.908,6.440
2015/06/27 10:30:00,1040.733,6.440
2015/06/27 10:40:00,1040.733,6.440
2015/06/27 10:50:00,1040.500,6.440
2015/06/27 11:00:00,1040.325,6.440
2015/06/27 11:10:00,1040.325,6.440
2015/06/27 11:20:00,1040.325,6.440
2015/06/27 11:30:00,1039.975,6.447
2015/06/27 11:40:00,1039.800,6.447
2015/06/27 11:50:00,1039.975,6.447
2015/06/27 12:00:00,1039.800,6.447
2015/06/27 12:10:00,1039.567,6.447
2015/06/27 12:20:00,1039.800,6.447
2015/06/27 12:30:00,1039.800,6.447
2015/06/27 12:40:00,1039.567,6.447
2015/06/27 12:50:00,1039.392,6.447
2015/06/27 13:00:00,1039.567,6.453
2015/06/27 13:10:00,1039.217,6.453
2015/06/27 13:20:00,1039.217,6.453
2015/06/27 13:30:00,1038.867,6.447
2015/06/27 13:40:00,1038.808,6.453
2015/06/27 13:50:00,1038.633,6.453
2015/06/27 14:00:00,1038.458,6.453
2015/06/27 14:10:00,1038.283,6.453
2015/06/27 14:20:00,1038.458,6.453
2015/06/27 14:30:00,1038.050,6.453
2015/06/27 14:40:00,1037.700,6.453
2015/06/27 14:50:00,1037.875,6.453
2015/06/27 15:00:00,1037.700,6.453
2015/06/27 15:10:00,1037.525,6.453
2015/06/27 15:20:00,1037.525,6.453
2015/06/27 15:30:00,1037.350,6.453
2015/06/27 15:40:00,1037.350,6.453
2015/06/27 15:50:00,1036.942,6.460
2015/06/27 16:00:00,1036.767,6.460
2015/06/27 16:10:00,1036.767,6.460
2015/06/27 16:20:00,1036.592,6.460
2015/06/27 16:30:00,1036.592,6.460
2015/06/27 16:40:00,1036.417,6.460
2015/06/27 16:50:00,1036.417,6.460
2015/06/27 17:00:00,1036.417,6.460
2015/06/27 17:10:00,1036.242,6.460
2015/06/27 17:20:00,1036.242,6.460
2015/06/27 17:30:00,1036.008,6.460
2015/06/27 17:40:00,1036.008,6.460
2015/06/27 17:50:00,1035.717,6.467
2015/06/27 18:00:00,1035.717,6.467
2015/06/27 18:10:00,1035.308,6.467
2015/06/27 18:20:00,1035.308,6.467
2015/06/27 18:30:00,1035.133,6.467
2015/06/27 18:40:00,1035.133,6.467
2015/06/27 18:50:00,1035.133,6.467
2015/06/27 19:00:00,1035.133,6.467
2015/06/27 19:10:00,1034.783,6.467
2015/06/27 19:20:00,1034.783,6.467
2015/06/27 19:30:00,1034.783,6.473
2015/06/27 19:40:00,1034.375,6.467
2015/06/27 19:50:00,1034.375,6.473
2015/06/27 20:00:00,1034.200,6.467
2015/06/27 20:10:00,1034.375,6.473
2015/06/27 20:20:00,1034.200,6.473
2015/06/27 20:30:00,1034.550,6.473
2015/06/27 20:40:00,1034.550,6.473
2015/06/27 20:50:00,1034.783,6.473
2015/06/27 21:00:00,1034.550,6.473
2015/06/27 21:10:00,1034.550,6.473
2015/06/27 21:20:00,1034.550,6.473
2015/06/27 21:30:00,1034.550,6.483
2015/06/27 21:40:00,1034.783,6.473
2015/06/27 21:50:00,1034.375,6.473
2015/06/27 22:00:00,1035.133,6.473
2015/06/27 22:10:00,1035.133,6.483
2015/06/27 22:20:00,1035.483,6.483
2015/06/27 22:30:00,1035.308,6.483
2015/06/27 22:40:00,1035.483,6.483
2015/06/27 22:50:00,1035.483,6.483
2015/06/27 23:00:00,1035.483,6.483
2015/06/27 23:10:00,1035.483,6.483
2015/06/27 23:20:00,1035.483,6.483
2015/06/27 23:30:00,1035.308,6.483
2015/06/27 23:40:00,1035.133,6.483
2015/06/27 23:50:00,1034.958,6.483
2015/06/28 00:00:00,1034.783,6.483
2015/06/28 00:10:00,1034.375,6.483
2015/06/28 00:20:00,1034.550,6.483
2015/06/28 00:30:00,1034.550,6.483
2015/06/28 00:40:00,1034.783,6.490
2015/06/28 00:50:00,1034.550,6.490
2015/06/28 01:00:00,1034.200,6.490
2015/06/28 01:10:00,1034.375,6.490
2015/06/28 01:20:00,1034.375,6.490
2015/06/28 01:30:00,1034.200,6.490
2015/06/28 01:40:00,1034.025,6.490
2015/06/28 01:50:00,1034.025,6.490
2015/06/28 02:00:00,1034.200,6.497
2015/06/28 02:10:00,1034.025,6.490
2015/06/28 02:20:00,1033.675,6.490
2015/06/28 02:30:00,1034.200,6.497
2015/06/28 02:40:00,1034.200,6.497
2015/06/28 02:50:00,1034.375,6.497
2015/06/28 03:00:00,1034.375,6.497
2015/06/28 03:10:00,1034.550,6.497
2015/06/28 03:20:00,1034.375,6.497
2015/06/28 03:30:00,1034.375,6.497
2015/06/28 03:40:00,1034.550,6.497
2015/06/28 03:50:00,1034.375,6.497
2015/06/28 04:00:00,1034.375,6.497
2015/06/28 04:10:00,1034.200,6.497
2015/06/28 04:20:00,1034.375,6.497
2015/06/28 04:30:00,1034.550,6.497
2015/06/28 04:40:00,1034.375,6.503
2015/06/28 04:50:00,1034.200,6.497
2015/06/28 05:00:00,1034.200,6.503
2015/06/28 05:10:00,1034.200,6.503
2015/06/28 05:20:00,1034.200,6.503
2015/06/28 05:30:00,1033.967,6.503
2015/06/28 05:40:00,1033.792,6.503
2015/06/28 05:50:00,1033.792,6.497
2015/06/28 06:00:00,1034.200,6.503
2015/06/28 06:10:00,1033.967,6.503
2015/06/28 06:20:00,1033.792,6.503
2015/06/28 06:30:00,1033.967,6.503
2015/06/28 06:40:00,1033.967,6.503
2015/06/28 06:50:00,1033.967,6.503
2015/06/28 07:00:00,1033.967,6.503
2015/06/28 07:10:00,1034.200,6.503
2015/06/28 07:20:00,1033.967,6.503
2015/06/28 07:30:00,1033.792,6.503
2015/06/28 07:40:00,1033.967,6.503
2015/06/28 07:50:00,1033.792,6.503
2015/06/28 08:00:00,1033.967,6.503
2015/06/28 08:10:00,1034.025,6.510
2015/06/28 08:20:00,1033.850,6.510
2015/06/28 08:30:00,1034.375,6.503
2015/06/28 08:40:00,1034.025,6.510
2015/06/28 08:50:00,1033.850,6.510
2015/06/28 09:00:00,1034.200,6.510
2015/06/28 09:10:00,1034.200,6.510
2015/06/28 09:20:00,1034.025,6.510
2015/06/28 09:30:00,1034.025,6.510
2015/06/28 09:40:00,1033.675,6.510
2015/06/28 09:50:00,1033.850,6.510
2015/06/28 10:00:00,1033.850,6.510
2015/06/28 10:10:00,1033.850,6.510
2015/06/28 10:20:00,1034.025,6.510
2015/06/28 10:30:00,1034.025,6.510
2015/06/28 10:40:00,1033.850,6.510
2015/06/28 10:50:00,1034.025,6.510
2015/06/28 11:00:00,1033.850,6.510
2015/06/28 11:10:00,1033.675,6.517
2015/06/28 11:20:00,1034.025,6.510
2015/06/28 11:30:00,1034.025,6.510
2015/06/28 11:40:00,1034.025,6.517
2015/06/28 11:50:00,1033.850,6.517
2015/06/28 12:00:00,1033.850,6.517
2015/06/28 12:10:00,1033.850,6.517
2015/06/28 12:20:00,1033.850,6.517
2015/06/28 12:30:00,1033.850,6.517
2015/06/28 12:40:00,1033.850,6.517
2015/06/28 12:50:00,1033.675,6.517
2015/06/28 13:00:00,1033.675,6.517
2015/06/28 13:10:00,1033.442,6.517
2015/06/28 13:20:00,1033.442,6.517
2015/06/28 13:30:00,1033.267,6.517
2015/06/28 13:40:00,1033.442,6.517
2015/06/28 13:50:00,1033.092,6.517
2015/06/28 14:00:00,1033.267,6.523
2015/06/28 14:10:00,1033.267,6.523
2015/06/28 14:20:00,1033.267,6.523
2015/06/28 14:30:00,1033.092,6.523
2015/06/28 14:40:00,1033.092,6.523
2015/06/28 14:50:00,1033.267,6.523
2015/06/28 15:00:00,1033.092,6.523
2015/06/28 15:10:00,1033.092,6.523
2015/06/28 15:20:00,1033.092,6.523
2015/06/28 15:30:00,1033.442,6.523
2015/06/28 15:40:00,1033.442,6.523
2015/06/28 15:50:00,1033.267,6.523
2015/06/28 16:00:00,1033.092,6.523
2015/06/28 16:10:00,1033.267,6.523
2015/06/28 16:20:00,1033.092,6.523
2015/06/28 16:30:00,1033.267,6.523
2015/06/28 16:40:00,1033.442,6.523
2015/06/28 16:50:00,1033.267,6.530
2015/06/28 17:00:00,1033.267,6.523
2015/06/28 17:10:00,1033.267,6.530
2015/06/28 17:20:00,1033.442,6.530
2015/06/28 17:30:00,1033.267,6.530
2015/06/28 17:40:00,1033.442,6.530
2015/06/28 17:50:00,1033.442,6.530
2015/06/28 18:00:00,1033.675,6.530
2015/06/28 18:10:00,1033.675,6.530
2015/06/28 18:20:00,1033.675,6.530
2015/06/28 18:30:00,1033.442,6.530
2015/06/28 18:40:00,1033.850,6.530
2015/06/28 18:50:00,1033.675,6.530
2015/06/28 19:00:00,1033.675,6.530
2015/06/28 19:10:00,1033.675,6.530
2015/06/28 19:20:00,1033.850,6.530
2015/06/28 19:30:00,1033.850,6.530
2015/06/28 19:40:00,1033.675,6.530
2015/06/28 19:50:00,1033.442,6.530
2015/06/28 20:00:00,1033.500,6.537
2015/06/28 20:10:00,1033.500,6.537
2015/06/28 20:20:00,1033.500,6.537
2015/06/28 20:30:00,1033.675,6.537
2015/06/28 20:40:00,1033.675,6.537
2015/06/28 20:50:00,1033.500,6.537
2015/06/28 21:00:00,1033.500,6.537
2015/06/28 21:10:00,1033.675,6.537
2015/06/28 21:20:00,1033.675,6.537
2015/06/28 21:30:00,1033.850,6.537
2015/06/28 21:40:00,1033.850,6.537
2015/06/28 21:50:00,1033.850,6.537
2015/06/28 22:00:00,1033.850,6.537
2015/06/28 22:10:00,1033.675,6.537
2015/06/28 22:20:00,1033.675,6.537
2015/06/28 22:30:00,1033.850,6.537
2015/06/28 22:40:00,1033.850,6.537
2015/06/28 22:50:00,1034.083,6.537
2015/06/28 23:00:00,1033.850,6.547
2015/06/28 23:10:00,1033.850,6.547
2015/06/28 23:20:00,1033.850,6.537
2015/06/28 23:30:00,1034.083,6.537
2015/06/28 23:40:00,1033.850,6.537
2015/06/28 23:50:00,1033.850,6.547
2015/06/29 00:00:00,1033.850,6.547
2015/06/29 00:10:00,1033.675,6.547
2015/06/29 00:20:00,1033.500,6.547
2015/06/29 00:30:00,1033.850,6.547
2015/06/29 00:40:00,1033.675,6.547
2015/06/29 00:50:00,1033.675,6.547
2015/06/29 01:00:00,1033.675,6.547
2015/06/29 01:10:00,1033.675,6.547
2015/06/29 01:20:00,1033.850,6.547
2015/06/29 01:30:00,1033.500,6.547
2015/06/29 01:40:00,1033.675,6.547
2015/06/29 01:50:00,1033.675,6.547
2015/06/29 02:00:00,1033.500,6.547
2015/06/29 02:10:00,1033.325,6.547
2015/06/29 02:20:00,1033.500,6.547
2015/06/29 02:30:00,1033.325,6.547
2015/06/29 02:40:00,1033.325,6.547
2015/06/29 02:50:00,1033.325,6.547
2015/06/29 03:00:00,1033.150,6.547
2015/06/29 03:10:00,1033.150,6.547
2015/06/29 03:20:00,1033.150,6.547
2015/06/29 03:30:00,1033.150,6.547
2015/06/29 03:40:00,1032.742,6.547
2015/06/29 03:50:00,1032.917,6.553
2015/06/29 04:00:00,1032.742,6.553
2015/06/29 04:10:00,1032.742,6.553
2015/06/29 04:20:00,1032.917,6.553
2015/06/29 04:30:00,1032.742,6.553
2015/06/29 04:40:00,1032.742,6.553
2015/06/29 04:50:00,1032.508,6.553
2015/06/29 05:00:00,1032.742,6.553
2015/06/29 05:10:00,1032.742,6.553
2015/06/29 05:20:00,1032.742,6.553
2015/06/29 05:30:00,1032.742,6.553
2015/06/29 05:40:00,1032.742,6.553
2015/06/29 05:50:00,1032.742,6.553
2015/06/29 06:00:00,1032.917,6.553
2015/06/29 06:10:00,1032.917,6.553
2015/06/29 06:20:00,1033.092,6.553
2015/06/29 06:30:00,1033.092,6.553
2015/06/29 06:40:00,1033.092,6.553
2015/06/29 06:50:00,1033.092,6.553
2015/06/29 07:00:00,1033.092,6.553
2015/06/29 07:10:00,1033.092,6.560
2015/06/29 07:20:00,1032.917,6.560
2015/06/29 07:30:00,1033.092,6.560
2015/06/29 07:40:00,1032.917,6.560
2015/06/29 07:50:00,1032.742,6.560
2015/06/29 08:00:00,1032.742,6.560
2015/06/29 08:10:00,1032.742,6.560
2015/06/29 08:20:00,1032.742,6.560
2015/06/29 08:30:00,1032.508,6.560
2015/06/29 08:40:00,1032.508,6.560
2015/06/29 08:50:00,1032.742,6.560
2015/06/29 09:00:00,1032.742,6.560
2015/06/29 09:10:00,1032.742,6.560
2015/06/29 09:20:00,1032.917,6.560
2015/06/29 09:30:00,1032.917,6.560
2015/06/29 09:40:00,1033.092,6.560
2015/06/29 09:50:00,1033.442,6.560
2015/06/29 10:00:00,1033.267,6.560
2015/06/29 10:10:00,1033.675,6.560
2015/06/29 10:20:00,1033.442,6.560
2015/06/29 10:30:00,1033.617,6.567
2015/06/29 10:40:00,1033.267,6.560
2015/06/29 10:50:00,1033.092,6.560
2015/06/29 11:00:00,1033.267,6.560
2015/06/29 11:10:00,1032.917,6.560
2015/06/29 11:20:00,1033.267,6.567
2015/06/29 11:30:00,1033.033,6.567
2015/06/29 11:40:00,1033.617,6.567
2015/06/29 11:50:00,1033.267,6.567
2015/06/29 12:00:00,1033.267,6.567
2015/06/29 12:10:00,1033.267,6.567
2015/06/29 12:20:00,1033.267,6.567
2015/06/29 12:30:00,1033.267,6.567
2015/06/29 12:40:00,1033.033,6.567
2015/06/29 12:50:00,1033.033,6.567
2015/06/29 13:00:00,1033.033,6.567
2015/06/29 13:10:00,1033.033,6.567
2015/06/29 13:20:00,1032.858,6.567
2015/06/29 13:30:00,1032.858,6.567
2015/06/29 13:40:00,1033.033,6.573
2015/06/29 13:50:00,1032.858,6.573
2015/06/29 14:00:00,1032.683,6.573
2015/06/29 14:10:00,1032.683,6.573
2015/06/29 14:20:00,1032.858,6.573
2015/06/29 14:30:00,1032.683,6.573
2015/06/29 14:40:00,1032.683,6.573
2015/06/29 14:50:00,1032.683,6.573
2015/06/29 15:00:00,1032.858,6.573
2015/06/29 15:10:00,1032.683,6.573
2015/06/29 15:20:00,1032.683,6.573
2015/06/29 15:30:00,1032.508,6.573
2015/06/29 15:40:00,1032.508,6.573
2015/06/29 15:50:00,1032.333,6.580
2015/06/29 16:00:00,1032.683,6.573
2015/06/29 16:10:00,1032.683,6.573
2015/06/29 16:20:00,1032.508,6.573
2015/06/29 16:30:00,1032.508,6.573
2015/06/29 16:40:00,1032.508,6.573
2015/06/29 16:50:00,1032.508,6.580
2015/06/29 17:00:00,1032.508,6.580
2015/06/29 17:10:00,1032.742,6.580
2015/06/29 17:20:00,1032.742,6.580
2015/06/29 17:30:00,1032.917,6.580
2015/06/29 17:40:00,1032.917,6.580
2015/06/29 17:50:00,1033.092,6.580
2015/06/29 18:00:00,1032.917,6.580
2015/06/29 18:10:00,1032.917,6.580
2015/06/29 18:20:00,1032.917,6.580
2015/06/29 18:30:00,1032.917,6.580
2015/06/29 18:40:00,1033.267,6.580
2015/06/29 18:50:00,1033.092,6.580
2015/06/29 19:00:00,1033.267,6.587
2015/06/29 19:10:00,1033.092,6.587
2015/06/29 19:20:00,1033.267,6.587
2015/06/29 19:30:00,1033.267,6.587
2015/06/29 19:40:00,1033.267,6.587
2015/06/29 19:50:00,1033.267,6.587
2015/06/29 20:00:00,1033.675,6.587
2015/06/29 20:10:00,1033.442,6.587
2015/06/29 20:20:00,1033.675,6.587
2015/06/29 20:30:00,1034.025,6.587
2015/06/29 20:40:00,1033.850,6.587
2015/06/29 20:50:00,1034.025,6.587
2015/06/29 21:00:00,1034.200,6.587
2015/06/29 21:10:00,1034.375,6.593
2015/06/29 21:20:00,1034.375,6.593
2015/06/29 21:30:00,1034.550,6.593
2015/06/29 21:40:00,1034.725,6.593
2015/06/29 21:50:00,1034.725,6.593
2015/06/29 22:00:00,1034.900,6.593
2015/06/29 22:10:00,1034.725,6.593
2015/06/29 22:20:00,1034.900,6.593
2015/06/29 22:30:00,1035.075,6.593
2015/06/29 22:40:00,1035.308,6.593
2015/06/29 22:50:00,1035.075,6.593
2015/06/29 23:00:00,1035.075,6.593
2015/06/29 23:10:00,1035.075,6.593
2015/06/29 23:20:00,1035.308,6.593
2015/06/29 23:30:00,1035.308,6.593
2015/06/29 23:40:00,1035.308,6.593
2015/06/29 23:50:00,1035.483,6.600
2015/06/30 00:00:00,1035.308,6.600
2015/06/30 00:10:00,1035.483,6.600
2015/06/30 00:20:00,1035.658,6.600
2015/06/30 00:30:00,1035.658,6.600
2015/06/30 00:40:00,1035.658,6.600
2015/06/30 00:50:00,1035.833,6.600
2015/06/30 01:00:00,1035.833,6.600
2015/06/30 01:10:00,1036.242,6.600
2015/06/30 01:20:00,1036.008,6.600
2015/06/30 01:30:00,1036.242,6.600
2015/06/30 01:40:00,1036.008,6.600
2015/06/30 01:50:00,1036.242,6.600
2015/06/30 02:00:00,1036.242,6.600
2015/06/30 02:10:00,1036.417,6.600
2015/06/30 02:20:00,1036.417,6.600
2015/06/30 02:30:00,1036.592,6.610
2015/06/30 02:40:00,1036.417,6.600
2015/06/30 02:50:00,1036.417,6.600
2015/06/30 03:00:00,1036.417,6.610
2015/06/30 03:10:00,1036.417,6.600
2015/06/30 03:20:00,1036.242,6.610
2015/06/30 03:30:00,1036.417,6.600
2015/06/30 03:40:00,1036.592,6.610
2015/06/30 03:50:00,1036.592,6.610
2015/06/30 04:00:00,1036.592,6.610
2015/06/30 04:10:00,1036.592,6.610
2015/06/30 04:20:00,1036.592,6.600
2015/06/30 04:30:00,1036.767,6.600
2015/06/30 04:40:00,1037.117,6.610
2015/06/30 04:50:00,1037.117,6.610
2015/06/30 05:00:00,1037.117,6.610
2015/06/30 05:10:00,1037.350,6.610
2015/06/30 05:20:00,1037.175,6.617
2015/06/30 05:30:00,1037.350,6.610
2015/06/30 05:40:00,1037.350,6.617
2015/06/30 05:50:00,1037.700,6.610
2015/06/30 06:00:00,1037.700,6.610
2015/06/30 06:10:00,1037.758,6.617
2015/06/30 06:20:00,1037.933,6.617
2015/06/30 06:30:00,1037.933,6.617
2015/06/30 06:40:00,1038.108,6.617
2015/06/30 06:50:00,1037.933,6.617
2015/06/30 07:00:00,1038.108,6.617
2015/06/30 07:10:00,1038.283,6.617
2015/06/30 07:20:00,1038.283,6.617
2015/06/30 07:30:00,1038.283,6.617
2015/06/30 07:40:00,1038.458,6.617
2015/06/30 07:50:00,1038.692,6.617
2015/06/30 08:00:00,1038.692,6.617
2015/06/30 08:10:00,1038.692,6.617
2015/06/30 08:20:00,1038.867,6.623
2015/06/30 08:30:00,1038.867,6.623
2015/06/30 08:40:00,1038.867,6.623
2015/06/30 08:50:00,1038.692,6.623
2015/06/30 09:00:00,1038.692,6.623
2015/06/30 09:10:00,1038.867,6.623
2015/06/30 09:20:00,1038.867,6.623
2015/06/30 09:30:00,1039.042,6.623
2015/06/30 09:40:00,1038.867,6.623
2015/06/30 09:50:00,1038.692,6.623
2015/06/30 10:00:00,1038.867,6.630
2015/06/30 10:10:00,1038.692,6.630
2015/06/30 10:20:00,1038.692,6.630
2015/06/30 10:30:00,1038.692,6.630
2015/06/30 10:40:00,1038.867,6.630
2015/06/30 10:50:00,1038.692,6.630
2015/06/30 11:00:00,1038.458,6.630
2015/06/30 11:10:00,1038.692,6.630
2015/06/30 11:20:00,1038.692,6.630
2015/06/30 11:30:00,1038.458,6.630
2015/06/30 11:40:00,1038.458,6.630
2015/06/30 11:50:00,1038.458,6.630
2015/06/30 12:00:00,1038.458,6.630
2015/06/30 12:10:00,1038.283,6.630
2015/06/30 12:20:00,1038.283,6.630
2015/06/30 12:30:00,1038.108,6.630
2015/06/30 12:40:00,1038.283,6.630
2015/06/30 12:50:00,1038.283,6.637
2015/06/30 13:00:00,1038.050,6.637
2015/06/30 13:10:00,1037.933,6.630
2015/06/30 13:20:00,1037.933,6.630
2015/06/30 13:30:00,1037.875,6.637
2015/06/30 13:40:00,1037.758,6.630
2015/06/30 13:50:00,1037.933,6.630
2015/06/30 14:00:00,1038.050,6.637
2015/06/30 14:10:00,1037.875,6.637
2015/06/30 14:20:00,1037.875,6.637
2015/06/30 14:30:00,1037.700,6.637
2015/06/30 14:40:00,1037.875,6.637
2015/06/30 14:50:00,1037.875,6.637
2015/06/30 15:00:00,1037.700,6.637
2015/06/30 15:10:00,1037.525,6.643
2015/06/30 15:20:00,1037.700,6.637
2015/06/30 15:30:00,1037.525,6.637
2015/06/30 15:40:00,1037.525,6.643
2015/06/30 15:50:00,1037.117,6.643
2015/06/30 16:00:00,1037.350,6.643
2015/06/30 16:10:00,1037.350,6.643
2015/06/30 16:20:00,1037.350,6.643
2015/06/30 16:30:00,1037.117,6.643
2015/06/30 16:40:00,1037.350,6.643
2015/06/30 16:50:00,1037.117,6.643
2015/06/30 17:00:00,1037.525,6.643
2015/06/30 17:10:00,1037.350,6.643
2015/06/30 17:20:00,1037.117,6.643
2015/06/30 17:30:00,1037.117,6.643
2015/06/30 17:40:00,1036.825,6.650
2015/06/30 17:50:00,1037.117,6.643
2015/06/30 18:00:00,1036.650,6.650
2015/06/30 18:10:00,1036.825,6.650
2015/06/30 18:20:00,1036.417,6.650
2015/06/30 18:30:00,1036.650,6.650
2015/06/30 18:40:00,1036.825,6.650
2015/06/30 18:50:00,1036.650,6.650
2015/06/30 19:00:00,1036.942,6.643
2015/06/30 19:10:00,1037.000,6.650
2015/06/30 19:20:00,1036.825,6.650
2015/06/30 19:30:00,1036.825,6.650
2015/06/30 19:40:00,1037.000,6.650
2015/06/30 19:50:00,1037.000,6.650
2015/06/30 20:00:00,1037.000,6.650
2015/06/30 20:10:00,1037.350,6.657
2015/06/30 20:20:00,1037.175,6.650
2015/06/30 20:30:00,1037.350,6.657
2015/06/30 20:40:00,1037.175,6.657
2015/06/30 20:50:00,1037.175,6.657
2015/06/30 21:00:00,1037.525,6.657
2015/06/30 21:10:00,1037.350,6.657
2015/06/30 21:20:00,1037.350,6.657
2015/06/30 21:30:00,1037.525,6.657
2015/06/30 21:40:00,1037.525,6.657
2015/06/30 21:50:00,1037.933,6.667
2015/06/30 22:00:00,1037.933,6.657
2015/06/30 22:10:00,1038.108,6.657
2015/06/30 22:20:00,1038.108,6.657
2015/06/30 22:30:00,1038.108,6.657
2015/06/30 22:40:00,1038.108,6.667
2015/06/30 22:50:00,1037.933,6.667
2015/06/30 23:00:00,1037.933,6.667
2015/06/30 23:10:00,1037.933,6.667
2015/06/30 23:20:00,1038.108,6.667
2015/06/30 23:30:00,1037.933,6.667
2015/06/30 23:40:00,1038.108,6.667
2015/06/30 23:50:00,1038.108,6.667
2015/07/01 00:00:00,1038.108,6.667
2015/07/01 00:10:00,1038.283,6.667
2015/07/01 00:20:00,1038.108,6.667
2015/07/01 00:30:00,1038.283,6.667
2015/07/01 00:40:00,1038.458,6.667
2015/07/01 00:50:00,1038.458,6.667
2015/07/01 01:00:00,1038.458,6.667
2015/07/01 01:10:00,1038.458,6.667
2015/07/01 01:20:00,1038.458,6.667
2015/07/01 01:30:00,1038.283,6.673
2015/07/01 01:40:00,1038.283,6.673
2015/07/01 01:50:00,1038.283,6.673
2015/07/01 02:00:00,1038.283,6.673
2015/07/01 02:10:00,1038.283,6.673
2015/07/01 02:20:00,1038.283,6.673
2015/07/01 02:30:00,1038.283,6.673
2015/07/01 02:40:00,1038.108,6.673
2015/07/01 02:50:00,1038.108,6.673
2015/07/01 03:00:00,1038.108,6.673
2015/07/01 03:10:00,1038.283,6.673
2015/07/01 03:20:00,1038.283,6.673
2015/07/01 03:30:00,1038.283,6.673
2015/07/01 03:40:00,1038.633,6.680
2015/07/01 03:50:00,1038.633,6.680
2015/07/01 04:00:00,1038.458,6.680
2015/07/01 04:10:00,1038.633,6.680
2015/07/01 04:20:00,1038.458,6.680
2015/07/01 04:30:00,1038.458,6.680
2015/07/01 04:40:00,1038.458,6.680
2015/07/01 04:50:00,1038.458,6.680
2015/07/01 05:00:00,1038.633,6.680
2015/07/01 05:10:00,1038.808,6.680
2015/07/01 05:20:00,1038.633,6.680
2015/07/01 05:30:00,1038.692,6.687
2015/07/01 05:40:00,1038.808,6.680
2015/07/01 05:50:00,1038.983,6.680
2015/07/01 06:00:00,1038.983,6.680
2015/07/01 06:10:00,1038.983,6.680
2015/07/01 06:20:00,1038.983,6.680
2015/07/01 06:30:00,1039.042,6.687
2015/07/01 06:40:00,1038.867,6.687
2015/07/01 06:50:00,1039.042,6.687
2015/07/01 07:00:00,1039.042,6.687
2015/07/01 07:10:00,1039.217,6.687
2015/07/01 07:20:00,1039.042,6.687
2015/07/01 07:30:00,1039.042,6.687
2015/07/01 07:40:00,1039.042,6.687
2015/07/01 07:50:00,1039.217,6.687
2015/07/01 08:00:00,1039.217,6.687
2015/07/01 08:10:00,1039.217,6.687
2015/07/01 08:20:00,1039.042,6.687
2015/07/01 08:30:00,1039.042,6.693
2015/07/01 08:40:00,1038.867,6.687
2015/07/01 08:50:00,1038.867,6.687
2015/07/01 09:00:00,1038.692,6.687
2015/07/01 09:10:00,1038.692,6.687
2015/07/01 09:20:00,1038.692,6.693
2015/07/01 09:30:00,1038.692,6.693
2015/07/01 09:40:00,1038.458,6.693
2015/07/01 09:50:00,1038.458,6.693
2015/07/01 10:00:00,1038.458,6.693
2015/07/01 10:10:00,1038.108,6.693
2015/07/01 10:20:00,1038.283,6.700
2015/07/01 10:30:00,1038.283,6.693
2015/07/01 10:40:00,1038.108,6.693
2015/07/01 10:50:00,1038.283,6.693
2015/07/01 11:00:00,1038.458,6.693
2015/07/01 11:10:00,1038.283,6.693
2015/07/01 11:20:00,1038.283,6.693
2015/07/01 11:30:00,1038.108,6.693
2015/07/01 11:40:00,1038.458,6.693
2015/07/01 11:50:00,1038.458,6.693
2015/07/01 12:00:00,1038.283,6.693
2015/07/01 12:10:00,1038.108,6.693
2015/07/01 12:20:00,1038.283,6.693
2015/07/01 12:30:00,1038.108,6.700
2015/07/01 12:40:00,1037.933,6.700
2015/07/01 12:50:00,1037.933,6.700
2015/07/01 13:00:00,1037.933,6.700
2015/07/01 13:10:00,1037.933,6.700
2015/07/01 13:20:00,1037.933,6.700
2015/07/01 13:30:00,1037.758,6.700
2015/07/01 13:40:00,1037.933,6.700
2015/07/01 13:50:00,1037.875,6.707
2015/07/01 14:00:00,1037.758,6.700
2015/07/01 14:10:00,1037.350,6.700
2015/07/01 14:20:00,1037.875,6.707
2015/07/01 14:30:00,1037.875,6.707
2015/07/01 14:40:00,1037.700,6.707
2015/07/01 14:50:00,1037.700,6.707
2015/07/01 15:00:00,1037.700,6.707
2015/07/01 15:10:00,1037.525,6.707
2015/07/01 15:20:00,1037.700,6.707
2015/07/01 15:30:00,1037.700,6.707
2015/07/01 15:40:00,1037.525,6.707
2015/07/01 15:50:00,1037.525,6.707
2015/07/01 16:00:00,1037.350,6.713
2015/07/01 16:10:00,1037.525,6.713
2015/07/01 16:20:00,1037.525,6.713
2015/07/01 16:30:00,1037.350,6.713
2015/07/01 16:40:00,1037.175,6.713
2015/07/01 16:50:00,1037.350,6.713
2015/07/01 17:00:00,1037.000,6.713
2015/07/01 17:10:00,1037.000,6.713
2015/07/01 17:20:00,1036.825,6.713
2015/07/01 17:30:00,1037.000,6.720
2015/07/01 17:40:00,1036.650,6.720
2015/07/01 17:50:00,1036.825,6.720
2015/07/01 18:00:00,1036.825,6.720
2015/07/01 18:10:00,1036.825,6.720
2015/07/01 18:20:00,1036.825,6.720
2015/07/01 18:30:00,1036.825,6.720
2015/07/01 18:40:00,1036.825,6.730
2015/07/01 18:50:00,1036.650,6.720
2015/07/01 19:00:00,1036.825,6.720
2015/07/01 19:10:00,1037.000,6.730
2015/07/01 19:20:00,1037.000,6.730
2015/07/01 19:30:00,1037.175,6.730
2015/07/01 19:40:00,1037.175,6.730
2015/07/01 19:50:00,1037.175,6.730
2015/07/01 20:00:00,1037.350,6.737
2015/07/01 20:10:00,1037.350,6.737
2015/07/01 20:20:00,1037.350,6.737
2015/07/01 20:30:00,1037.525,6.737
2015/07/01 20:40:00,1037.525,6.737
2015/07/01 20:50:00,1037.525,6.737
2015/07/01 21:00:00,1037.525,6.737
2015/07/01 21:10:00,1037.525,6.737
2015/07/01 21:20:00,1037.758,6.737
2015/07/01 21:30:00,1037.525,6.737
2015/07/01 21:40:00,1037.758,6.737
2015/07/01 21:50:00,1037.933,6.737
2015/07/01 22:00:00,1037.933,6.737
2015/07/01 22:10:00,1037.933,6.737
2015/07/01 22:20:00,1037.933,6.743
2015/07/01 22:30:00,1037.933,6.743
2015/07/01 22:40:00,1038.108,6.743
2015/07/01 22:50:00,1038.283,6.743
2015/07/01 23:00:00,1038.283,6.743
2015/07/01 23:10:00,1038.283,6.743
2015/07/01 23:20:00,1038.283,6.743
2015/07/01 23:30:00,1038.108,6.743
2015/07/01 23:40:00,1038.108,6.743
2015/07/01 23:50:00,1038.108,6.743
2015/07/02 00:00:00,1038.458,6.750
2015/07/02 00:10:00,1038.458,6.750
2015/07/02 00:20:00,1038.108,6.743
2015/07/02 00:30:00,1038.108,6.743
2015/07/02 00:40:00,1038.108,6.743
2015/07/02 00:50:00,1038.283,6.743
2015/07/02 01:00:00,1038.108,6.743
2015/07/02 01:10:00,1038.283,6.750
2015/07/02 01:20:00,1038.283,6.750
2015/07/02 01:30:00,1038.458,6.750
2015/07/02 01:40:00,1038.458,6.750
2015/07/02 01:50:00,1038.050,6.750
2015/07/02 02:00:00,1038.050,6.750
2015/07/02 02:10:00,1038.283,6.750
2015/07/02 02:20:00,1038.283,6.750
2015/07/02 02:30:00,1038.283,6.750
2015/07/02 02:40:00,1038.050,6.750
2015/07/02 02:50:00,1038.050,6.750
2015/07/02 03:00:00,1037.875,6.750
2015/07/02 03:10:00,1038.050,6.750
2015/07/02 03:20:00,1038.050,6.750
2015/07/02 03:30:00,1038.050,6.750
2015/07/02 03:40:00,1038.050,6.750
2015/07/02 03:50:00,1038.050,6.750
2015/07/02 04:00:00,1037.933,6.757
2015/07/02 04:10:00,1037.933,6.757
2015/07/02 04:20:00,1038.108,6.757
2015/07/02 04:30:00,1038.108,6.757
2015/07/02 04:40:00,1037.933,6.757
2015/07/02 04:50:00,1038.108,6.757
2015/07/02 05:00:00,1038.108,6.757
2015/07/02 05:10:00,1038.108,6.757
2015/07/02 05:20:00,1038.108,6.757
2015/07/02 05:30:00,1038.108,6.757
2015/07/02 05:40:00,1038.108,6.757
2015/07/02 05:50:00,1038.283,6.757
2015/07/02 06:00:00,1038.458,6.757
2015/07/02 06:10:00,1038.458,6.757
2015/07/02 06:20:00,1038.692,6.757
2015/07/02 06:30:00,1038.867,6.763
2015/07/02 06:40:00,1039.042,6.763
2015/07/02 06:50:00,1038.867,6.763
2015/07/02 07:00:00,1038.867,6.763
2015/07/02 07:10:00,1038.867,6.763
2015/07/02 07:20:00,1038.867,6.763
2015/07/02 07:30:00,1038.867,6.763
2015/07/02 07:40:00,1038.692,6.763
2015/07/02 07:50:00,1038.692,6.763
2015/07/02 08:00:00,1038.692,6.763
2015/07/02 08:10:00,1038.692,6.763
2015/07/02 08:20:00,1038.283,6.770
2015/07/02 08:30:00,1038.692,6.763
2015/07/02 08:40:00,1038.283,6.770
2015/07/02 08:50:00,1038.283,6.770
2015/07/02 09:00:00,1038.283,6.770
2015/07/02 09:10:00,1038.283,6.770
2015/07/02 09:20:00,1038.458,6.770
2015/07/02 09:30:00,1038.283,6.770
2015/07/02 09:40:00,1038.283,6.770
2015/07/02 09:50:00,1038.283,6.770
2015/07/02 10:00:00,1038.108,6.770
2015/07/02 10:10:00,1038.458,6.777
2015/07/02 10:20:00,1038.458,6.777
2015/07/02 10:30:00,1038.458,6.777
2015/07/02 10:40:00,1038.458,6.777
2015/07/02 10:50:00,1038.283,6.777
2015/07/02 11:00:00,1038.283,6.777
2015/07/02 11:10:00,1038.283,6.777
2015/07/02 11:20:00,1037.933,6.783
2015/07/02 11:30:00,1038.050,6.777
2015/07/02 11:40:00,1038.050,6.777
2015/07/02 11:50:00,1037.875,6.777
2015/07/02 12:00:00,1037.875,6.777
2015/07/02 12:10:00,1037.875,6.777
2015/07/02 12:20:00,1037.525,6.783
2015/07/02 12:30:00,1037.350,6.783
2015/07/02 12:40:00,1037.350,6.783
2015/07/02 12:50:00,1037.350,6.783
2015/07/02 13:00:00,1037.350,6.783
2015/07/02 13:10:00,1037.000,6.783
2015/07/02 13:20:00,1037.175,6.783
2015/07/02 13:30:00,1037.175,6.783
2015/07/02 13:40:00,1037.175,6.783
2015/07/02 13:50:00,1037.175,6.783
2015/07/02 14:00:00,1037.175,6.783
2015/07/02 14:10:00,1037.175,6.783
2015/07/02 14:20:00,1037.117,6.793
2015/07/02 14:30:00,1037.117,6.793
2015/07/02 14:40:00,1036.942,6.793
2015/07/02 14:50:00,1036.942,6.793
2015/07/02 15:00:00,1036.942,6.793
2015/07/02 15:10:00,1036.767,6.793
2015/07/02 15:20:00,1036.767,6.793
2015/07/02 15:30:00,1036.592,6.793
2015/07/02 15:40:00,1036.767,6.793
2015/07/02 15:50:00,1036.417,6.793
2015/07/02 16:00:00,1036.417,6.793
2015/07/02 16:10:00,1036.417,6.793
2015/07/02 16:20:00,1036.242,6.793
2015/07/02 16:30:00,1036.008,6.793
2015/07/02 16:40:00,1036.008,6.793
2015/07/02 16:50:00,1036.008,6.793
2015/07/02 17:00:00,1035.717,6.800
2015/07/02 17:10:00,1035.658,6.793
2015/07/02 17:20:00,1035.658,6.793
2015/07/02 17:30:00,1035.717,6.800
2015/07/02 17:40:00,1035.483,6.800
2015/07/02 17:50:00,1035.717,6.800
2015/07/02 18:00:00,1035.483,6.800
2015/07/02 18:10:00,1035.308,6.800
2015/07/02 18:20:00,1035.483,6.800
2015/07/02 18:30:00,1035.308,6.800
2015/07/02 18:40:00,1035.483,6.800
2015/07/02 18:50:00,1035.308,6.800
2015/07/02 19:00:00,1035.483,6.800
2015/07/02 19:10:00,1035.308,6.800
2015/07/02 19:20:00,1035.308,6.800
2015/07/02 19:30:00,1035.133,6.800
2015/07/02 19:40:00,1035.308,6.807
2015/07/02 19:50:00,1035.483,6.800
2015/07/02 20:00:00,1035.308,6.807
2015/07/02 20:10:00,1035.133,6.807
2015/07/02 20:20:00,1035.308,6.807
2015/07/02 20:30:00,1035.133,6.807
2015/07/02 20:40:00,1035.308,6.807
2015/07/02 20:50:00,1035.308,6.807
2015/07/02 21:00:00,1035.483,6.807
2015/07/02 21:10:00,1035.483,6.807
2015/07/02 21:20:00,1035.308,6.813
2015/07/02 21:30:00,1035.483,6.813
2015/07/02 21:40:00,1035.717,6.813
2015/07/02 21:50:00,1035.483,6.813
2015/07/02 22:00:00,1035.483,6.813
2015/07/02 22:10:00,1035.308,6.813
2015/07/02 22:20:00,1035.308,6.813
2015/07/02 22:30:00,1035.133,6.813
2015/07/02 22:40:00,1035.133,6.813
2015/07/02 22:50:00,1034.958,6.813
2015/07/02 23:00:00,1034.958,6.813
2015/07/02 23:10:00,1034.783,6.813
2015/07/02 23:20:00,1034.783,6.813
2015/07/02 23:30:00,1034.783,6.813
2015/07/02 23:40:00,1034.783,6.813
2015/07/02 23:50:00,1034.783,6.813
2015/07/03 00:00:00,1034.900,6.820
2015/07/03 00:10:00,1034.900,6.820
2015/07/03 00:20:00,1034.900,6.820
2015/07/03 00:30:00,1035.075,6.820
2015/07/03 00:40:00,1034.958,6.813
2015/07/03 00:50:00,1035.075,6.820
2015/07/03 01:00:00,1034.900,6.820
2015/07/03 01:10:00,1034.900,6.820
2015/07/03 01:20:00,1034.900,6.820
2015/07/03 01:30:00,1034.900,6.820
2015/07/03 01:40:00,1034.900,6.820
2015/07/03 01:50:00,1034.783,6.827
2015/07/03 02:00:00,1034.550,6.820
2015/07/03 02:10:00,1034.375,6.827
2015/07/03 02:20:00,1034.375,6.827
2015/07/03 02:30:00,1034.550,6.827
2015/07/03 02:40:00,1034.375,6.827
2015/07/03 02:50:00,1034.200,6.827
2015/07/03 03:00:00,1034.025,6.827
2015/07/03 03:10:00,1034.025,6.827
2015/07/03 03:20:00,1034.025,6.827
2015/07/03 03:30:00,1034.200,6.827
2015/07/03 03:40:00,1034.025,6.827
2015/07/03 03:50:00,1034.025,6.827
2015/07/03 04:00:00,1033.850,6.827
2015/07/03 04:10:00,1033.850,6.827
2015/07/03 04:20:00,1033.850,6.827
2015/07/03 04:30:00,1034.025,6.827
2015/07/03 04:40:00,1034.025,6.827
2015/07/03 04:50:00,1034.025,6.833
2015/07/03 05:00:00,1033.850,6.833
2015/07/03 05:10:00,1034.025,6.833
2015/07/03 05:20:00,1034.200,6.833
2015/07/03 05:30:00,1034.200,6.833
2015/07/03 05:40:00,1034.200,6.833
2015/07/03 05:50:00,1034.025,6.833
2015/07/03 06:00:00,1034.200,6.833
2015/07/03 06:10:00,1034.200,6.833
2015/07/03 06:20:00,1034.375,6.833
2015/07/03 06:30:00,1034.375,6.833
2015/07/03 06:40:00,1034.375,6.833
2015/07/03 06:50:00,1034.375,6.833
2015/07/03 07:00:00,1034.375,6.833
2015/07/03 07:10:00,1034.200,6.833
2015/07/03 07:20:00,1034.375,6.840
2015/07/03 07:30:00,1034.375,6.840
2015/07/03 07:40:00,1034.375,6.840
2015/07/03 07:50:00,1034.375,6.840
2015/07/03 08:00:00,1034.375,6.840
2015/07/03 08:10:00,1034.375,6.840
2015/07/03 08:20:00,1034.550,6.840
2015/07/03 08:30:00,1034.550,6.840
2015/07/03 08:40:00,1034.375,6.840
2015/07/03 08:50:00,1034.200,6.840
2015/07/03 09:00:00,1034.375,6.840
2015/07/03 09:10:00,1034.200,6.840
2015/07/03 09:20:00,1034.200,6.840
2015/07/03 09:30:00,1034.200,6.840
2015/07/03 09:40:00,1034.200,6.840
2015/07/03 09:50:00,1034.200,6.840
2015/07/03 10:00:00,1034.200,6.840
2015/07/03 10:10:00,1033.967,6.847
2015/07/03 10:20:00,1033.967,6.847
2015/07/03 10:30:00,1033.792,6.847
2015/07/03 10:40:00,1033.792,6.847
2015/07/03 10:50:00,1033.617,6.847
2015/07/03 11:00:00,1033.792,6.847
2015/07/03 11:10:00,1033.617,6.847
2015/07/03 11:20:00,1033.442,6.847
2015/07/03 11:30:00,1033.617,6.847
2015/07/03 11:40:00,1033.442,6.847
2015/07/03 11:50:00,1033.442,6.847
2015/07/03 12:00:00,1033.617,6.847
2015/07/03 12:10:00,1033.617,6.847
2015/07/03 12:20:00,1033.442,6.847
2015/07/03 12:30:00,1033.442,6.847
2015/07/03 12:40:00,1033.267,6.857
2015/07/03 12:50:00,1033.092,6.857
2015/07/03 13:00:00,1033.092,6.857
2015/07/03 13:10:00,1033.092,6.857
2015/07/03 13:20:00,1032.917,6.857
2015/07/03 13:30:00,1033.267,6.857
2015/07/03 13:40:00,1033.092,6.857
2015/07/03 13:50:00,1032.917,6.857
2015/07/03 14:00:00,1033.092,6.857
2015/07/03 14:10:00,1033.267,6.857
2015/07/03 14:20:00,1032.917,6.857
2015/07/03 14:30:00,1033.092,6.857
2015/07/03 14:40:00,1033.267,6.863
2015/07/03 14:50:00,1033.092,6.857
2015/07/03 15:00:00,1033.442,6.863
2015/07/03 15:10:00,1033.442,6.863
2015/07/03 15:20:00,1033.442,6.863
2015/07/03 15:30:00,1033.442,6.863
2015/07/03 15:40:00,1033.267,6.863
2015/07/03 15:50:00,1033.267,6.863
2015/07/03 16:00:00,1033.033,6.863
2015/07/03 16:10:00,1033.267,6.863
2015/07/03 16:20:00,1033.033,6.863
2015/07/03 16:30:00,1033.267,6.863
2015/07/03 16:40:00,1033.033,6.863
2015/07/03 16:50:00,1033.267,6.863
2015/07/03 17:00:00,1033.033,6.863
2015/07/03 17:10:00,1033.033,6.863
2015/07/03 17:20:00,1033.033,6.863
2015/07/03 17:30:00,1033.267,6.863
2015/07/03 17:40:00,1033.267,6.863
2015/07/03 17:50:00,1033.267,6.863
2015/07/03 18:00:00,1033.267,6.863
2015/07/03 18:10:00,1033.267,6.863
2015/07/03 18:20:00,1033.267,6.863
2015/07/03 18:30:00,1033.092,6.870
2015/07/03 18:40:00,1033.092,6.870
2015/07/03 18:50:00,1033.092,6.870
2015/07/03 19:00:00,1033.092,6.870
2015/07/03 19:10:00,1033.092,6.870
2015/07/03 19:20:00,1033.092,6.870
2015/07/03 19:30:00,1033.267,6.870
2015/07/03 19:40:00,1033.092,6.870
2015/07/03 19:50:00,1033.442,6.870
2015/07/03 20:00:00,1033.442,6.877
2015/07/03 20:10:00,1033.267,6.877
2015/07/03 20:20:00,1033.267,6.877
2015/07/03 20:30:00,1033.267,6.877
2015/07/03 20:40:00,1033.267,6.870
2015/07/03 20:50:00,1033.267,6.877
2015/07/03 21:00:00,1033.442,6.877
2015/07/03 21:10:00,1033.442,6.877
2015/07/03 21:20:00,1033.675,6.877
2015/07/03 21:30:00,1033.675,6.877
2015/07/03 21:40:00,1033.850,6.877
2015/07/03 21:50:00,1033.675,6.877
2015/07/03 22:00:00,1034.025,6.877
2015/07/03 22:10:00,1034.025,6.883
2015/07/03 22:20:00,1034.025,6.877
2015/07/03 22:30:00,1034.025,6.883
2015/07/03 22:40:00,1034.200,6.883
2015/07/03 22:50:00,1034.200,6.883
2015/07/03 23:00:00,1034.375,6.883
2015/07/03 23:10:00,1034.375,6.883
2015/07/03 23:20:00,1034.550,6.883
2015/07/03 23:30:00,1034.550,6.883
2015/07/03 23:40:00,1034.550,6.883
2015/07/03 23:50:00,1034.783,6.883
2015/07/04 00:00:00,1034.783,6.883
2015/07/04 00:10:00,1034.958,6.883
2015/07/04 00:20:00,1035.075,6.890
2015/07/04 00:30:00,1035.308,6.890
2015/07/04 00:40:00,1035.308,6.890
2015/07/04 00:50:00,1035.483,6.890
2015/07/04 01:00:00,1035.308,6.890
2015/07/04 01:10:00,1035.308,6.890
2015/07/04 01:20:00,1035.308,6.890
2015/07/04 01:30:00,1035.308,6.890
2015/07/04 01:40:00,1035.308,6.890
2015/07/04 01:50:00,1035.308,6.890
2015/07/04 02:00:00,1035.075,6.890
2015/07/04 02:10:00,1035.075,6.890
2015/07/04 02:20:00,1035.075,6.897
2015/07/04 02:30:00,1035.075,6.890
2015/07/04 02:40:00,1035.308,6.897
2015/07/04 02:50:00,1035.075,6.897
2015/07/04 03:00:00,1035.075,6.897
2015/07/04 03:10:00,1035.483,6.897
2015/07/04 03:20:00,1035.308,6.897
2015/07/04 03:30:00,1035.308,6.897
2015/07/04 03:40:00,1035.483,6.897
2015/07/04 03:50:00,1035.308,6.897
2015/07/04 04:00:00,1035.308,6.897
2015/07/04 04:10:00,1035.308,6.903
2015/07/04 04:20:00,1035.483,6.903
2015/07/04 04:30:00,1035.483,6.903
2015/07/04 04:40:00,1035.483,6.897
2015/07/04 04:50:00,1035.483,6.903
2015/07/04 05:00:00,1035.483,6.903
2015/07/04 05:10:00,1035.483,6.903
2015/07/04 05:20:00,1035.658,6.903
2015/07/04 05:30:00,1035.658,6.903
2015/07/04 05:40:00,1035.658,6.903
2015/07/04 05:50:00,1035.483,6.903
2015/07/04 06:00:00,1035.658,6.903
2015/07/04 06:10:00,1035.833,6.903
2015/07/04 06:20:00,1035.833,6.903
2015/07/04 06:30:00,1035.833,6.910
2015/07/04 06:40:00,1036.242,6.903
2015/07/04 06:50:00,1036.242,6.910
2015/07/04 07:00:00,1036.242,6.910
2015/07/04 07:10:00,1036.008,6.903
2015/07/04 07:20:00,1036.417,6.910
2015/07/04 07:30:00,1036.417,6.910
2015/07/04 07:40:00,1036.417,6.910
2015/07/04 07:50:00,1036.242,6.910
2015/07/04 08:00:00,1036.417,6.910
2015/07/04 08:10:00,1036.242,6.910
2015/07/04 08:20:00,1036.242,6.910
2015/07/04 08:30:00,1036.242,6.910
2015/07/04 08:40:00,1036.008,6.910
2015/07/04 08:50:00,1036.008,6.920
2015/07/04 09:00:00,1036.008,6.920
2015/07/04 09:10:00,1036.008,6.920
2015/07/04 09:20:00,1035.833,6.920
2015/07/04 09:30:00,1035.833,6.920
2015/07/04 09:40:00,1035.833,6.920
2015/07/04 09:50:00,1036.008,6.920
2015/07/04 10:00:00,1035.833,6.920
2015/07/04 10:10:00,1035.833,6.920
2015/07/04 10:20:00,1035.833,6.920
2015/07/04 10:30:00,1035.658,6.920
2015/07/04 10:40:00,1035.483,6.920
2015/07/04 10:50:00,1035.483,6.927
2015/07/04 11:00:00,1035.483,6.927
2015/07/04 11:10:00,1035.075,6.927
2015/07/04 11:20:00,1035.075,6.927
2015/07/04 11:30:00,1035.075,6.927
2015/07/04 11:40:00,1034.900,6.927
2015/07/04 11:50:00,1034.900,6.927
2015/07/04 12:00:00,1034.900,6.927
2015/07/04 12:10:00,1034.725,6.927
2015/07/04 12:20:00,1034.725,6.927
2015/07/04 12:30:00,1034.725,6.927
2015/07/04 12:40:00,1034.492,6.933
2015/07/04 12:50:00,1034.550,6.927
2015/07/04 13:00:00,1034.492,6.933
2015/07/04 13:10:00,1034.492,6.933
2015/07/04 13:20:00,1034.317,6.933
2015/07/04 13:30:00,1034.375,6.940
2015/07/04 13:40:00,1034.492,6.933
2015/07/04 13:50:00,1034.317,6.933
2015/07/04 14:00:00,1033.967,6.940
2015/07/04 14:10:00,1033.967,6.940
2015/07/04 14:20:00,1033.967,6.940
2015/07/04 14:30:00,1033.792,6.940
2015/07/04 14:40:00,1033.792,6.940
2015/07/04 14:50:00,1033.617,6.940
2015/07/04 15:00:00,1033.792,6.940
2015/07/04 15:10:00,1033.617,6.940
2015/07/04 15:20:00,1033.792,6.940
2015/07/04 15:30:00,1033.442,6.940
2015/07/04 15:40:00,1033.617,6.940
2015/07/04 15:50:00,1033.617,6.940
2015/07/04 16:00:00,1033.617,6.940
2015/07/04 16:10:00,1033.442,6.947
2015/07/04 16:20:00,1033.442,6.947
2015/07/04 16:30:00,1033.267,6.940
2015/07/04 16:40:00,1033.267,6.940
2015/07/04 16:50:00,1033.267,6.947
2015/07/04 17:00:00,1033.267,6.947
2015/07/04 17:10:00,1033.267,6.947
2015/07/04 17:20:00,1033.033,6.947
2015/07/04 17:30:00,1033.033,6.947
2015/07/04 17:40:00,1032.858,6.947
2015/07/04 17:50:00,1032.858,6.947
2015/07/04 18:00:00,1032.683,6.947
2015/07/04 18:10:00,1032.683,6.947
2015/07/04 18:20:00,1032.333,6.947
2015/07/04 18:30:00,1032.508,6.947
2015/07/04 18:40:00,1032.508,6.953
2015/07/04 18:50:00,1032.100,6.953
2015/07/04 19:00:00,1031.925,6.947
2015/07/04 19:10:00,1032.100,6.953
2015/07/04 19:20:00,1031.925,6.953
2015/07/04 19:30:00,1031.750,6.953
2015/07/04 19:40:00,1031.750,6.953
2015/07/04 19:50:00,1031.750,6.953
2015/07/04 20:00:00,1031.925,6.953
2015/07/04 20:10:00,1031.750,6.960
2015/07/04 20:20:00,1031.925,6.960
2015/07/04 20:30:00,1031.925,6.960
2015/07/04 20:40:00,1032.100,6.960
2015/07/04 20:50:00,1032.333,6.960
2015/07/04 21:00:00,1032.508,6.960
2015/07/04 21:10:00,1032.683,6.960
2015/07/04 21:20:00,1033.033,6.960
2015/07/04 21:30:00,1033.267,6.960
2015/07/04 21:40:00,1033.267,6.960
2015/07/04 21:50:00,1033.442,6.960
2015/07/04 22:00:00,1033.792,6.960
2015/07/04 22:10:00,1033.675,6.967
2015/07/04 22:20:00,1033.850,6.967
2015/07/04 22:30:00,1034.025,6.967
2015/07/04 22:40:00,1033.850,6.967
2015/07/04 22:50:00,1034.025,6.967
2015/07/04 23:00:00,1034.025,6.967
2015/07/04 23:10:00,1033.850,6.967
2015/07/04 23:20:00,1034.025,6.967
2015/07/04 23:30:00,1033.850,6.967
2015/07/04 23:40:00,1033.675,6.967
2015/07/04 23:50:00,1033.442,6.967
2015/07/05 00:00:00,1033.267,6.967
2015/07/05 00:10:00,1033.267,6.967
2015/07/05 00:20:00,1033.033,6.977
2015/07/05 00:30:00,1033.033,6.977
2015/07/05 00:40:00,1032.858,6.977
2015/07/05 00:50:00,1033.033,6.977
2015/07/05 01:00:00,1032.858,6.977
2015/07/05 01:10:00,1033.033,6.977
2015/07/05 01:20:00,1033.033,6.977
2015/07/05 01:30:00,1033.442,6.977
2015/07/05 01:40:00,1033.442,6.977
2015/07/05 01:50:00,1033.267,6.977
2015/07/05 02:00:00,1033.267,6.977
2015/07/05 02:10:00,1033.442,6.977
2015/07/05 02:20:00,1033.617,6.977
2015/07/05 02:30:00,1033.442,6.977
2015/07/05 02:40:00,1033.617,6.977
2015/07/05 02:50:00,1033.675,6.983
2015/07/05 03:00:00,1033.675,6.983
2015/07/05 03:10:00,1033.442,6.983
2015/07/05 03:20:00,1033.675,6.983
2015/07/05 03:30:00,1033.850,6.983
2015/07/05 03:40:00,1033.850,6.983
2015/07/05 03:50:00,1033.850,6.983
2015/07/05 04:00:00,1033.675,6.983
2015/07/05 04:10:00,1033.675,6.983
2015/07/05 04:20:00,1033.675,6.983
2015/07/05 04:30:00,1033.850,6.983
2015/07/05 04:40:00,1033.442,6.983
2015/07/05 04:50:00,1033.442,6.983
2015/07/05 05:00:00,1033.442,6.983
2015/07/05 05:10:00,1033.267,6.990
2015/07/05 05:20:00,1033.442,6.990
2015/07/05 05:30:00,1033.092,6.990
2015/07/05 05:40:00,1033.267,6.990
2015/07/05 05:50:00,1033.442,6.990
2015/07/05 06:00:00,1033.267,6.990
2015/07/05 06:10:00,1033.092,6.990
2015/07/05 06:20:00,1033.092,6.990
2015/07/05 06:30:00,1033.092,6.990
2015/07/05 06:40:00,1033.092,6.990
2015/07/05 06:50:00,1032.917,6.990
2015/07/05 07:00:00,1032.917,6.997
2015/07/05 07:10:00,1032.917,6.997
2015/07/05 07:20:00,1032.742,6.997
2015/07/05 07:30:00,1032.742,6.997
2015/07/05 07:40:00,1032.917,6.997
2015/07/05 07:50:00,1032.917,6.997
2015/07/05 08:00:00,1032.333,6.997
2015/07/05 08:10:00,1032.742,6.997
2015/07/05 08:20:00,1032.333,6.997
2015/07/05 08:30:00,1032.508,6.997
2015/07/05 08:40:00,1032.508,6.997
2015/07/05 08:50:00,1032.333,6.997
2015/07/05 09:00:00,1032.742,6.997
2015/07/05 09:10:00,1032.508,6.997
2015/07/05 09:20:00,1032.508,7.003
2015/07/05 09:30:00,1032.333,7.003
2015/07/05 09:40:00,1032.333,7.003
2015/07/05 09:50:00,1031.925,7.003
2015/07/05 10:00:00,1031.808,6.997
2015/07/05 10:10:00,1031.400,6.997
2015/07/05 10:20:00,1031.400,7.003
2015/07/05 10:30:00,1031.225,7.003
2015/07/05 10:40:00,1031.400,7.003
2015/07/05 10:50:00,1031.225,7.003
2015/07/05 11:00:00,1030.992,7.003
2015/07/05 11:10:00,1030.992,7.003
2015/07/05 11:20:00,1030.992,7.003
2015/07/05 11:30:00,1030.992,7.003
2015/07/05 11:40:00,1031.225,7.003
2015/07/05 11:50:00,1030.875,7.010
2015/07/05 12:00:00,1030.875,7.010
2015/07/05 12:10:00,1031.050,7.010
2015/07/05 12:20:00,1030.875,7.010
2015/07/05 12:30:00,1030.875,7.010
2015/07/05 12:40:00,1030.875,7.010
2015/07/05 12:50:00,1030.875,7.010
2015/07/05 13:00:00,1031.050,7.010
2015/07/05 13:10:00,1030.875,7.010
2015/07/05 13:20:00,1030.700,7.010
2015/07/05 13:30:00,1030.700,7.010
2015/07/05 13:40:00,1030.467,7.010
2015/07/05 13:50:00,1030.467,7.010
2015/07/05 14:00:00,1030.467,7.010
2015/07/05 14:10:00,1030.117,7.010
2015/07/05 14:20:00,1030.292,7.010
2015/07/05 14:30:00,1030.117,7.010
2015/07/05 14:40:00,1030.117,7.017
2015/07/05 14:50:00,1029.942,7.017
2015/07/05 15:00:00,1029.767,7.017
2015/07/05 15:10:00,1029.533,7.017
2015/07/05 15:20:00,1029.533,7.017
2015/07/05 15:30:00,1029.358,7.017
2015/07/05 15:40:00,1029.183,7.017
2015/07/05 15:50:00,1029.183,7.017
2015/07/05 16:00:00,1029.183,7.017
2015/07/05 16:10:00,1028.833,7.017
2015/07/05 16:20:00,1029.008,7.017
2015/07/05 16:30:00,1028.833,7.023
2015/07/05 16:40:00,1028.833,7.023
2015/07/05 16:50:00,1028.658,7.023
2015/07/05 17:00:00,1028.425,7.023
2015/07/05 17:10:00,1028.250,7.023
2015/07/05 17:20:00,1028.425,7.023
2015/07/05 17:30:00,1028.425,7.023
2015/07/05 17:40:00,1028.250,7.023
2015/07/05 17:50:00,1028.075,7.023
2015/07/05 18:00:00,1028.075,7.023
2015/07/05 18:10:00,1027.900,7.023
2015/07/05 18:20:00,1027.900,7.023
2015/07/05 18:30:00,1027.725,7.023
2015/07/05 18:40:00,1027.725,7.023
2015/07/05 18:50:00,1027.667,7.030
2015/07/05 19:00:00,1027.667,7.030
2015/07/05 19:10:00,1027.667,7.030
2015/07/05 19:20:00,1027.667,7.030
2015/07/05 19:30:00,1027.667,7.030
2015/07/05 19:40:00,1027.842,7.030
2015/07/05 19:50:00,1027.667,7.040
2015/07/05 20:00:00,1027.667,7.030
2015/07/05 20:10:00,1027.317,7.030
2015/07/05 20:20:00,1026.908,7.030
2015/07/05 20:30:00,1027.317,7.030
2015/07/05 20:40:00,1027.492,7.040
2015/07/05 20:50:00,1027.492,7.040
2015/07/05 21:00:00,1027.492,7.040
2015/07/05 21:10:00,1027.317,7.040
2015/07/05 21:20:00,1027.842,7.040
2015/07/05 21:30:00,1028.775,7.047
2015/07/05 21:40:00,1029.358,7.040
2015/07/05 21:50:00,1029.358,7.040
2015/07/05 22:00:00,1029.708,7.047
2015/07/05 22:10:00,1029.358,7.047
2015/07/05 22:20:00,1029.708,7.047
2015/07/05 22:30:00,1029.533,7.040
2015/07/05 22:40:00,1029.708,7.040
2015/07/05 22:50:00,1029.533,7.047
2015/07/05 23:00:00,1029.358,7.047
2015/07/05 23:10:00,1029.883,7.047
2015/07/05 23:20:00,1029.883,7.047
2015/07/05 23:30:00,1029.883,7.047
2015/07/05 23:40:00,1029.883,7.047
2015/07/05 23:50:00,1029.883,7.047
2015/07/06 00:00:00,1030.642,7.047
2015/07/06 00:10:00,1030.642,7.047
2015/07/06 00:20:00,1030.467,7.047
2015/07/06 00:30:00,1031.225,7.047
2015/07/06 00:40:00,1031.400,7.047
2015/07/06 00:50:00,1031.225,7.047
2015/07/06 01:00:00,1031.225,7.047
2015/07/06 01:10:00,1031.400,7.047
2015/07/06 01:20:00,1031.225,7.047
2015/07/06 01:30:00,1031.225,7.047
2015/07/06 01:40:00,1031.050,7.053
2015/07/06 01:50:00,1031.225,7.053
2015/07/06 02:00:00,1031.225,7.053
2015/07/06 02:10:00,1031.225,7.053
2015/07/06 02:20:00,1031.400,7.053
2015/07/06 02:30:00,1031.400,7.053
2015/07/06 02:40:00,1031.400,7.053
2015/07/06 02:50:00,1031.225,7.053
2015/07/06 03:00:00,1031.400,7.053
2015/07/06 03:10:00,1031.050,7.053
2015/07/06 03:20:00,1031.050,7.053
2015/07/06 03:30:00,1031.050,7.053
2015/07/06 03:40:00,1030.875,7.053
2015/07/06 03:50:00,1030.875,7.053
2015/07/06 04:00:00,1030.875,7.053
2015/07/06 04:10:00,1030.875,7.060
2015/07/06 04:20:00,1031.050,7.053
2015/07/06 04:30:00,1031.050,7.060
2015/07/06 04:40:00,1031.225,7.060
2015/07/06 04:50:00,1031.400,7.060
2015/07/06 05:00:00,1031.400,7.060
2015/07/06 05:10:00,1031.633,7.060
2015/07/06 05:20:00,1031.633,7.060
2015/07/06 05:30:00,1031.633,7.060
2015/07/06 05:40:00,1031.808,7.060
2015/07/06 05:50:00,1031.808,7.060
2015/07/06 06:00:00,1032.158,7.060
2015/07/06 06:10:00,1032.333,7.067
2015/07/06 06:20:00,1032.333,7.060
2015/07/06 06:30:00,1032.508,7.067
2015/07/06 06:40:00,1032.508,7.067
2015/07/06 06:50:00,1032.742,7.067
2015/07/06 07:00:00,1032.742,7.067
2015/07/06 07:10:00,1032.917,7.067
2015/07/06 07:20:00,1032.917,7.067
2015/07/06 07:30:00,1032.917,7.067
2015/07/06 07:40:00,1032.917,7.067
2015/07/06 07:50:00,1032.742,7.067
2015/07/06 08:00:00,1032.742,7.067
2015/07/06 08:10:00,1032.742,7.067
2015/07/06 08:20:00,1032.917,7.067
2015/07/06 08:30:00,1032.742,7.067
2015/07/06 08:40:00,1033.092,7.067
2015/07/06 08:50:00,1033.092,7.067
2015/07/06 09:00:00,1033.033,7.073
2015/07/06 09:10:00,1032.917,7.067
2015/07/06 09:20:00,1033.033,7.073
2015/07/06 09:30:00,1033.267,7.073
2015/07/06 09:40:00,1033.442,7.073
2015/07/06 09:50:00,1033.442,7.073
2015/07/06 10:00:00,1033.267,7.073
2015/07/06 10:10:00,1033.442,7.073
2015/07/06 10:20:00,1033.442,7.073
2015/07/06 10:30:00,1033.617,7.073
2015/07/06 10:40:00,1033.442,7.073
2015/07/06 10:50:00,1033.617,7.073
2015/07/06 11:00:00,1033.617,7.073
2015/07/06 11:10:00,1033.792,7.073
2015/07/06 11:20:00,1033.792,7.073
2015/07/06 11:30:00,1033.792,7.073
2015/07/06 11:40:00,1034.200,7.073
2015/07/06 11:50:00,1033.792,7.073
2015/07/06 12:00:00,1034.200,7.073
2015/07/06 12:10:00,1034.200,7.073
2015/07/06 12:20:00,1034.200,7.073
2015/07/06 12:30:00,1034.200,7.073
2015/07/06 12:40:00,1034.200,7.073
2015/07/06 12:50:00,1034.375,7.073
2015/07/06 13:00:00,1034.550,7.073
2015/07/06 13:10:00,1034.550,7.073
2015/07/06 13:20:00,1034.375,7.073
2015/07/06 13:30:00,1034.550,7.073
2015/07/06 13:40:00,1034.025,7.080
2015/07/06 13:50:00,1034.200,7.080
2015/07/06 14:00:00,1034.375,7.080
2015/07/06 14:10:00,1034.200,7.080
2015/07/06 14:20:00,1034.200,7.073
2015/07/06 14:30:00,1034.025,7.080
2015/07/06 14:40:00,1034.025,7.080
2015/07/06 14:50:00,1034.375,7.080
2015/07/06 15:00:00,1034.375,7.080
2015/07/06 15:10:00,1034.550,7.080
2015/07/06 15:20:00,1034.550,7.080
2015/07/06 15:30:00,1034.550,7.080
2015/07/06 15:40:00,1034.375,7.080
2015/07/06 15:50:00,1034.550,7.087
2015/07/06 16:00:00,1034.550,7.080
2015/07/06 16:10:00,1034.550,7.087
2015/07/06 16:20:00,1034.550,7.080
2015/07/06 16:30:00,1034.550,7.080
2015/07/06 16:40:00,1034.783,7.080
2015/07/06 16:50:00,1034.783,7.087
2015/07/06 17:00:00,1034.550,7.087
2015/07/06 17:10:00,1034.783,7.087
2015/07/06 17:20:00,1034.783,7.087
2015/07/06 17:30:00,1034.958,7.087
2015/07/06 17:40:00,1034.958,7.087
2015/07/06 17:50:00,1034.958,7.087
2015/07/06 18:00:00,1035.308,7.087
2015/07/06 18:10:00,1035.308,7.087
2015/07/06 18:20:00,1035.308,7.087
2015/07/06 18:30:00,1035.717,7.087
2015/07/06 18:40:00,1035.483,7.087
2015/07/06 18:50:00,1035.308,7.087
2015/07/06 19:00:00,1035.483,7.087
2015/07/06 19:10:00,1035.717,7.087
2015/07/06 19:20:00,1035.717,7.087
2015/07/06 19:30:00,1035.892,7.087
2015/07/06 19:40:00,1036.067,7.087
2015/07/06 19:50:00,1036.067,7.087
2015/07/06 20:00:00,1035.892,7.087
2015/07/06 20:10:00,1035.892,7.087
2015/07/06 20:20:00,1036.067,7.087
2015/07/06 20:30:00,1035.892,7.087
2015/07/06 20:40:00,1035.892,7.087
2015/07/06 20:50:00,1035.892,7.093
2015/07/06 21:00:00,1036.242,7.087
2015/07/06 21:10:00,1036.242,7.093
2015/07/06 21:20:00,1036.242,7.087
2015/07/06 21:30:00,1036.417,7.093
2015/07/06 21:40:00,1036.825,7.093
2015/07/06 21:50:00,1036.825,7.093
2015/07/06 22:00:00,1037.000,7.093
2015/07/06 22:10:00,1037.175,7.093
2015/07/06 22:20:00,1037.175,7.093
2015/07/06 22:30:00,1037.350,7.093
2015/07/06 22:40:00,1037.175,7.093
2015/07/06 22:50:00,1037.350,7.093
2015/07/06 23:00:00,1037.350,7.093
2015/07/06 23:10:00,1037.350,7.093
2015/07/06 23:20:00,1037.525,7.103
2015/07/06 23:30:00,1037.758,7.093
2015/07/06 23:40:00,1037.525,7.103
2015/07/06 23:50:00,1037.758,7.103
2015/07/07 00:00:00,1037.758,7.093
2015/07/07 00:10:00,1037.758,7.103
2015/07/07 00:20:00,1037.758,7.103
2015/07/07 00:30:00,1037.758,7.103
2015/07/07 00:40:00,1037.525,7.103
2015/07/07 00:50:00,1037.525,7.103
2015/07/07 01:00:00,1037.758,7.103
2015/07/07 01:10:00,1037.933,7.103
2015/07/07 01:20:00,1037.525,7.103
2015/07/07 01:30:00,1037.758,7.103
2015/07/07 01:40:00,1037.525,7.103
2015/07/07 01:50:00,1037.758,7.103
2015/07/07 02:00:00,1037.758,7.103
2015/07/07 02:10:00,1037.525,7.103
2015/07/07 02:20:00,1037.525,7.103
2015/07/07 02:30:00,1037.700,7.110
2015/07/07 02:40:00,1038.050,7.110
2015/07/07 02:50:00,1038.050,7.110
2015/07/07 03:00:00,1038.050,7.110
2015/07/07 03:10:00,1038.283,7.110
2015/07/07 03:20:00,1038.050,7.110
2015/07/07 03:30:00,1038.283,7.110
2015/07/07 03:40:00,1038.458,7.110
2015/07/07 03:50:00,1038.458,7.110
2015/07/07 04:00:00,1038.633,7.110
2015/07/07 04:10:00,1038.633,7.117
2015/07/07 04:20:00,1038.808,7.117
2015/07/07 04:30:00,1038.808,7.117
2015/07/07 04:40:00,1038.983,7.117
2015/07/07 04:50:00,1038.983,7.117
2015/07/07 05:00:00,1039.217,7.117
2015/07/07 05:10:00,1039.392,7.117
2015/07/07 05:20:00,1039.392,7.117
2015/07/07 05:30:00,1039.567,7.117
2015/07/07 05:40:00,1039.567,7.117
2015/07/07 05:50:00,1039.742,7.117
2015/07/07 06:00:00,1039.742,7.117
2015/07/07 06:10:00,1039.742,7.117
2015/07/07 06:20:00,1039.800,7.123
2015/07/07 06:30:00,1039.742,7.117
2015/07/07 06:40:00,1039.742,7.117
2015/07/07 06:50:00,1040.092,7.117
2015/07/07 07:00:00,1040.325,7.117
2015/07/07 07:10:00,1040.325,7.117
2015/07/07 07:20:00,1039.975,7.123
2015/07/07 07:30:00,1040.325,7.123
2015/07/07 07:40:00,1040.150,7.123
2015/07/07 07:50:00,1040.150,7.123
2015/07/07 08:00:00,1040.325,7.123
2015/07/07 08:10:00,1040.325,7.123
2015/07/07 08:20:00,1040.325,7.123
2015/07/07 08:30:00,1040.150,7.123
2015/07/07 08:40:00,1040.325,7.123
2015/07/07 08:50:00,1040.500,7.123
2015/07/07 09:00:00,1040.150,7.123
2015/07/07 09:10:00,1040.500,7.123
2015/07/07 09:20:00,1040.325,7.123
2015/07/07 09:30:00,1040.325,7.123
2015/07/07 09:40:00,1040.325,7.130
2015/07/07 09:50:00,1040.150,7.130
2015/07/07 10:00:00,1040.325,7.123
2015/07/07 10:10:00,1040.325,7.130
2015/07/07 10:20:00,1040.150,7.130
2015/07/07 10:30:00,1040.325,7.130
2015/07/07 10:40:00,1040.150,7.130
2015/07/07 10:50:00,1039.975,7.130
2015/07/07 11:00:00,1039.975,7.130
2015/07/07 11:10:00,1039.975,7.130
2015/07/07 11:20:00,1040.150,7.130
2015/07/07 11:30:00,1039.975,7.130
2015/07/07 11:40:00,1039.800,7.130
2015/07/07 11:50:00,1039.975,7.130
2015/07/07 12:00:00,1039.800,7.137
2015/07/07 12:10:00,1039.567,7.137
2015/07/07 12:20:00,1039.392,7.137
2015/07/07 12:30:00,1039.567,7.137
2015/07/07 12:40:00,1039.392,7.137
2015/07/07 12:50:00,1039.217,7.137
2015/07/07 13:00:00,1039.042,7.137
2015/07/07 13:10:00,1039.217,7.137
2015/07/07 13:20:00,1039.042,7.137
2015/07/07 13:30:00,1039.042,7.137
2015/07/07 13:40:00,1039.217,7.143
2015/07/07 13:50:00,1038.983,7.143
2015/07/07 14:00:00,1038.808,7.143
2015/07/07 14:10:00,1038.808,7.143
2015/07/07 14:20:00,1038.808,7.143
2015/07/07 14:30:00,1038.808,7.143
2015/07/07 14:40:00,1038.458,7.143
2015/07/07 14:50:00,1038.458,7.143
2015/07/07 15:00:00,1038.458,7.143
2015/07/07 15:10:00,1038.283,7.150
2015/07/07 15:20:00,1038.633,7.143
2015/07/07 15:30:00,1038.633,7.143
2015/07/07 15:40:00,1038.108,7.150
2015/07/07 15:50:00,1037.933,7.150
2015/07/07 16:00:00,1037.933,7.150
2015/07/07 16:10:00,1037.933,7.150
2015/07/07 16:20:00,1037.933,7.150
2015/07/07 16:30:00,1037.933,7.150
2015/07/07 16:40:00,1037.758,7.150
2015/07/07 16:50:00,1037.758,7.150
2015/07/07 17:00:00,1037.758,7.150
2015/07/07 17:10:00,1037.758,7.150
2015/07/07 17:20:00,1037.758,7.150
2015/07/07 17:30:00,1037.758,7.150
2015/07/07 17:40:00,1037.350,7.150
2015/07/07 17:50:00,1037.525,7.150
2015/07/07 18:00:00,1037.525,7.157
2015/07/07 18:10:00,1037.350,7.157
2015/07/07 18:20:00,1037.350,7.157
2015/07/07 18:30:00,1037.350,7.157
2015/07/07 18:40:00,1037.525,7.157
2015/07/07 18:50:00,1037.350,7.157
2015/07/07 19:00:00,1037.525,7.157
2015/07/07 19:10:00,1037.350,7.157
2015/07/07 19:20:00,1037.350,7.157
2015/07/07 19:30:00,1037.350,7.157
2015/07/07 19:40:00,1037.525,7.167
2015/07/07 19:50:00,1037.525,7.157
2015/07/07 20:00:00,1037.175,7.157
2015/07/07 20:10:00,1037.175,7.167
2015/07/07 20:20:00,1037.350,7.167
2015/07/07 20:30:00,1037.350,7.167
2015/07/07 20:40:00,1037.350,7.167
2015/07/07 20:50:00,1037.175,7.167
2015/07/07 21:00:00,1037.350,7.167
2015/07/07 21:10:00,1037.525,7.167
2015/07/07 21:20:00,1037.175,7.167
2015/07/07 21:30:00,1037.758,7.167
2015/07/07 21:40:00,1037.758,7.167
2015/07/07 21:50:00,1037.933,7.167
2015/07/07 22:00:00,1037.758,7.167
2015/07/07 22:10:00,1037.933,7.167
2015/07/07 22:20:00,1037.933,7.167
2015/07/07 22:30:00,1037.933,7.167
2015/07/07 22:40:00,1037.933,7.167
2015/07/07 22:50:00,1037.933,7.167
2015/07/07 23:00:00,1037.758,7.173
2015/07/07 23:10:00,1037.525,7.167
2015/07/07 23:20:00,1037.758,7.173
2015/07/07 23:30:00,1037.758,7.173
2015/07/07 23:40:00,1037.933,7.173
2015/07/07 23:50:00,1037.933,7.173
2015/07/08 00:00:00,1037.758,7.173
2015/07/08 00:10:00,1037.758,7.173
2015/07/08 00:20:00,1037.758,7.173
2015/07/08 00:30:00,1037.875,7.180
2015/07/08 00:40:00,1037.875,7.180
2015/07/08 00:50:00,1037.758,7.173
2015/07/08 01:00:00,1037.758,7.173
2015/07/08 01:10:00,1037.875,7.180
2015/07/08 01:20:00,1037.875,7.180
2015/07/08 01:30:00,1037.700,7.180
2015/07/08 01:40:00,1037.700,7.180
2015/07/08 01:50:00,1037.700,7.180
2015/07/08 02:00:00,1037.700,7.180
2015/07/08 02:10:00,1037.700,7.180
2015/07/08 02:20:00,1037.875,7.180
2015/07/08 02:30:00,1037.875,7.180
2015/07/08 02:40:00,1037.700,7.180
2015/07/08 02:50:00,1037.758,7.187
2015/07/08 03:00:00,1037.758,7.187
2015/07/08 03:10:00,1037.875,7.180
2015/07/08 03:20:00,1037.525,7.187
2015/07/08 03:30:00,1037.525,7.180
2015/07/08 03:40:00,1037.525,7.187
2015/07/08 03:50:00,1037.525,7.187
2015/07/08 04:00:00,1037.350,7.187
2015/07/08 04:10:00,1037.350,7.187
2015/07/08 04:20:00,1037.525,7.187
2015/07/08 04:30:00,1037.525,7.187
2015/07/08 04:40:00,1037.350,7.187
2015/07/08 04:50:00,1037.350,7.187
2015/07/08 05:00:00,1037.350,7.187
2015/07/08 05:10:00,1037.525,7.187
2015/07/08 05:20:00,1037.350,7.193
2015/07/08 05:30:00,1037.525,7.193
2015/07/08 05:40:00,1037.525,7.193
2015/07/08 05:50:00,1037.525,7.193
2015/07/08 06:00:00,1037.758,7.193
2015/07/08 06:10:00,1037.758,7.193
2015/07/08 06:20:00,1037.525,7.193
2015/07/08 06:30:00,1037.525,7.193
2015/07/08 06:40:00,1037.758,7.193
2015/07/08 06:50:00,1037.525,7.193
2015/07/08 07:00:00,1037.525,7.193
2015/07/08 07:10:00,1037.758,7.200
2015/07/08 07:20:00,1037.525,7.200
2015/07/08 07:30:00,1037.758,7.200
2015/07/08 07:40:00,1037.758,7.200
2015/07/08 07:50:00,1037.758,7.200
2015/07/08 08:00:00,1037.758,7.200
2015/07/08 08:10:00,1037.933,7.200
2015/07/08 08:20:00,1037.758,7.200
2015/07/08 08:30:00,1037.525,7.200
2015/07/08 08:40:00,1037.525,7.207
2015/07/08 08:50:00,1037.350,7.200
2015/07/08 09:00:00,1037.350,7.200
2015/07/08 09:10:00,1037.350,7.200
2015/07/08 09:20:00,1037.000,7.207
2015/07/08 09:30:00,1037.175,7.207
2015/07/08 09:40:00,1036.825,7.207
2015/07/08 09:50:00,1036.825,7.207
2015/07/08 10:00:00,1036.825,7.207
2015/07/08 10:10:00,1036.825,7.207
2015/07/08 10:20:00,1036.650,7.207
2015/07/08 10:30:00,1036.417,7.207
2015/07/08 10:40:00,1036.417,7.207
2015/07/08 10:50:00,1036.242,7.207
2015/07/08 11:00:00,1036.242,7.207
2015/07/08 11:10:00,1036.067,7.207
2015/07/08 11:20:00,1036.067,7.207
2015/07/08 11:30:00,1035.717,7.207
2015/07/08 11:40:00,1035.717,7.207
2015/07/08 11:50:00,1035.658,7.213
2015/07/08 12:00:00,1035.483,7.207
2015/07/08 12:10:00,1035.483,7.213
2015/07/08 12:20:00,1035.483,7.213
2015/07/08 12:30:00,1035.308,7.213
2015/07/08 12:40:00,1035.075,7.213
2015/07/08 12:50:00,1035.075,7.213
2015/07/08 13:00:00,1034.900,7.213
2015/07/08 13:10:00,1034.900,7.213
2015/07/08 13:20:00,1034.725,7.213
2015/07/08 13:30:00,1034.375,7.223
2015/07/08 13:40:00,1034.375,7.213
2015/07/08 13:50:00,1034.375,7.213
2015/07/08 14:00:00,1034.375,7.213
2015/07/08 14:10:00,1034.375,7.223
2015/07/08 14:20:00,1034.375,7.213
2015/07/08 14:30:00,1034.200,7.223
2015/07/08 14:40:00,1033.967,7.223
2015/07/08 14:50:00,1033.967,7.223
2015/07/08 15:00:00,1033.967,7.223
2015/07/08 15:10:00,1033.617,7.223
2015/07/08 15:20:00,1033.792,7.223
2015/07/08 15:30:00,1033.617,7.223
2015/07/08 15:40:00,1033.792,7.223
2015/07/08 15:50:00,1033.675,7.230
2015/07/08 16:00:00,1033.442,7.230
2015/07/08 16:10:00,1033.442,7.230
2015/07/08 16:20:00,1033.675,7.230
2015/07/08 16:30:00,1033.092,7.230
2015/07/08 16:40:00,1033.267,7.230
2015/07/08 16:50:00,1033.442,7.230
2015/07/08 17:00:00,1033.092,7.230
2015/07/08 17:10:00,1033.092,7.230
2015/07/08 17:20:00,1032.917,7.230
2015/07/08 17:30:00,1032.917,7.230
2015/07/08 17:40:00,1032.917,7.230
2015/07/08 17:50:00,1032.742,7.230
2015/07/08 18:00:00,1032.742,7.230
2015/07/08 18:10:00,1032.508,7.230
2015/07/08 18:20:00,1032.508,7.237
2015/07/08 18:30:00,1032.508,7.237
2015/07/08 18:40:00,1032.508,7.237
2015/07/08 18:50:00,1032.333,7.237
2015/07/08 19:00:00,1032.508,7.237
2015/07/08 19:10:00,1032.508,7.237
2015/07/08 19:20:00,1032.333,7.237
2015/07/08 19:30:00,1032.508,7.237
2015/07/08 19:40:00,1032.333,7.237
2015/07/08 19:50:00,1032.333,7.243
2015/07/08 20:00:00,1032.508,7.243
2015/07/08 20:10:00,1032.333,7.243
2015/07/08 20:20:00,1032.508,7.243
2015/07/08 20:30:00,1032.508,7.243
2015/07/08 20:40:00,1032.508,7.243
2015/07/08 20:50:00,1032.508,7.243
2015/07/08 21:00:00,1032.333,7.243
2015/07/08 21:10:00,1032.683,7.243
2015/07/08 21:20:00,1032.508,7.243
2015/07/08 21:30:00,1032.858,7.243
2015/07/08 21:40:00,1032.683,7.243
2015/07/08 21:50:00,1032.683,7.243
2015/07/08 22:00:00,1032.683,7.243
2015/07/08 22:10:00,1032.683,7.243
2015/07/08 22:20:00,1033.033,7.250
2015/07/08 22:30:00,1033.033,7.250
2015/07/08 22:40:00,1032.858,7.250
2015/07/08 22:50:00,1032.858,7.250
2015/07/08 23:00:00,1032.858,7.250
2015/07/08 23:10:00,1032.858,7.250
2015/07/08 23:20:00,1033.033,7.250
2015/07/08 23:30:00,1032.858,7.250
2015/07/08 23:40:00,1032.858,7.250
2015/07/08 23:50:00,1032.858,7.250
2015/07/09 00:00:00,1032.625,7.250
2015/07/09 00:10:00,1032.858,7.250
2015/07/09 00:20:00,1032.858,7.250
2015/07/09 00:30:00,1032.858,7.250
2015/07/09 00:40:00,1032.858,7.250
2015/07/09 00:50:00,1032.858,7.250
2015/07/09 01:00:00,1032.858,7.250
2015/07/09 01:10:00,1032.508,7.257
2015/07/09 01:20:00,1032.858,7.257
2015/07/09 01:30:00,1032.683,7.257
2015/07/09 01:40:00,1032.858,7.257
2015/07/09 01:50:00,1032.683,7.257
2015/07/09 02:00:00,1032.683,7.257
2015/07/09 02:10:00,1032.683,7.257
2015/07/09 02:20:00,1032.508,7.257
2015/07/09 02:30:00,1032.508,7.257
2015/07/09 02:40:00,1032.683,7.257
2015/07/09 02:50:00,1032.858,7.257
2015/07/09 03:00:00,1032.683,7.263
2015/07/09 03:10:00,1032.858,7.257
2015/07/09 03:20:00,1032.858,7.257
2015/07/09 03:30:00,1032.858,7.263
2015/07/09 03:40:00,1032.683,7.263
2015/07/09 03:50:00,1032.683,7.263
2015/07/09 04:00:00,1032.683,7.263
2015/07/09 04:10:00,1032.683,7.263
2015/07/09 04:20:00,1032.683,7.263
2015/07/09 04:30:00,1032.683,7.263
2015/07/09 04:40:00,1032.508,7.263
2015/07/09 04:50:00,1033.033,7.263
2015/07/09 05:00:00,1032.858,7.263
2015/07/09 05:10:00,1032.858,7.263
2015/07/09 05:20:00,1032.683,7.263
2015/07/09 05:30:00,1032.858,7.263
2015/07/09 05:40:00,1033.033,7.263
2015/07/09 05:50:00,1033.033,7.270
2015/07/09 06:00:00,1032.858,7.270
2015/07/09 06:10:00,1033.033,7.270
2015/07/09 06:20:00,1032.858,7.270
2015/07/09 06:30:00,1032.858,7.270
2015/07/09 06:40:00,1033.267,7.270
2015/07/09 06:50:00,1033.267,7.270
2015/07/09 07:00:00,1033.033,7.270
2015/07/09 07:10:00,1032.858,7.270
2015/07/09 07:20:00,1033.033,7.270
2015/07/09 07:30:00,1033.267,7.270
2015/07/09 07:40:00,1033.267,7.270
2015/07/09 07:50:00,1033.267,7.270
2015/07/09 08:00:00,1033.442,7.270
2015/07/09 08:10:00,1033.033,7.270
2015/07/09 08:20:00,1033.267,7.270
2015/07/09 08:30:00,1033.383,7.277
2015/07/09 08:40:00,1033.383,7.277
2015/07/09 08:50:00,1033.383,7.277
2015/07/09 09:00:00,1033.383,7.277
2015/07/09 09:10:00,1033.383,7.277
2015/07/09 09:20:00,1033.383,7.277
2015/07/09 09:30:00,1033.383,7.277
2015/07/09 09:40:00,1033.383,7.277
2015/07/09 09:50:00,1033.383,7.277
2015/07/09 10:00:00,1033.383,7.277
2015/07/09 10:10:00,1033.383,7.277
2015/07/09 10:20:00,1033.208,7.277
2015/07/09 10:30:00,1033.383,7.277
2015/07/09 10:40:00,1033.383,7.277
2015/07/09 10:50:00,1033.267,7.287
2015/07/09 11:00:00,1033.267,7.287
2015/07/09 11:10:00,1032.858,7.287
2015/07/09 11:20:00,1032.858,7.287
2015/07/09 11:30:00,1032.683,7.287
2015/07/09 11:40:00,1032.858,7.287
2015/07/09 11:50:00,1032.858,7.287
2015/07/09 12:00:00,1032.683,7.287
2015/07/09 12:10:00,1032.683,7.287
2015/07/09 12:20:00,1032.683,7.287
2015/07/09 12:30:00,1032.508,7.287
2015/07/09 12:40:00,1032.333,7.287
2015/07/09 12:50:00,1032.508,7.287
2015/07/09 13:00:00,1032.450,7.293
2015/07/09 13:10:00,1032.508,7.287
2015/07/09 13:20:00,1032.275,7.293
2015/07/09 13:30:00,980.592,34.500
2015/07/09 13:40:00,979.950,31.107
2015/07/09 13:50:00,979.950,31.027
2015/07/09 14:00:00,979.483,30.997
2015/07/09 14:10:00,979.775,29.263
2015/07/09 14:20:00,980.125,30.463
2015/07/09 14:30:00,979.483,31.493
2015/07/09 14:40:00,979.600,31.303
2015/07/09 14:50:00,978.958,31.457
2015/07/09 15:00:00,979.017,30.600
2015/07/09 15:10:00,978.958,30.827
2015/07/09 15:20:00,979.017,31.137
2015/07/09 15:30:00,978.958,32.790
2015/07/09 15:40:00,978.900,32.993
2015/07/09 15:50:00,978.667,32.913
2015/07/09 16:00:00,978.783,32.583
2015/07/09 16:10:00,978.958,33.227
2015/07/09 16:20:00,978.958,34.133
2015/07/09 16:30:00,978.900,35.270
2015/07/09 16:40:00,978.842,35.883
2015/07/09 16:50:00,978.667,36.140
2015/07/09 17:00:00,978.667,35.633
2015/07/09 17:10:00,979.075,34.983
2015/07/09 17:20:00,978.667,34.443
2015/07/09 17:30:00,978.492,33.960
2015/07/09 17:40:00,978.492,33.573
2015/07/09 17:50:00,978.200,33.433
2015/07/09 18:00:00,978.200,33.483
2015/07/09 18:10:00,978.200,33.097
2015/07/09 18:20:00,978.200,32.650
2015/07/09 18:30:00,978.200,32.197
2015/07/09 18:40:00,978.025,31.780
2015/07/09 18:50:00,978.083,31.200
2015/07/09 19:00:00,978.083,30.487
2015/07/09 19:10:00,978.083,29.920
2015/07/09 19:20:00,978.083,29.173
2015/07/09 19:30:00,978.083,28.503
2015/07/09 19:40:00,978.142,27.953
2015/07/09 19:50:00,978.142,27.333
2015/07/09 20:00:00,978.258,26.727
2015/07/09 20:10:00,978.725,26.087
2015/07/09 20:20:00,979.717,25.187
2015/07/09 20:30:00,978.142,24.777
2015/07/09 20:40:00,978.258,24.407
2015/07/09 20:50:00,975.867,23.800
2015/07/09 21:00:00,976.100,23.460
2015/07/09 21:10:00,976.333,23.243
2015/07/09 21:20:00,976.333,23.047
2015/07/09 21:30:00,976.333,22.873
2015/07/09 21:40:00,977.150,22.580
2015/07/09 21:50:00,976.975,22.190
2015/07/09 22:00:00,977.325,21.543
2015/07/09 22:10:00,977.500,21.590
2015/07/09 22:20:00,977.267,21.800
2015/07/09 22:30:00,977.617,22.203
