1464394200.00,23.73,23.64,23.55,23.73,23.55,23.64,23.73,23.64,23.55,23.73,23.55,23.64,23.73,23.64,23.55,23.73,23.55,23.64
1464394800.00,24.17,23.99,24.43,24.6,24.34,24.6,24.17,23.99,24.43,24.69,24.34,24.6,24.17,23.99,24.43,24.69,24.34,24.6
1464395400.00,25.31,24.87,24.52,24.52,24.43,24.52,25.31,24.87,24.52,24.6,24.43,24.52,25.31,24.87,24.52,24.6,24.43,24.52
1464396000.00,25.13,24.6,24.52,24.6,24.43,24.43,25.13,24.69,24.6,24.6,24.43,24.52,25.13,24.69,24.6,24.6,24.43,24.52
1464396600.00,24.6,24.34,24.25,24.43,24.34,24.34,24.69,24.34,24.34,24.52,24.34,24.43,24.69,24.34,24.43,24.52,24.34,24.34
1464397200.00,24.25,24.08,24.08,24.17,24.08,24.17,24.34,24.08,24.17,24.25,24.17,24.17,24.34,24.08,24.17,24.17,24.17,24.17
1464397800.00,24.08,23.9,23.99,24.08,23.99,23.99,24.17,23.9,23.99,24.08,23.99,23.99,24.17,23.99,23.99,24.08,23.99,24.08
1464398400.00,23.99,23.82,23.82,23.9,23.9,23.9,23.99,23.82,23.9,23.9,23.9,23.9,23.99,23.82,23.9,23.9,23.9,23.9
1464399000.00,23.9,23.73,23.82,23.82,23.82,23.82,23.9,23.73,23.73,23.82,23.82,23.82,23.9,23.73,23.82,23.82,23.82,23.82
1464399600.00,23.82,23.64,23.73,23.82,23.73,23.73,23.82,23.64,23.73,23.82,23.73,23.82,23.82,23.64,23.73,23.82,23.73,23.82
1464400200.00,23.82,23.64,23.64,23.73,23.64,23.73,23.82,23.64,23.73,23.73,23.73,23.73,23.82,23.64,23.73,23.73,23.73,23.73
1464400800.00,23.73,23.55,23.64,23.73,23.64,23.64,23.73,23.64,23.64,23.73,23.64,23.73,23.82,23.64,23.64,23.73,23.64,23.73
1464401400.00,23.73,23.55,23.64,23.64,23.64,23.64,23.73,23.55,23.64,23.73,23.64,23.64,23.73,23.55,23.64,23.73,23.64,23.73
1464402000.00,23.73,23.55,23.55,23.64,23.55,23.64,23.73,23.55,23.64,23.64,23.64,23.64,23.73,23.55,23.64,23.73,23.64,23.64
1464402600.00,23.64,23.47,23.55,23.64,23.55,23.64,23.73,23.55,23.64,23.64,23.55,23.64,23.73,23.55,23.64,23.64,23.64,23.64
1464403200.00,23.64,23.47,23.55,23.64,23.55,23.55,23.73,23.55,23.55,23.64,23.55,23.64,23.73,23.55,23.55,23.64,23.55,23.64
1464403800.00,23.64,23.47,23.55,23.64,23.55,23.55,23.64,23.47,23.55,23.64,23.55,23.64,23.73,23.55,23.55,23.64,23.55,23.55
1464404400.00,23.64,23.47,23.55,23.64,23.55,23.55,23.64,23.47,23.55,23.64,23.55,23.55,23.64,23.47,23.55,23.64,23.55,23.64
1464405000.00,23.64,23.47,23.55,23.55,23.47,23.55,23.64,23.47,23.55,23.64,23.55,23.55,23.64,23.47,23.55,23.64,23.55,23.55
1464405600.00,23.64,23.47,23.55,23.55,23.47,23.55,23.64,23.47,23.55,23.64,23.55,23.55,23.64,23.47,23.55,23.64,23.55,23.55
1464406200.00,23.64,23.47,23.55,23.55,23.47,23.55,23.64,23.47,23.55,23.55,23.47,23.55,23.64,23.47,23.55,23.64,23.55,23.55
1464406800.00,23.64,23.38,23.47,23.55,23.47,23.55,23.64,23.47,23.55,23.55,23.47,23.55,23.64,23.47,23.55,23.55,23.55,23.55
1464407400.00,23.55,23.38,23.47,23.55,23.47,23.55,23.64,23.47,23.55,23.55,23.47,23.55,23.64,23.47,23.55,23.55,23.47,23.55
1464408000.00,23.55,23.38,23.47,23.55,23.47,23.55,23.64,23.47,23.47,23.55,23.47,23.55,23.64,23.47,23.55,23.55,23.47,23.55
1464408600.00,23.55,23.38,23.47,23.55,23.47,23.47,23.64,23.47,23.47,23.55,23.47,23.55,23.64,23.47,23.47,23.55,23.47,23.55
1464409200.00,23.55,23.38,23.47,23.55,23.47,23.47,23.64,23.47,23.47,23.55,23.47,23.55,23.64,23.47,23.47,23.55,23.47,23.55
1464409800.00,23.55,23.38,23.47,23.55,23.47,23.47,23.64,23.38,23.47,23.55,23.47,23.47,23.55,23.47,23.47,23.55,23.47,23.55
1464410400.00,23.55,23.38,23.47,23.55,23.47,23.47,23.55,23.38,23.47,23.55,23.47,23.47,23.55,23.47,23.47,23.55,23.47,23.55
1464411000.00,23.55,23.38,23.47,23.47,23.38,23.47,23.55,23.38,23.47,23.55,23.47,23.47,23.55,23.38,23.47,23.55,23.47,23.47
1464411600.00,23.55,23.38,23.47,23.47,23.38,23.47,23.55,23.38,23.47,23.55,23.47,23.38,23.55,23.38,23.47,23.55,23.47,23.47
1464412200.00,23.55,23.38,23.47,23.47,23.38,23.47,23.55,23.38,23.47,23.55,23.47,23.47,23.55,23.38,23.47,23.55,23.47,23.47
1464412800.00,23.55,23.38,23.38,23.47,23.38,23.47,23.55,23.38,23.47,23.55,23.47,23.47,23.55,23.38,23.47,23.47,23.47,23.47
1464413400.00,23.55,23.38,23.38,23.47,23.38,23.47,23.55,23.38,23.47,23.55,23.38,23.47,23.55,23.38,23.47,23.55,23.47,23.47
1464414000.00,23.55,23.38,23.38,23.47,23.38,23.47,23.55,23.38,23.47,23.47,23.38,23.47,23.55,23.38,23.38,23.47,23.38,23.47
1464414600.00,23.47,23.29,23.38,23.47,23.38,23.47,23.55,23.38,23.47,23.47,23.38,23.47,23.55,23.38,23.47,23.47,23.38,23.47
1464415200.00,23.47,23.29,23.38,23.47,23.38,23.47,23.55,23.38,23.38,23.47,23.38,23.47,23.55,23.38,23.38,23.47,23.38,23.47
1464415800.00,23.47,23.29,23.38,23.47,23.38,23.38,23.55,23.38,23.38,23.47,23.38,23.47,23.55,23.38,23.38,23.47,23.38,23.47
1464416400.00,23.47,23.29,23.38,23.47,23.38,23.38,23.55,23.38,23.38,23.47,23.38,23.47,23.55,23.38,23.38,23.47,23.38,23.47
1464417000.00,23.47,23.29,23.38,23.47,23.38,23.38,23.55,23.38,23.38,23.47,23.38,23.47,23.55,23.38,23.38,23.47,23.38,23.47
1464417600.00,23.47,23.29,23.38,23.47,23.38,23.38,23.55,23.38,23.38,23.47,23.38,23.47,23.47,23.38,23.38,23.47,23.38,23.47
1464418200.00,23.47,23.29,23.38,23.47,23.29,23.38,23.55,23.29,23.38,23.47,23.38,23.38,23.55,23.38,23.38,23.47,23.38,23.47
1464418800.00,23.47,23.29,23.38,23.47,23.29,23.38,23.55,23.29,23.38,23.47,23.38,23.47,23.55,23.38,23.38,23.47,23.38,23.38
1464419400.00,23.47,23.29,23.38,23.47,23.29,23.38,23.47,23.29,23.38,23.47,23.38,23.38,23.47,23.38,23.38,23.47,23.38,23.38
1464420000.00,23.47,23.29,23.38,23.47,23.29,23.38,23.47,23.29,23.38,23.47,23.38,23.38,23.47,23.29,23.38,23.47,23.38,23.38
1464420600.00,23.47,23.29,23.38,23.38,23.29,23.38,23.47,23.29,23.38,23.47,23.38,23.38,23.47,23.29,23.38,23.47,23.38,23.38
1464421200.00,23.47,23.29,23.38,23.38,23.29,23.38,23.47,23.29,23.38,23.47,23.29,23.38,23.47,23.29,23.38,23.47,23.38,23.38
1464421800.00,23.47,23.29,23.29,23.38,23.29,23.38,23.47,23.29,23.38,23.47,23.29,23.38,23.47,23.29,23.38,23.47,23.29,23.38
1464422400.00,23.47,23.29,23.29,23.38,23.29,23.38,23.47,23.29,23.38,23.47,23.29,23.38,23.47,23.29,23.38,23.47,23.29,23.38
1464423000.00,23.47,23.29,23.29,23.38,23.29,23.38,23.47,23.29,23.38,23.38,23.29,23.38,23.47,23.29,23.38,23.38,23.29,23.38
1464423600.00,23.38,23.29,23.29,23.38,23.29,23.38,23.47,23.29,23.38,23.38,23.29,23.38,23.47,23.29,23.38,23.47,23.29,23.38
1464424200.00,23.38,23.29,23.29,23.38,23.29,23.38,23.47,23.29,23.38,23.38,23.29,23.38,23.47,23.29,23.29,23.38,23.29,23.38
1464424800.00,23.47,23.21,23.29,23.38,23.29,23.29,23.47,23.29,23.29,23.38,23.29,23.38,23.47,23.29,23.29,23.38,23.29,23.38
1464425400.00,23.38,23.21,23.29,23.38,23.29,23.38,23.47,23.29,23.29,23.38,23.29,23.38,23.47,23.29,23.38,23.38,23.29,23.38
1464426000.00,23.38,23.29,23.29,23.38,23.29,23.29,23.47,23.29,23.29,23.38,23.29,23.38,23.47,23.29,23.29,23.38,23.29,23.38
1464426600.00,23.38,23.21,23.29,23.38,23.29,23.29,23.47,23.29,23.29,23.38,23.29,23.38,23.47,23.29,23.29,23.38,23.29,23.38
1464427200.00,23.38,23.21,23.29,23.38,23.29,23.29,23.47,23.29,23.29,23.38,23.29,23.38,23.47,23.29,23.29,23.38,23.29,23.38
1464427800.00,23.38,23.21,23.29,23.38,23.29,23.29,23.47,23.21,23.29,23.38,23.29,23.29,23.47,23.29,23.29,23.38,23.29,23.38
1464428400.00,23.38,23.21,23.29,23.38,23.21,23.29,23.38,23.21,23.29,23.38,23.29,23.38,23.47,23.21,23.29,23.38,23.29,23.29
1464429000.00,23.38,23.21,23.29,23.38,23.21,23.29,23.38,23.21,23.29,23.38,23.29,23.29,23.38,23.29,23.29,23.38,23.29,23.29
1464429600.00,23.38,23.21,23.29,23.29,23.21,23.29,23.38,23.21,23.29,23.38,23.29,23.29,23.38,23.21,23.29,23.38,23.29,23.29
1464430200.00,23.38,23.21,23.29,23.29,23.21,23.29,23.38,23.21,23.29,23.38,23.29,23.29,23.47,23.21,23.29,23.38,23.29,23.29
1464430800.00,23.38,23.21,23.29,23.29,23.21,23.29,23.38,23.21,23.29,23.38,23.29,23.29,23.38,23.21,23.29,23.38,23.29,23.29
1464431400.00,23.38,23.21,23.29,23.29,23.21,23.29,23.38,23.21,23.29,23.38,23.21,23.29,23.38,23.21,23.29,23.38,23.29,23.29
1464432000.00,23.38,23.21,23.29,23.29,23.21,23.29,23.38,23.21,23.21,23.38,23.21,23.29,23.38,23.21,23.29,23.38,23.21,23.29
1464432600.00,23.38,23.21,23.29,23.29,23.21,23.29,23.38,23.21,23.29,23.29,23.21,23.29,23.38,23.21,23.29,23.38,23.21,23.29
1464433200.00,23.29,23.21,23.21,23.29,23.21,23.29,23.38,23.21,23.29,23.29,23.21,23.29,23.38,23.21,23.29,23.38,23.21,23.29
1464433800.00,23.38,23.21,23.21,23.29,23.21,23.29,23.38,23.21,23.29,23.29,23.21,23.29,23.38,23.21,23.29,23.29,23.21,23.29
1464434400.00,23.38,23.21,23.21,23.29,23.21,23.29,23.38,23.21,23.21,23.29,23.21,23.29,23.38,23.12,23.29,23.29,23.21,23.29
1464435000.00,23.29,23.21,23.21,23.29,23.21,23.29,23.38,23.21,23.21,23.29,23.21,23.29,23.38,23.21,23.21,23.29,23.21,23.29
1464435600.00,23.29,23.12,23.21,23.29,23.21,23.29,23.38,23.21,23.29,23.29,23.21,23.29,23.38,23.21,23.21,23.29,23.21,23.29
1464436200.00,23.29,23.21,23.21,23.29,23.21,23.21,23.38,23.21,23.21,23.29,23.21,23.29,23.38,23.21,23.29,23.29,23.21,23.29
1464436800.00,23.29,23.12,23.21,23.29,23.21,23.29,23.38,23.21,23.21,23.29,23.21,23.29,23.38,23.21,23.21,23.29,23.21,23.29
1464437400.00,23.29,23.12,23.21,23.29,23.21,23.29,23.38,23.21,23.21,23.29,23.21,23.29,23.38,23.21,23.21,23.29,23.21,23.29
1464438000.00,23.29,23.12,23.21,23.29,23.21,23.21,23.38,23.21,23.21,23.29,23.21,23.29,23.38,23.21,23.21,23.29,23.21,23.29
1464438600.00,23.29,23.12,23.21,23.29,23.21,23.21,23.38,23.21,23.21,23.29,23.21,23.29,23.38,23.21,23.21,23.29,23.21,23.29
1464439200.00,23.29,23.12,23.21,23.29,23.12,23.21,23.38,23.21,23.21,23.29,23.21,23.21,23.38,23.21,23.21,23.29,23.21,23.29
1464439800.00,23.29,23.12,23.12,23.29,23.12,23.21,23.29,23.12,23.21,23.29,23.21,23.29,23.29,23.21,23.21,23.29,23.21,23.21
1464440400.00,23.29,23.12,23.21,23.29,23.12,23.21,23.29,23.21,23.21,23.29,23.21,23.21,23.29,23.21,23.21,23.29,23.21,23.21
1464441000.00,23.29,23.12,23.21,23.29,23.12,23.21,23.29,23.12,23.21,23.29,23.21,23.21,23.29,23.12,23.21,23.29,23.21,23.21
1464441600.00,23.29,23.12,23.21,23.21,23.12,23.21,23.29,23.12,23.21,23.29,23.12,23.21,23.29,23.12,23.21,23.29,23.21,23.21
1464442200.00,23.29,23.12,23.21,23.21,23.12,23.21,23.29,23.12,23.21,23.29,23.21,23.21,23.29,23.12,23.21,23.29,23.21,23.21
1464442800.00,23.29,23.12,23.21,23.21,23.12,23.21,23.29,23.12,23.21,23.29,23.12,23.21,23.29,23.12,23.21,23.29,23.12,23.21
1464443400.00,23.29,23.12,23.21,23.21,23.12,23.21,23.29,23.12,23.21,23.29,23.12,23.21,23.29,23.12,23.21,23.29,23.12,23.21
1464444000.00,23.29,23.12,23.12,23.21,23.12,23.21,23.29,23.12,23.21,23.29,23.12,23.21,23.29,23.12,23.21,23.29,23.12,23.21
1464444600.00,23.29,23.12,23.12,23.21,23.12,23.21,23.29,23.12,23.21,23.29,23.12,23.21,23.29,23.12,23.21,23.29,23.12,23.21
1464445200.00,23.29,23.12,23.12,23.21,23.12,23.21,23.29,23.12,23.21,23.29,23.12,23.21,23.29,23.12,23.21,23.29,23.12,23.21
1464445800.00,23.29,23.12,23.12,23.21,23.12,23.21,23.29,23.12,23.12,23.21,23.12,23.21,23.29,23.12,23.21,23.29,23.12,23.21
1464446400.00,23.21,23.12,23.12,23.21,23.12,23.21,23.29,23.12,23.21,23.21,23.12,23.21,23.29,23.12,23.21,23.21,23.12,23.21
1464447000.00,23.21,23.03,23.12,23.21,23.12,23.21,23.29,23.12,23.21,23.21,23.12,23.21,23.29,23.12,23.21,23.21,23.03,23.21
1464447600.00,23.21,23.03,23.12,23.21,23.12,23.12,23.29,23.12,23.12,23.21,23.12,23.21,23.29,23.12,23.21,23.21,23.12,23.21
1464448200.00,23.29,23.03,23.12,23.21,23.12,23.21,23.29,23.12,23.12,23.21,23.12,23.21,23.29,23.12,23.12,23.21,23.12,23.21
1464448800.00,23.21,23.03,23.12,23.21,23.12,23.12,23.29,23.12,23.12,23.21,23.12,23.21,23.29,23.12,23.12,23.21,23.12,23.21
1464449400.00,23.21,23.03,23.12,23.21,23.12,23.21,23.29,23.12,23.12,23.21,23.12,23.21,23.29,23.12,23.12,23.21,23.12,23.21
1464450000.00,23.21,23.03,23.12,23.21,23.12,23.12,23.29,23.12,23.12,23.21,23.12,23.21,23.29,23.12,23.12,23.21,23.12,23.21
1464450600.00,23.21,23.03,23.12,23.21,23.12,23.12,23.29,23.12,23.12,23.21,23.12,23.21,23.29,23.12,23.12,23.21,23.12,23.21
1464451200.00,23.21,23.03,23.12,23.21,23.12,23.12,23.29,23.12,23.12,23.21,23.12,23.21,23.29,23.12,23.12,23.21,23.12,23.21
1464451800.00,23.21,23.03,23.12,23.21,23.12,23.12,23.29,23.12,23.12,23.21,23.12,23.21,23.29,23.12,23.12,23.21,23.12,23.21
1464452400.00,23.21,23.03,23.12,23.21,23.12,23.03,23.29,23.12,23.12,23.21,23.12,23.12,23.29,23.12,23.12,23.21,23.12,23.21
1464453000.00,23.21,23.03,23.12,23.21,23.03,23.12,23.29,23.03,23.12,23.21,23.12,23.21,23.29,23.12,23.12,23.21,23.12,23.21
1464453600.00,23.21,23.03,23.12,23.21,23.03,23.12,23.29,23.03,23.12,23.21,23.12,23.21,23.29,23.12,23.12,23.21,23.12,23.21
1464454200.00,23.21,23.03,23.12,23.21,23.03,23.12,23.21,23.03,23.12,23.21,23.12,23.12,23.29,23.03,23.12,23.21,23.12,23.21
1464454800.00,23.21,23.03,23.12,23.21,23.03,23.12,23.21,23.03,23.12,23.21,23.03,23.12,23.29,23.03,23.12,23.21,23.12,23.12
1464455400.00,23.21,23.03,23.12,23.21,23.03,23.12,23.21,23.12,23.12,23.21,23.03,23.12,23.29,23.03,23.12,23.21,23.12,23.12
1464456000.00,23.21,23.03,23.12,23.21,23.03,23.12,23.29,23.03,23.12,23.21,23.03,23.12,23.21,23.03,23.12,23.21,23.12,23.12
1464456600.00,23.21,23.03,23.12,23.21,23.03,23.12,23.21,23.03,23.12,23.21,23.03,23.12,23.21,23.03,23.12,23.21,23.03,23.12
1464457200.00,24.34,23.12,23.12,23.21,23.21,23.38,24.34,23.12,23.21,23.21,23.21,23.38,24.34,23.12,23.12,23.21,23.21,23.38
1464457800.00,24.25,25.93,23.55,23.21,23.29,23.55,24.25,26.02,23.55,23.29,23.38,23.55,24.25,26.02,23.55,23.29,23.29,23.55
1464458400.00,23.82,24.08,23.64,23.47,23.29,23.47,23.9,24.08,23.64,23.47,23.29,23.47,23.9,24.08,23.64,23.47,23.38,23.47
1464459000.00,23.82,23.73,23.64,23.55,23.38,23.55,23.82,23.82,23.64,23.55,23.47,23.55,23.82,23.82,23.64,23.55,23.47,23.55
1464459600.00,23.73,23.64,23.55,23.55,23.47,23.55,23.73,23.64,23.64,23.64,23.47,23.55,23.82,23.64,23.64,23.64,23.47,23.55
1464460200.00,23.73,23.55,23.55,23.64,23.47,23.55,23.73,23.64,23.64,23.64,23.55,23.64,23.73,23.64,23.64,23.64,23.55,23.64
1464460800.00,23.64,23.55,23.55,23.64,23.55,23.55,23.73,23.55,23.55,23.64,23.55,23.64,23.73,23.55,23.64,23.64,23.55,23.64
1464461400.00,23.64,23.55,23.55,23.64,23.55,23.64,23.73,23.55,23.64,23.73,23.55,23.64,23.73,23.55,23.64,23.73,23.55,23.64
1464462000.00,23.73,23.64,23.64,23.73,23.64,23.73,23.82,23.64,23.64,23.73,23.64,23.73,23.82,23.64,23.64,23.73,23.64,23.73
1464462600.00,23.73,23.64,23.64,23.73,23.55,23.64,23.82,23.64,23.64,23.73,23.64,23.73,23.82,23.64,23.64,23.73,23.64,23.73
1464463200.00,23.73,23.64,23.64,23.73,23.64,23.64,23.82,23.64,23.64,23.73,23.64,23.73,23.82,23.64,23.64,23.73,23.64,23.73
1464463800.00,23.73,23.64,23.64,23.73,23.64,23.64,23.82,23.64,23.64,23.73,23.64,23.73,23.82,23.64,23.64,23.73,23.64,23.73
1464464400.00,23.82,23.64,23.73,23.82,23.64,23.73,23.9,23.73,23.73,23.82,23.73,23.73,23.9,23.73,23.73,23.82,23.73,23.73
1464465000.00,23.9,23.73,23.82,23.82,23.64,23.73,23.9,23.73,23.82,23.82,23.73,23.82,23.99,23.82,23.82,23.9,23.73,23.82
1464465600.00,24.08,23.99,24.08,24.08,23.82,23.9,24.08,23.99,24.08,24.08,23.82,23.9,24.08,23.99,24.08,24.08,23.82,23.9
1464466200.00,24.25,24.17,24.34,24.34,24.08,24.17,24.25,24.25,24.34,24.34,24.08,24.17,24.25,24.25,24.34,24.34,24.08,24.17
1464466800.00,24.34,24.34,24.43,24.43,24.17,24.25,24.34,24.34,24.43,24.43,24.17,24.25,24.34,24.43,24.43,24.43,24.25,24.25
1464467400.00,24.34,24.43,24.52,24.52,24.25,24.34,24.43,24.52,24.52,24.52,24.34,24.34,24.43,24.43,24.52,24.52,24.34,24.34
1464468000.00,24.34,24.52,24.52,24.52,24.34,24.43,24.43,24.6,24.52,24.52,24.34,24.43,24.43,24.52,24.6,24.52,24.34,24.43
1464468600.00,24.25,24.43,24.43,24.43,24.25,24.34,24.25,24.43,24.43,24.43,24.25,24.34,24.25,24.43,24.43,24.43,24.25,24.34
1464469200.00,24.25,24.43,24.43,24.43,24.34,24.43,24.25,24.43,24.43,24.52,24.34,24.43,24.25,24.43,24.43,24.52,24.34,24.43
1464469800.00,24.17,24.34,24.34,24.43,24.25,24.34,24.25,24.34,24.34,24.43,24.25,24.34,24.25,24.34,24.34,24.43,24.25,24.34
1464470400.00,24.08,24.17,24.25,24.25,24.17,24.17,24.17,24.25,24.25,24.34,24.17,24.25,24.17,24.25,24.25,24.34,24.17,24.25
1464471000.00,23.99,24.17,24.17,24.25,24.08,24.08,24.08,24.17,24.17,24.25,24.08,24.17,24.08,24.17,24.17,24.25,24.08,24.17
1464471600.00,23.99,24.08,24.08,24.17,23.99,24.08,23.99,24.08,24.08,24.17,23.99,24.08,23.99,24.08,24.08,24.17,23.99,24.08
1464472200.00,23.9,23.99,23.99,24.08,23.9,23.99,23.99,23.99,24.08,24.08,23.9,23.99,23.99,24.08,24.08,24.08,23.9,23.99
1464472800.00,23.9,23.99,23.9,23.99,23.82,23.9,23.9,23.99,23.99,24.08,23.9,23.9,23.9,23.99,23.99,24.08,23.9,23.99
1464473400.00,23.9,23.9,23.9,23.99,23.82,23.9,23.9,23.9,23.99,23.99,23.82,23.9,23.9,23.99,23.99,23.99,23.82,23.9
1464474000.00,23.82,23.9,23.9,23.9,23.82,23.82,23.9,23.9,23.9,23.99,23.82,23.82,23.9,23.9,23.9,23.99,23.82,23.9
1464474600.00,23.82,23.82,23.82,23.9,23.73,23.82,23.82,23.9,23.9,23.9,23.73,23.82,23.82,23.9,23.9,23.9,23.73,23.82
1464475200.00,23.82,23.82,23.82,23.9,23.73,23.73,23.82,23.82,23.82,23.9,23.73,23.82,23.82,23.82,23.82,23.9,23.73,23.82
1464475800.00,23.82,23.73,23.82,23.82,23.64,23.73,23.82,23.82,23.82,23.9,23.73,23.73,23.82,23.82,23.82,23.9,23.73,23.73
1464476400.00,23.73,23.73,23.73,23.82,23.64,23.73,23.82,23.82,23.82,23.82,23.64,23.73,23.73,23.82,23.82,23.82,23.64,23.73
1464477000.00,23.73,23.73,23.73,23.82,23.64,23.73,23.73,23.73,23.73,23.82,23.64,23.73,23.73,23.73,23.73,23.82,23.64,23.73
1464477600.00,23.73,23.64,23.73,23.82,23.64,23.64,23.73,23.73,23.73,23.82,23.64,23.64,23.73,23.73,23.73,23.82,23.64,23.73
1464478200.00,23.64,23.64,23.73,23.73,23.55,23.64,23.73,23.73,23.73,23.73,23.64,23.64,23.73,23.73,23.73,23.82,23.64,23.64
1464478800.00,23.64,23.64,23.64,23.73,23.55,23.64,23.73,23.64,23.73,23.73,23.55,23.64,23.73,23.64,23.73,23.73,23.64,23.64
1464479400.00,23.64,23.64,23.64,23.73,23.55,23.64,23.64,23.64,23.64,23.73,23.55,23.64,23.64,23.64,23.64,23.73,23.55,23.64
1464480000.00,23.64,23.64,23.64,23.73,23.55,23.64,23.64,23.64,23.64,23.73,23.55,23.64,23.64,23.64,23.64,23.73,23.47,23.55
1464480600.00,23.64,23.55,23.64,23.64,23.47,23.55,23.64,23.64,23.64,23.73,23.55,23.55,23.64,23.64,23.64,23.64,23.55,23.64
1464481200.00,23.55,23.55,23.55,23.64,23.47,23.55,23.64,23.55,23.64,23.64,23.47,23.55,23.64,23.55,23.64,23.64,23.55,23.55
1464481800.00,23.55,23.55,23.55,23.64,23.47,23.55,23.64,23.55,23.55,23.64,23.47,23.55,23.64,23.55,23.64,23.64,23.55,23.55
1464482400.00,23.55,23.47,23.55,23.64,23.47,23.55,23.55,23.55,23.55,23.64,23.47,23.55,23.64,23.55,23.55,23.64,23.47,23.55
1464483000.00,23.55,23.47,23.55,23.55,23.47,23.47,23.55,23.55,23.55,23.64,23.47,23.55,23.55,23.55,23.55,23.64,23.47,23.55
1464483600.00,23.55,23.47,23.55,23.55,23.47,23.47,23.55,23.55,23.55,23.64,23.47,23.47,23.55,23.55,23.55,23.64,23.47,23.55
1464484200.00,23.55,23.47,23.47,23.55,23.38,23.47,23.55,23.47,23.55,23.55,23.47,23.47,23.55,23.47,23.55,23.55,23.47,23.47
1464484800.00,23.47,23.47,23.47,23.55,23.38,23.47,23.55,23.47,23.47,23.55,23.38,23.47,23.55,23.47,23.55,23.55,23.47,23.47
1464485400.00,23.47,23.47,23.47,23.55,23.38,23.38,23.55,23.47,23.47,23.55,23.38,23.47,23.55,23.47,23.47,23.55,23.38,23.47
1464486000.00,23.47,23.38,23.47,23.55,23.38,23.38,23.55,23.47,23.47,23.55,23.38,23.47,23.55,23.47,23.47,23.55,23.38,23.47
1464486600.00,23.47,23.38,23.47,23.47,23.38,23.38,23.47,23.47,23.47,23.47,23.38,23.47,23.47,23.47,23.47,23.55,23.38,23.47
1464487200.00,23.47,23.38,23.38,23.47,23.38,23.38,23.47,23.38,23.47,23.55,23.38,23.38,23.47,23.38,23.47,23.55,23.38,23.47
1464487800.00,23.47,23.38,23.38,23.47,23.29,23.38,23.47,23.38,23.38,23.47,23.29,23.38,23.47,23.38,23.47,23.47,23.38,23.38
1464488400.00,23.38,23.38,23.38,23.47,23.29,23.38,23.47,23.38,23.38,23.47,23.29,23.38,23.47,23.38,23.38,23.47,23.38,23.38
1464489000.00,23.47,23.38,23.38,23.47,23.29,23.38,23.47,23.38,23.38,23.47,23.29,23.38,23.47,23.38,23.38,23.47,23.29,23.38
1464489600.00,23.38,23.29,23.38,23.47,23.29,23.38,23.47,23.38,23.38,23.47,23.29,23.38,23.47,23.38,23.38,23.47,23.29,23.38
1464490200.00,23.38,23.29,23.38,23.38,23.29,23.29,23.47,23.38,23.38,23.47,23.29,23.38,23.47,23.38,23.38,23.38,23.29,23.38
1464490800.00,23.38,23.29,23.29,23.38,23.29,23.29,23.38,23.29,23.38,23.38,23.29,23.38,23.47,23.29,23.38,23.47,23.29,23.38
1464491400.00,23.38,23.29,23.29,23.38,23.21,23.29,23.47,23.29,23.38,23.38,23.29,23.29,23.38,23.29,23.38,23.38,23.29,23.38
1464492000.00,23.38,23.29,23.29,23.38,23.21,23.29,23.38,23.29,23.29,23.38,23.29,23.29,23.38,23.29,23.29,23.38,23.29,23.29
1464492600.00,23.38,23.29,23.29,23.38,23.21,23.29,23.38,23.29,23.29,23.38,23.21,23.29,23.38,23.29,23.29,23.38,23.21,23.29
1464493200.00,23.38,23.21,23.29,23.38,23.21,23.29,23.38,23.29,23.29,23.38,23.21,23.29,23.38,23.29,23.29,23.38,23.21,23.29
1464493800.00,23.38,23.21,23.29,23.38,23.21,23.29,23.38,23.29,23.29,23.38,23.21,23.29,23.38,23.29,23.29,23.38,23.21,23.29
1464494400.00,23.29,23.21,23.29,23.29,23.21,23.29,23.38,23.29,23.29,23.38,23.21,23.29,23.38,23.29,23.29,23.38,23.21,23.29
1464495000.00,23.29,23.21,23.29,23.29,23.21,23.21,23.38,23.21,23.29,23.38,23.21,23.29,23.38,23.21,23.29,23.38,23.21,23.29
1464495600.00,23.29,23.21,23.21,23.29,23.12,23.21,23.38,23.21,23.29,23.38,23.21,23.29,23.38,23.21,23.29,23.29,23.21,23.29
1464496200.00,23.29,23.21,23.21,23.29,23.21,23.21,23.38,23.21,23.29,23.29,23.21,23.21,23.38,23.21,23.29,23.29,23.21,23.21
1464496800.00,23.29,23.21,23.21,23.29,23.12,23.21,23.29,23.21,23.21,23.29,23.21,23.21,23.38,23.21,23.21,23.29,23.21,23.29
1464497400.00,23.29,23.21,23.21,23.29,23.12,23.21,23.29,23.21,23.21,23.29,23.21,23.21,23.29,23.21,23.21,23.29,23.21,23.21
1464498000.00,23.29,23.12,23.21,23.29,23.12,23.21,23.29,23.21,23.21,23.29,23.12,23.21,23.29,23.21,23.21,23.29,23.21,23.21
1464498600.00,23.29,23.12,23.21,23.29,23.12,23.21,23.29,23.21,23.21,23.29,23.12,23.21,23.29,23.21,23.21,23.29,23.12,23.21
1464499200.00,23.29,23.12,23.21,23.29,23.12,23.21,23.29,23.21,23.21,23.29,23.12,23.21,23.29,23.21,23.21,23.29,23.12,23.21
1464499800.00,23.21,23.12,23.21,23.29,23.12,23.21,23.29,23.21,23.21,23.29,23.12,23.21,23.29,23.21,23.21,23.29,23.12,23.21
1464500400.00,23.29,23.12,23.21,23.21,23.12,23.21,23.29,23.12,23.21,23.29,23.12,23.21,23.29,23.12,23.21,23.29,23.12,23.21
1464501000.00,23.29,23.12,23.21,23.21,23.12,23.12,23.29,23.12,23.21,23.29,23.12,23.21,23.29,23.12,23.21,23.29,23.12,23.21
1464501600.00,23.21,23.12,23.21,23.21,23.12,23.21,23.29,23.12,23.21,23.29,23.12,23.21,23.29,23.12,23.21,23.29,23.12,23.21
1464502200.00,23.21,23.12,23.12,23.21,23.12,23.12,23.29,23.12,23.12,23.21,23.12,23.21,23.29,23.12,23.21,23.21,23.12,23.21
1464502800.00,23.21,23.12,23.12,23.21,23.03,23.12,23.29,23.12,23.12,23.21,23.12,23.12,23.29,23.12,23.21,23.21,23.12,23.21
1464503400.00,23.21,23.03,23.12,23.21,23.03,23.12,23.29,23.12,23.12,23.21,23.12,23.12,23.29,23.12,23.12,23.21,23.12,23.12
1464504000.00,23.21,23.03,23.12,23.21,23.03,23.12,23.29,23.12,23.12,23.21,23.12,23.12,23.29,23.12,23.12,23.21,23.12,23.12
1464504600.00,23.21,23.03,23.12,23.21,23.03,23.12,23.21,23.12,23.12,23.21,23.03,23.12,23.21,23.12,23.12,23.21,23.12,23.12
1464505200.00,23.21,23.03,23.12,23.21,23.03,23.12,23.21,23.12,23.12,23.21,23.03,23.12,23.21,23.12,23.12,23.21,23.03,23.12
1464505800.00,23.21,23.03,23.03,23.12,23.03,23.12,23.21,23.03,23.12,23.21,23.03,23.12,23.21,23.12,23.12,23.21,23.03,23.12
1464506400.00,23.21,23.03,23.12,23.21,23.03,23.12,23.21,23.12,23.12,23.21,23.03,23.12,23.21,23.03,23.12,23.21,23.03,23.12
1464507000.00,23.21,23.03,23.12,23.12,23.03,23.12,23.21,23.03,23.12,23.21,23.03,23.12,23.21,23.03,23.12,23.21,23.03,23.12
1464507600.00,23.12,23.03,23.03,23.12,23.03,23.12,23.21,23.03,23.12,23.21,23.03,23.12,23.21,23.03,23.12,23.21,23.03,23.12
1464508200.00,23.12,23.03,23.03,23.12,23.03,23.03,23.21,23.03,23.03,23.12,23.03,23.12,23.21,23.03,23.12,23.21,23.03,23.12
1464508800.00,23.21,23.03,23.03,23.12,23.03,23.03,23.21,23.03,23.03,23.21,23.03,23.12,23.21,23.03,23.12,23.21,23.03,23.12
1464509400.00,23.12,23.03,23.03,23.12,23.03,23.03,23.21,23.03,23.03,23.12,23.03,23.12,23.21,23.03,23.12,23.12,23.03,23.12
1464510000.00,23.21,23.03,23.03,23.12,23.03,23.03,23.21,23.03,23.03,23.12,23.03,23.03,23.21,23.03,23.03,23.12,23.03,23.12
1464510600.00,23.12,22.94,23.03,23.12,22.94,23.03,23.21,23.03,23.03,23.12,23.03,23.03,23.21,23.03,23.03,23.12,23.03,23.12
1464511200.00,23.12,22.94,23.03,23.12,22.94,23.03,23.21,23.03,23.03,23.12,23.03,23.03,23.21,23.03,23.03,23.12,23.03,23.03
1464511800.00,23.12,22.94,23.03,23.12,22.94,23.03,23.12,23.03,23.03,23.12,22.94,23.03,23.21,23.03,23.03,23.12,23.03,23.03
1464512400.00,23.12,22.94,23.03,23.12,22.94,23.03,23.12,23.03,23.03,23.12,22.94,23.03,23.21,23.03,23.03,23.12,23.03,23.03
1464513000.00,23.12,22.94,23.03,23.12,22.94,23.03,23.12,23.03,23.03,23.12,22.94,23.03,23.12,23.03,23.03,23.12,22.94,23.03
1464513600.00,23.12,22.94,23.03,23.12,22.94,23.03,23.12,23.03,23.03,23.12,22.94,23.03,23.12,23.03,23.03,23.12,22.94,23.03
1464514200.00,23.12,22.94,23.03,23.12,22.94,23.03,23.12,22.94,23.03,23.12,22.94,23.03,23.12,22.94,23.03,23.12,22.94,23.03
1464514800.00,23.12,22.94,23.03,23.03,22.94,23.03,23.12,22.94,23.03,23.12,22.94,23.03,23.12,22.94,23.03,23.12,22.94,23.03
1464515400.00,23.12,22.94,23.03,23.03,22.94,23.03,23.12,22.94,23.03,23.12,22.94,23.03,23.12,22.94,23.03,23.12,22.94,23.03
1464516000.00,23.12,22.94,22.94,23.03,22.94,23.03,23.12,22.94,23.03,23.12,22.94,23.03,23.12,22.94,23.03,23.12,22.94,23.03
1464516600.00,23.12,22.94,22.94,23.03,22.94,23.03,23.12,22.94,23.03,23.12,22.94,23.03,23.12,22.94,23.03,23.12,22.94,23.03
1464517200.00,23.03,22.94,22.94,23.03,22.94,22.94,23.12,22.94,23.03,23.03,22.94,23.03,23.12,22.94,23.03,23.12,22.94,23.03
1464517800.00,23.03,22.94,22.94,23.03,22.94,22.94,23.12,22.94,23.03,23.03,22.94,23.03,23.12,22.94,23.03,23.12,22.94,23.03
1464518400.00,23.03,22.94,22.94,23.03,22.86,22.94,23.12,22.94,22.94,23.03,22.94,23.03,23.12,22.94,22.94,23.03,22.94,23.03
1464519000.00,23.03,22.86,22.94,23.03,22.94,22.94,23.12,22.94,22.94,23.03,22.94,23.03,23.12,22.94,22.94,23.03,22.94,23.03
1464519600.00,23.03,22.86,22.94,23.03,22.86,22.94,23.12,22.94,22.94,23.03,22.94,22.94,23.12,22.94,22.94,23.03,22.94,22.94
1464520200.00,23.03,22.86,22.94,23.03,22.86,22.94,23.12,22.94,22.94,23.03,22.94,22.94,23.12,22.94,22.94,23.03,22.94,22.94
1464520800.00,23.03,22.86,22.94,23.03,22.86,22.94,23.12,22.94,22.94,23.03,22.86,22.94,23.12,22.94,22.94,23.03,22.94,22.94
1464521400.00,23.03,22.86,22.94,23.03,22.86,22.94,23.03,22.94,22.94,23.03,22.86,22.94,23.12,22.94,22.94,23.03,22.94,22.94
1464522000.00,23.03,22.86,22.94,23.03,22.86,22.94,23.12,22.86,22.94,23.03,22.86,22.94,23.03,22.94,22.94,23.03,22.94,22.94
1464522600.00,23.03,22.86,22.94,23.03,22.86,22.94,23.03,22.86,22.94,23.03,22.86,22.94,23.03,22.94,22.94,23.03,22.86,22.94
1464523200.00,23.03,22.86,22.94,23.03,22.86,22.94,23.03,22.86,22.94,23.03,22.86,22.94,23.03,22.94,22.94,22.94,22.86,22.94
1464523800.00,23.03,22.86,22.94,23.03,22.86,22.94,23.03,22.86,22.94,23.03,22.86,22.94,23.03,22.86,22.94,23.03,22.86,22.94
1464524400.00,23.03,22.86,22.94,22.94,22.86,22.94,23.03,22.86,22.94,23.03,22.86,22.94,23.03,22.86,22.94,23.03,22.86,22.94
1464525000.00,23.03,22.86,22.94,22.94,22.86,22.94,23.03,22.86,22.94,23.03,22.86,22.94,23.03,22.86,22.94,23.03,22.86,22.94
1464525600.00,23.03,22.86,22.94,22.94,22.86,22.94,23.03,22.86,22.94,23.03,22.86,22.94,23.03,22.86,22.94,23.03,22.86,22.94
1464526200.00,23.03,22.86,22.86,22.94,22.86,22.94,23.03,22.86,22.94,23.03,22.86,22.94,23.03,22.86,22.94,23.03,22.86,22.94
1464526800.00,23.03,22.86,22.86,22.94,22.86,22.94,23.03,22.86,22.94,23.03,22.86,22.94,23.03,22.86,22.94,23.03,22.86,22.94
1464527400.00,23.03,22.86,22.86,22.94,22.86,22.94,23.03,22.86,22.94,22.94,22.86,22.94,23.03,22.86,22.94,23.03,22.86,22.94
1464528000.00,23.03,22.86,22.86,22.94,22.86,22.86,23.03,22.86,22.94,22.94,22.86,22.94,23.03,22.86,22.94,22.94,22.86,22.94
1464528600.00,23.03,22.86,22.86,22.94,22.77,22.86,23.03,22.86,22.86,22.94,22.86,22.94,23.03,22.86,22.94,22.94,22.86,22.94
1464529200.00,23.03,22.86,22.86,22.94,22.86,22.86,23.03,22.86,22.86,22.94,22.86,22.94,23.03,22.86,22.94,22.94,22.86,22.94
1464529800.00,22.94,22.86,22.86,22.94,22.86,22.86,23.03,22.86,22.86,22.94,22.86,22.94,23.03,22.86,22.94,22.94,22.86,22.94
1464530400.00,23.03,22.86,22.86,22.94,22.86,22.86,23.03,22.86,22.86,22.94,22.86,22.94,23.03,22.86,22.86,22.94,22.86,22.94
1464531000.00,22.94,22.86,22.86,22.94,22.77,22.86,23.03,22.86,22.86,22.94,22.86,22.86,23.03,22.86,22.86,22.94,22.86,22.94
1464531600.00,22.94,22.77,22.86,22.94,22.77,22.86,23.03,22.86,22.86,22.94,22.86,22.94,23.03,22.86,22.86,22.94,22.86,22.94
1464532200.00,22.94,22.86,22.86,22.94,22.77,22.86,23.03,22.86,22.86,22.94,22.86,22.94,23.03,22.86,22.86,22.94,22.86,22.94
1464532800.00,22.94,22.77,22.86,22.94,22.86,22.86,23.03,22.86,22.86,22.94,22.86,22.94,23.03,22.86,22.86,22.94,22.86,22.94
1464533400.00,22.94,22.77,22.86,22.94,22.77,22.86,23.03,22.86,22.86,22.94,22.86,22.94,23.03,22.86,22.86,22.94,22.86,22.86
1464534000.00,22.94,22.77,22.86,22.94,22.77,22.86,23.03,22.86,22.86,22.94,22.86,22.86,23.03,22.86,22.86,22.94,22.86,22.86
1464534600.00,23.03,22.77,22.86,22.94,22.77,22.86,23.03,22.86,22.86,22.94,22.86,22.94,23.03,22.86,22.86,22.94,22.86,22.94
1464535200.00,22.94,22.77,22.86,22.94,22.77,22.86,23.03,22.86,22.86,22.94,22.86,22.86,23.03,22.86,22.86,22.94,22.86,22.86
1464535800.00,23.03,22.77,22.86,22.94,22.77,22.86,23.03,22.86,22.86,22.94,22.86,22.94,23.03,22.86,22.86,22.94,22.86,22.94
1464536400.00,22.94,22.77,22.86,22.94,22.77,22.86,23.03,22.86,22.86,22.94,22.86,22.86,23.03,22.86,22.86,22.94,22.86,22.94
1464537000.00,22.94,22.77,22.86,22.94,22.77,22.86,23.03,22.86,22.86,22.94,22.86,22.86,23.03,22.86,22.86,22.94,22.86,22.94
1464537600.00,23.03,22.77,22.86,22.94,22.77,22.86,23.03,22.86,22.86,22.94,22.86,22.86,23.03,22.86,22.86,22.94,22.86,22.86
1464538200.00,22.94,22.77,22.86,22.94,22.77,22.86,23.03,22.86,22.86,22.94,22.86,22.86,23.03,22.86,22.86,22.94,22.86,22.86
1464538800.00,23.03,22.77,22.86,22.94,22.77,22.86,23.03,22.86,22.86,22.94,22.86,22.86,23.03,22.86,22.86,22.94,22.86,22.86
1464539400.00,23.03,22.77,22.86,22.94,22.77,22.86,23.03,22.86,22.86,22.94,22.86,22.86,23.03,22.86,22.86,22.94,22.86,22.94
1464540000.00,22.94,22.77,22.86,22.94,22.77,22.86,23.03,22.86,22.86,22.94,22.86,22.94,23.03,22.86,22.86,22.94,22.86,22.86
1464540600.00,22.94,22.77,22.86,22.94,22.77,22.86,23.03,22.86,22.86,22.94,22.86,22.94,23.03,22.86,22.86,22.94,22.86,22.86
1464541200.00,23.47,22.86,22.86,22.94,22.86,22.94,23.47,22.86,22.94,22.94,22.86,22.94,23.47,22.86,22.94,23.03,22.86,22.94
1464541800.00,23.47,23.03,23.12,23.21,23.12,23.21,23.47,23.12,23.12,23.21,23.12,23.21,23.47,23.12,23.12,23.21,23.12,23.21
1464542400.00,23.29,23.03,23.12,23.21,23.12,23.21,23.38,23.12,23.12,23.21,23.12,23.21,23.38,23.12,23.12,23.21,23.12,23.21
1464543000.00,23.21,23.03,23.12,23.21,23.12,23.12,23.29,23.12,23.12,23.21,23.12,23.21,23.29,23.12,23.12,23.21,23.12,23.21
1464543600.00,23.21,23.03,23.12,23.21,23.03,23.12,23.21,23.03,23.12,23.21,23.12,23.12,23.21,23.03,23.12,23.21,23.12,23.12
1464544200.00,23.21,23.03,23.12,23.21,23.12,23.21,23.29,23.12,23.12,23.21,23.12,23.21,23.29,23.12,23.21,23.21,23.12,23.21
1464544800.00,23.29,23.12,23.21,23.29,23.21,23.29,23.29,23.21,23.21,23.29,23.21,23.29,23.29,23.21,23.21,23.29,23.21,23.29
1464545400.00,23.29,23.21,23.29,23.38,23.29,23.38,23.38,23.21,23.29,23.38,23.29,23.38,23.38,23.21,23.29,23.38,23.29,23.38
1464546000.00,23.38,23.29,23.38,23.47,23.38,23.38,23.47,23.29,23.38,23.47,23.38,23.47,23.47,23.29,23.38,23.47,23.29,23.47
1464546600.00,23.38,23.29,23.29,23.38,23.29,23.38,23.38,23.29,23.38,23.47,23.29,23.38,23.47,23.29,23.38,23.47,23.29,23.38
1464547200.00,23.47,23.29,23.38,23.47,23.29,23.38,23.47,23.29,23.38,23.47,23.38,23.38,23.47,23.38,23.38,23.47,23.38,23.47
1464547800.00,23.47,23.29,23.38,23.47,23.38,23.38,23.47,23.38,23.38,23.47,23.38,23.47,23.47,23.38,23.38,23.47,23.38,23.47
1464548400.00,23.47,23.29,23.38,23.47,23.38,23.47,23.47,23.38,23.38,23.47,23.38,23.47,23.47,23.38,23.47,23.55,23.38,23.47
1464549000.00,23.47,23.29,23.38,23.47,23.38,23.47,23.47,23.38,23.47,23.55,23.38,23.47,23.47,23.38,23.47,23.47,23.38,23.47
1464549600.00,23.64,23.55,23.47,23.55,23.47,23.55,23.73,23.55,23.47,23.55,23.47,23.55,23.73,23.55,23.47,23.55,23.47,23.55
1464550200.00,23.82,23.64,23.64,23.73,23.9,23.9,23.82,23.64,23.64,23.82,23.9,23.9,23.82,23.73,23.64,23.82,23.9,23.9
1464550800.00,24.08,24.87,26.64,26.99,26.1,28.34,24.17,24.87,26.64,26.99,26.19,28.34,24.17,24.87,26.64,26.99,26.19,28.34
1464551400.00,24.17,25.22,26.55,27.35,27.44,27.8,24.17,25.31,26.55,27.44,27.44,27.8,24.17,25.31,26.55,27.44,27.44,27.8
1464552000.00,23.9,24.52,25.31,25.84,25.93,26.1,23.99,24.6,25.31,25.84,25.93,26.1,23.99,24.6,25.31,25.84,25.93,26.1
1464552600.00,23.73,24.17,24.6,24.96,25.04,25.13,23.82,24.17,24.6,25.04,25.04,25.22,23.82,24.17,24.6,25.04,25.04,25.22
1464553200.00,23.64,23.82,24.17,24.43,24.43,24.6,23.73,23.9,24.17,24.52,24.52,24.6,23.73,23.9,24.17,24.52,24.52,24.6
1464553800.00,23.55,23.64,23.9,24.08,24.08,24.25,23.55,23.73,23.9,24.17,24.08,24.25,23.55,23.64,23.9,24.17,24.08,24.25
1464554400.00,23.82,23.9,24.17,24.25,24.52,25.04,23.82,23.9,24.17,24.25,24.52,25.04,23.82,23.9,24.17,24.25,24.52,25.04
1464555000.00,23.55,23.64,23.82,24.08,24.25,24.43,23.55,23.64,23.82,24.08,24.34,24.52,23.64,23.64,23.82,24.08,24.34,24.52
1464555600.00,23.47,23.55,23.64,23.99,23.99,24.17,23.55,23.55,23.73,23.99,24.08,24.17,23.55,23.55,23.73,23.99,24.08,24.25
1464556800.00,23.38,23.38,23.55,23.73,23.73,23.9,23.47,23.47,23.55,23.73,23.73,23.9,23.47,23.47,23.55,23.73,23.73,23.9
1464558000.00,23.47,23.47,23.55,23.73,23.73,23.9,23.47,23.47,23.55,23.73,23.73,23.9,23.47,23.47,23.55,23.73,23.73,23.9
1464558524.00,23.47,23.47,23.55,23.73,23.73,23.9,23.47,23.47,23.55,23.73,23.73,23.9,23.47,23.47,23.55,23.73,23.73,23.9
1464558600.00,23.38,23.38,23.47,23.64,23.64,23.82,23.47,23.47,23.55,23.73,23.64,23.82,23.47,23.47,23.55,23.73,23.64,23.82
1464559200.00,23.38,23.38,23.55,23.64,23.64,23.82,23.47,23.47,23.55,23.73,23.64,23.82,23.47,23.47,23.55,23.73,23.64,23.82
1464559800.00,23.38,23.38,23.55,23.73,23.64,23.82,23.47,23.47,23.55,23.73,23.64,23.82,23.47,23.47,23.55,23.73,23.64,23.82
1464560400.00,23.38,23.38,23.55,23.73,23.64,23.82,23.47,23.47,23.55,23.73,23.73,23.82,23.47,23.47,23.55,23.73,23.64,23.82
1464561000.00,23.38,23.47,23.55,23.73,23.64,23.82,23.47,23.47,23.55,23.73,23.73,23.9,23.47,23.47,23.55,23.73,23.73,23.9
1464561600.00,23.47,23.47,23.55,23.82,23.73,23.9,23.47,23.55,23.64,23.82,23.73,23.9,23.47,23.55,23.64,23.82,23.82,23.99
1464562200.00,23.47,23.47,23.64,23.82,23.73,23.9,23.47,23.55,23.64,23.82,23.82,23.99,23.47,23.55,23.64,23.82,23.82,23.99
1464562800.00,23.47,23.47,23.64,23.82,23.73,23.9,23.47,23.47,23.64,23.82,23.82,23.99,23.47,23.55,23.64,23.82,23.82,23.99
1464563400.00,23.47,23.47,23.55,23.73,23.73,23.9,23.47,23.47,23.64,23.82,23.73,23.9,23.47,23.47,23.64,23.82,23.73,23.9
1464564000.00,23.38,23.47,23.55,23.73,23.73,23.82,23.47,23.47,23.55,23.73,23.73,23.9,23.47,23.47,23.64,23.73,23.73,23.9
1464564600.00,23.38,23.38,23.55,23.73,23.64,23.82,23.38,23.47,23.55,23.73,23.73,23.82,23.47,23.47,23.55,23.73,23.73,23.9
1464565200.00,23.38,23.38,23.55,23.73,23.64,23.82,23.38,23.47,23.55,23.73,23.64,23.82,23.38,23.47,23.55,23.73,23.64,23.82
1464565800.00,23.38,23.38,23.47,23.64,23.64,23.82,23.38,23.38,23.55,23.73,23.64,23.82,23.38,23.38,23.55,23.73,23.64,23.82
1464566400.00,23.38,23.38,23.47,23.64,23.64,23.82,23.38,23.38,23.55,23.64,23.64,23.82,23.38,23.38,23.55,23.64,23.64,23.82
1464567000.00,23.38,23.38,23.47,23.64,23.64,23.73,23.38,23.38,23.47,23.64,23.64,23.82,23.38,23.38,23.47,23.64,23.64,23.82
1464567600.00,23.38,23.38,23.47,23.64,23.55,23.73,23.38,23.38,23.47,23.64,23.64,23.73,23.38,23.38,23.47,23.64,23.64,23.82
1464568200.00,23.29,23.29,23.47,23.64,23.55,23.73,23.38,23.38,23.47,23.64,23.55,23.73,23.38,23.38,23.47,23.64,23.64,23.73
1464568800.00,23.29,23.29,23.47,23.55,23.55,23.73,23.38,23.38,23.47,23.64,23.55,23.73,23.38,23.38,23.47,23.64,23.55,23.73
1464569400.00,23.29,23.29,23.47,23.55,23.55,23.73,23.38,23.29,23.47,23.64,23.55,23.73,23.38,23.38,23.47,23.64,23.55,23.73
1464570000.00,23.29,23.29,23.38,23.55,23.55,23.64,23.29,23.29,23.47,23.64,23.55,23.73,23.29,23.29,23.47,23.64,23.55,23.73
1464570600.00,23.29,23.29,23.38,23.55,23.55,23.64,23.29,23.29,23.47,23.55,23.55,23.73,23.29,23.29,23.47,23.55,23.55,23.73
1464571200.00,23.29,23.29,23.38,23.55,23.47,23.64,23.29,23.29,23.47,23.55,23.55,23.64,23.29,23.29,23.47,23.55,23.55,23.64
1464571800.00,23.29,23.29,23.38,23.55,23.47,23.64,23.29,23.29,23.38,23.55,23.55,23.64,23.29,23.29,23.47,23.55,23.55,23.64
1464572400.00,23.29,23.29,23.38,23.47,23.47,23.64,23.29,23.29,23.38,23.55,23.55,23.64,23.29,23.29,23.38,23.55,23.47,23.64
1464573000.00,23.29,23.29,23.38,23.55,23.47,23.64,23.29,23.29,23.38,23.55,23.47,23.64,23.29,23.29,23.38,23.55,23.55,23.64
1464573600.00,23.21,23.21,23.38,23.55,23.47,23.64,23.29,23.29,23.38,23.55,23.47,23.64,23.29,23.29,23.38,23.55,23.47,23.64
1464574200.00,23.29,23.21,23.38,23.55,23.47,23.64,23.29,23.29,23.38,23.55,23.47,23.64,23.29,23.29,23.38,23.55,23.47,23.64
1464574800.00,23.29,23.21,23.38,23.47,23.47,23.64,23.29,23.21,23.38,23.55,23.47,23.64,23.29,23.29,23.38,23.55,23.47,23.64
1464575400.00,23.21,23.21,23.38,23.47,23.47,23.64,23.29,23.21,23.38,23.55,23.47,23.64,23.29,23.29,23.38,23.55,23.47,23.64
1464576000.00,23.21,23.21,23.29,23.47,23.47,23.55,23.29,23.29,23.38,23.47,23.47,23.64,23.29,23.21,23.38,23.55,23.47,23.64
1464576600.00,23.21,23.21,23.29,23.47,23.47,23.55,23.29,23.21,23.38,23.47,23.47,23.64,23.29,23.21,23.38,23.47,23.47,23.64
1464577200.00,23.21,23.21,23.29,23.47,23.47,23.55,23.21,23.21,23.38,23.47,23.47,23.55,23.29,23.21,23.38,23.47,23.47,23.64
1464577800.00,23.21,23.21,23.29,23.47,23.38,23.55,23.21,23.21,23.38,23.47,23.47,23.55,23.29,23.21,23.38,23.47,23.47,23.55
1464578400.00,23.21,23.21,23.29,23.47,23.38,23.55,23.21,23.21,23.38,23.47,23.47,23.55,23.21,23.21,23.38,23.47,23.47,23.55
1464579000.00,23.21,23.21,23.29,23.47,23.38,23.55,23.21,23.21,23.29,23.47,23.47,23.55,23.21,23.21,23.38,23.47,23.47,23.55
1464579600.00,23.21,23.21,23.29,23.47,23.38,23.55,23.21,23.21,23.29,23.47,23.38,23.55,23.21,23.21,23.29,23.47,23.47,23.55
1464580200.00,23.21,23.21,23.29,23.47,23.38,23.55,23.21,23.21,23.29,23.47,23.38,23.55,23.21,23.21,23.29,23.47,23.47,23.55
1464580800.00,23.21,23.21,23.29,23.47,23.38,23.55,23.21,23.21,23.29,23.47,23.38,23.55,23.21,23.21,23.29,23.47,23.38,23.55
1464581400.00,23.21,23.21,23.29,23.47,23.38,23.55,23.21,23.21,23.29,23.47,23.38,23.55,23.21,23.21,23.29,23.47,23.38,23.55
1464582000.00,23.12,23.12,23.29,23.38,23.38,23.55,23.21,23.21,23.29,23.47,23.38,23.55,23.21,23.21,23.29,23.47,23.38,23.55
1464582600.00,23.21,23.03,23.29,23.38,23.38,23.55,23.21,23.21,23.29,23.47,23.38,23.55,23.21,23.21,23.29,23.47,23.38,23.55
1464583200.00,23.21,23.12,23.29,23.38,23.38,23.55,23.21,23.21,23.29,23.47,23.38,23.55,23.21,23.21,23.29,23.47,23.38,23.55
1464583800.00,23.21,23.12,23.29,23.38,23.38,23.47,23.21,23.21,23.29,23.47,23.38,23.55,23.21,23.21,23.29,23.47,23.38,23.55
1464584400.00,23.21,23.12,23.29,23.38,23.38,23.47,23.21,23.21,23.29,23.47,23.38,23.55,23.21,23.21,23.29,23.47,23.38,23.55
1464585000.00,23.21,23.12,23.29,23.38,23.38,23.47,23.21,23.21,23.29,23.38,23.38,23.55,23.21,23.21,23.29,23.47,23.38,23.55
1464585600.00,23.12,23.12,23.21,23.38,23.38,23.47,23.21,23.21,23.29,23.38,23.38,23.55,23.21,23.21,23.29,23.38,23.38,23.55
1464586200.00,23.21,23.12,23.21,23.38,23.38,23.47,23.21,23.21,23.29,23.38,23.38,23.47,23.21,23.21,23.29,23.47,23.38,23.55
1464586800.00,23.12,23.12,23.21,23.38,23.38,23.47,23.21,23.12,23.29,23.38,23.38,23.47,23.21,23.21,23.29,23.38,23.38,23.55
1464587400.00,23.12,23.12,23.21,23.38,23.29,23.47,23.21,23.12,23.29,23.38,23.29,23.47,23.21,23.21,23.29,23.38,23.38,23.47
1464588000.00,23.12,23.12,23.21,23.38,23.29,23.47,23.21,23.12,23.29,23.38,23.38,23.47,23.21,23.12,23.29,23.38,23.38,23.47
1464588600.00,23.12,23.12,23.21,23.38,23.29,23.47,23.21,23.12,23.29,23.38,23.38,23.47,23.21,23.12,23.29,23.38,23.38,23.47
1464589200.00,23.12,23.12,23.21,23.38,23.29,23.47,23.21,23.12,23.21,23.38,23.29,23.47,23.21,23.12,23.29,23.38,23.38,23.47
1464589800.00,23.12,23.12,23.21,23.38,23.29,23.47,23.21,23.12,23.21,23.38,23.29,23.47,23.21,23.12,23.29,23.29,23.29,23.47
1464590400.00,23.12,23.12,23.21,23.38,23.29,23.47,23.21,23.12,23.21,23.38,23.29,23.47,23.21,23.12,23.21,23.38,23.29,23.47
1464591000.00,23.12,23.12,23.21,23.38,23.29,23.47,23.21,23.12,23.21,23.38,23.29,23.47,23.21,23.12,23.21,23.38,23.29,23.47
1464591600.00,23.12,23.12,23.21,23.38,23.29,23.47,23.21,23.12,23.21,23.38,23.29,23.47,23.21,23.12,23.29,23.38,23.29,23.47
1464592200.00,23.12,23.03,23.21,23.38,23.29,23.47,23.21,23.12,23.21,23.38,23.29,23.47,23.21,23.12,23.21,23.38,23.29,23.47
1464592800.00,23.12,23.12,23.21,23.38,23.29,23.47,23.12,23.12,23.21,23.38,23.29,23.47,23.21,23.12,23.21,23.38,23.29,23.47
1464593400.00,23.12,23.03,23.21,23.29,23.29,23.47,23.12,23.12,23.21,23.38,23.29,23.47,23.12,23.12,23.21,23.38,23.29,23.47
1464594000.00,23.12,23.03,23.21,23.38,23.29,23.47,23.12,23.12,23.21,23.38,23.29,23.47,23.12,23.12,23.21,23.38,23.29,23.47
1464594600.00,23.12,23.03,23.21,23.29,23.29,23.47,23.12,23.12,23.21,23.38,23.29,23.47,23.12,23.12,23.21,23.38,23.29,23.47
1464595200.00,23.12,23.03,23.21,23.29,23.21,23.38,23.12,23.12,23.21,23.38,23.29,23.47,23.12,23.12,23.21,23.38,23.29,23.47
1464595800.00,23.12,23.03,23.21,23.29,23.29,23.38,23.12,23.12,23.21,23.38,23.29,23.38,23.12,23.12,23.21,23.38,23.29,23.47
1464596400.00,23.12,23.03,23.12,23.29,23.29,23.38,23.12,23.12,23.21,23.29,23.29,23.47,23.12,23.12,23.21,23.38,23.29,23.47
1464597000.00,23.12,23.03,23.12,23.29,23.29,23.38,23.12,23.12,23.21,23.29,23.29,23.38,23.12,23.12,23.21,23.38,23.29,23.47
1464597600.00,23.12,23.03,23.12,23.29,23.29,23.38,23.12,23.12,23.21,23.29,23.29,23.38,23.12,23.12,23.21,23.29,23.29,23.38
1464598200.00,23.03,23.03,23.12,23.29,23.21,23.38,23.12,23.12,23.21,23.29,23.29,23.38,23.12,23.12,23.21,23.29,23.29,23.38
1464598800.00,23.12,23.03,23.12,23.29,23.21,23.38,23.12,23.12,23.21,23.29,23.29,23.38,23.12,23.12,23.21,23.29,23.29,23.38
1464599400.00,23.12,23.03,23.12,23.29,23.21,23.38,23.12,23.03,23.21,23.29,23.29,23.38,23.12,23.12,23.21,23.29,23.29,23.38
1464600000.00,23.03,23.03,23.12,23.29,23.21,23.38,23.12,23.03,23.21,23.29,23.29,23.38,23.12,23.03,23.12,23.29,23.29,23.38
1464600600.00,23.12,23.03,23.12,23.29,23.21,23.38,23.12,23.03,23.21,23.29,23.21,23.38,23.12,23.03,23.21,23.29,23.29,23.38
1464601200.00,23.03,23.03,23.12,23.29,23.21,23.38,23.12,23.03,23.12,23.29,23.29,23.38,23.12,23.03,23.21,23.29,23.29,23.38
1464601800.00,23.03,23.03,23.12,23.29,23.21,23.38,23.12,23.03,23.12,23.29,23.21,23.38,23.12,23.03,23.21,23.29,23.29,23.38
1464602400.00,23.03,23.03,23.12,23.29,23.21,23.38,23.12,23.03,23.12,23.29,23.29,23.38,23.12,23.03,23.12,23.29,23.29,23.38
1464603000.00,23.12,23.03,23.12,23.29,23.21,23.38,23.12,23.03,23.12,23.29,23.21,23.38,23.12,23.03,23.12,23.29,23.21,23.38
1464603600.00,23.03,23.03,23.12,23.29,23.21,23.38,23.12,23.03,23.12,23.29,23.21,23.38,23.12,23.03,23.12,23.29,23.21,23.38
1464604200.00,23.03,23.03,23.12,23.29,23.21,23.38,23.12,23.03,23.12,23.29,23.21,23.38,23.12,23.03,23.12,23.29,23.21,23.38
1464604800.00,23.03,23.03,23.12,23.29,23.21,23.38,23.12,23.03,23.12,23.29,23.21,23.38,23.12,23.03,23.12,23.29,23.21,23.38
1464605400.00,23.03,23.03,23.12,23.21,23.21,23.29,23.12,23.03,23.12,23.29,23.21,23.38,23.12,23.03,23.12,23.29,23.21,23.38
1464606000.00,23.03,23.03,23.12,23.29,23.21,23.38,23.12,23.03,23.12,23.29,23.21,23.38,23.12,23.03,23.12,23.29,23.21,23.38
1464606600.00,23.03,23.03,23.12,23.21,23.21,23.29,23.12,23.03,23.12,23.29,23.21,23.38,23.12,23.03,23.12,23.29,23.21,23.38
1464607200.00,23.03,23.03,23.12,23.21,23.21,23.38,23.12,23.03,23.12,23.29,23.21,23.38,23.12,23.03,23.12,23.29,23.21,23.38
1464607800.00,23.03,22.94,23.12,23.21,23.21,23.29,23.03,23.03,23.12,23.29,23.21,23.38,23.03,23.03,23.12,23.29,23.21,23.38
1464608400.00,23.03,22.94,23.12,23.21,23.21,23.38,23.12,23.03,23.12,23.29,23.21,23.38,23.03,23.03,23.12,23.29,23.21,23.38
1464609000.00,23.03,23.03,23.12,23.21,23.21,23.29,23.12,23.03,23.12,23.29,23.21,23.38,23.12,23.03,23.12,23.29,23.21,23.38
1464609600.00,23.03,23.03,23.12,23.21,23.21,23.29,23.12,23.03,23.12,23.29,23.21,23.38,23.12,23.03,23.12,23.29,23.21,23.38
1464610200.00,23.03,22.94,23.12,23.21,23.12,23.29,23.03,23.03,23.12,23.21,23.21,23.29,23.03,23.03,23.12,23.21,23.21,23.29
1464610800.00,23.21,23.03,23.12,23.29,23.21,23.29,23.21,23.12,23.21,23.29,23.21,23.38,23.21,23.12,23.21,23.29,23.21,23.38
1464611249.00,23.99,22.86,22.94,22.94,22.77,22.86,24.08,22.94,22.94,22.94,22.77,22.86,24.08,22.94,22.94,22.94,22.77,22.86
1464611400.00,22.94,22.51,22.6,22.51,22.51,22.42,22.94,22.51,22.6,22.51,22.51,22.42,23.03,22.6,22.6,22.51,22.51,22.42
1464612000.00,22.6,22.51,22.42,22.42,22.34,22.34,22.68,22.51,22.42,22.51,22.34,22.34,22.68,22.51,22.42,22.51,22.34,22.25
1464612600.00,22.34,22.25,22.25,22.34,22.25,22.25,22.34,22.25,22.25,22.34,22.25,22.25,22.34,22.25,22.25,22.34,22.25,22.25
1464613200.00,22.34,22.25,22.34,22.42,22.34,22.34,22.42,22.34,22.34,22.42,22.34,22.34,22.42,22.34,22.34,22.42,22.34,22.34
1464613800.00,22.51,22.34,22.42,22.51,22.42,22.42,22.6,22.34,22.42,22.51,22.34,22.42,22.6,22.34,22.42,22.51,22.42,22.42
1464614400.00,23.03,22.86,22.77,22.77,22.6,22.68,23.03,22.86,22.86,22.77,22.6,22.68,23.03,22.86,22.86,22.77,22.6,22.68
1464615000.00,23.47,23.29,23.21,23.12,22.94,23.12,23.47,23.29,23.21,23.12,22.94,23.12,23.55,23.29,23.21,23.12,22.94,23.12
1464615600.00,24.25,24.25,24.17,23.82,23.64,23.82,24.34,24.34,24.25,23.82,23.64,23.82,24.34,24.34,24.25,23.82,23.64,23.82
1464616200.00,22.16,22.42,23.47,23.99,23.82,23.9,22.16,22.51,23.55,24.08,23.9,23.99,22.16,22.51,23.55,24.08,23.9,23.99
1464616800.00,22.77,23.12,23.55,23.99,23.9,23.99,22.86,23.12,23.55,23.99,23.9,23.99,22.86,23.12,23.64,23.99,23.9,23.99
1464617400.00,23.73,23.82,23.99,24.17,23.99,24.17,23.73,23.9,23.99,24.17,24.08,24.17,23.73,23.9,23.99,24.17,24.08,24.17
1464618000.00,24.69,24.69,24.52,24.43,24.25,24.52,24.69,24.69,24.6,24.43,24.25,24.52,24.69,24.69,24.6,24.43,24.25,24.52
1464618600.00,25.66,25.48,25.13,24.78,24.52,24.87,25.66,25.57,25.22,24.87,24.6,24.96,25.66,25.57,25.22,24.87,24.6,24.96
1464619200.00,26.46,26.28,26.02,25.75,25.75,26.1,26.46,26.28,26.02,25.75,25.84,26.19,26.46,26.28,26.02,25.75,25.84,26.19
1464619800.00,26.1,26.28,26.55,26.73,26.91,27.71,26.19,26.37,26.55,26.73,26.91,27.71,26.19,26.37,26.55,26.73,26.91,27.71
1464620400.00,24.96,25.48,25.66,26.02,26.19,26.73,24.96,25.48,25.66,26.02,26.19,26.82,24.96,25.48,25.66,26.02,26.19,26.73
1464621000.00,24.08,24.78,24.96,25.48,25.66,25.75,24.08,24.78,24.96,25.48,25.75,25.75,24.08,24.78,24.96,25.48,25.75,25.75
1464621600.00,23.38,24.17,24.34,24.78,24.96,24.69,23.38,24.25,24.34,24.87,24.96,24.69,23.38,24.25,24.34,24.78,24.96,24.78
1464622200.00,23.21,23.9,23.99,24.25,24.25,24.08,23.29,23.9,23.99,24.25,24.34,24.08,23.29,23.9,23.99,24.25,24.34,24.08
1464622800.00,23.64,23.9,23.99,23.99,23.9,23.82,23.73,23.9,23.99,23.99,23.9,23.82,23.73,23.9,23.99,24.08,23.9,23.82
1464623400.00,24.78,24.52,24.43,24.34,24.17,24.34,24.87,24.52,24.43,24.43,24.25,24.34,24.87,24.52,24.43,24.43,24.25,24.34
1464624000.00,24.78,24.6,24.43,24.52,24.52,24.6,24.78,24.6,24.52,24.52,24.52,24.6,24.78,24.6,24.52,24.6,24.52,24.6
1464624600.00,23.99,24.17,24.25,24.34,24.34,24.34,24.08,24.17,24.25,24.43,24.43,24.43,24.08,24.17,24.25,24.43,24.43,24.43
1464625200.00,23.47,23.64,23.9,24.08,24.08,23.99,23.47,23.73,23.9,24.08,24.08,23.99,23.47,23.73,23.9,24.08,24.08,23.99
1464625800.00,23.12,23.38,23.64,23.73,23.73,23.64,23.12,23.38,23.64,23.82,23.73,23.73,23.12,23.47,23.64,23.82,23.73,23.73
1464626400.00,22.86,23.12,23.38,23.47,23.47,23.38,22.94,23.12,23.38,23.55,23.47,23.47,22.94,23.12,23.38,23.55,23.47,23.47
1464627000.00,22.94,23.12,23.29,23.38,23.29,23.29,23.03,23.12,23.29,23.38,23.38,23.38,23.03,23.12,23.29,23.38,23.38,23.38
1464627600.00,22.68,22.86,23.03,23.21,23.12,23.12,22.68,22.86,23.03,23.21,23.12,23.12,22.68,22.86,23.12,23.21,23.12,23.12
1464628200.00,22.42,22.6,22.86,23.03,22.94,22.94,22.42,22.6,22.86,23.03,22.94,22.94,22.42,22.6,22.86,23.03,22.94,22.94
1464628800.00,22.16,22.34,22.68,22.77,22.77,22.77,22.16,22.42,22.68,22.86,22.77,22.77,22.16,22.42,22.68,22.86,22.77,22.77
1464629400.00,21.9,22.16,22.42,22.68,22.68,22.68,21.9,22.16,22.51,22.68,22.68,22.68,21.99,22.16,22.51,22.77,22.68,22.68
1464630000.00,21.9,22.16,22.42,22.68,22.68,22.77,21.99,22.25,22.42,22.6,22.68,22.77,21.99,22.25,22.51,22.68,22.77,22.86
1464630600.00,22.51,22.68,22.6,22.86,22.94,23.21,22.51,22.68,22.6,22.86,22.94,23.21,22.51,22.68,22.6,22.86,22.94,23.21
1464631200.00,23.73,23.64,23.38,23.55,23.64,23.82,23.73,23.64,23.47,23.55,23.64,23.82,23.73,23.64,23.47,23.55,23.64,23.9
1464631800.00,24.08,24.08,24.08,24.25,24.25,24.43,24.17,24.17,24.17,24.25,24.25,24.43,24.17,24.17,24.17,24.25,24.25,24.43
1464632400.00,25.04,25.04,25.04,25.22,25.31,25.48,25.04,25.04,25.13,25.22,25.31,25.48,25.04,25.04,25.04,25.22,25.31,25.48
1464633000.00,25.31,25.31,25.31,25.4,25.31,25.48,25.4,25.31,25.4,25.4,25.31,25.48,25.4,25.31,25.4,25.4,25.31,25.48
1464633600.00,25.31,25.13,25.22,25.22,25.22,25.22,25.4,25.22,25.22,25.31,25.22,25.22,25.4,25.22,25.22,25.31,25.22,25.22
1464634200.00,25.57,25.48,25.48,25.57,25.57,25.57,25.66,25.48,25.57,25.66,25.57,25.57,25.66,25.48,25.57,25.66,25.57,25.66
1464634800.00,25.93,25.84,26.02,26.19,26.19,26.28,26.02,25.93,26.02,26.19,26.19,26.37,26.02,25.93,26.02,26.19,26.19,26.37
1464635400.00,26.28,26.37,26.46,26.73,26.91,27.08,26.28,26.37,26.55,26.82,26.91,27.08,26.28,26.37,26.55,26.82,26.91,27.08
1464636000.00,26.55,26.73,26.91,27.17,27.35,27.62,26.55,26.73,26.91,27.17,27.35,27.71,26.64,26.73,26.91,27.26,27.35,27.71
1464636552.00,27.71,27.71,27.71,27.71,27.71,27.71,27.71,27.71,27.71,27.71,27.71,27.71,27.71,27.71,27.71,27.71,27.71,27.71
1464636600.00,27.17,27.44,27.62,27.89,27.98,28.16,27.26,27.44,27.62,27.89,28.07,28.16,27.26,27.44,27.62,27.89,28.07,28.16
1464637200.00,27.26,26.91,27.17,27.8,28.89,28.25,27.26,26.91,27.17,27.8,28.98,28.25,27.26,26.91,27.17,27.8,28.89,28.25
1464637800.00,23.55,23.64,24.08,25.13,25.4,25.22,23.55,23.73,24.17,25.22,25.48,25.31,23.55,23.82,24.17,25.22,25.48,25.31
1464638400.00,13.7,15.01,15.44,16.65,17.94,20.09,13.7,15.01,15.52,16.65,17.94,20.09,13.7,15.01,15.52,16.73,17.94,20.09
1464639000.00,12.92,14.05,14.66,15.7,17.08,19.66,12.92,14.14,14.66,15.7,17.16,19.75,12.92,14.14,14.66,15.7,17.16,19.75
1464639600.00,12.74,13.88,14.4,15.44,16.9,19.75,12.74,13.88,14.48,15.44,16.9,19.75,12.74,13.88,14.48,15.44,16.9,19.75
1464640200.00,12.65,13.7,14.31,15.35,16.82,19.83,12.65,13.79,14.4,15.35,16.9,19.83,12.65,13.79,14.4,15.35,16.9,19.83
1464640800.00,12.57,13.7,14.31,15.26,16.82,19.83,12.65,13.7,14.31,15.35,16.9,19.83,12.65,13.7,14.31,15.35,16.9,19.83
1464641400.00,12.57,13.62,14.31,15.26,16.9,19.92,12.65,13.7,14.31,15.35,16.9,19.92,12.65,13.7,14.31,15.26,16.9,19.92
1464642000.00,12.57,13.62,14.31,15.26,16.9,19.92,12.57,13.62,14.31,15.26,16.9,19.92,12.57,13.62,14.31,15.26,16.99,19.92
1464642600.00,12.57,13.62,14.31,15.26,16.99,20,12.57,13.62,14.31,15.26,16.99,20,12.57,13.62,14.31,15.35,16.99,20
1464643200.00,12.57,13.62,14.22,15.26,16.99,20,12.57,13.62,14.31,15.35,17.08,20,12.57,13.62,14.31,15.35,17.08,20
1464643800.00,12.57,13.53,14.22,15.35,17.08,20.09,12.57,13.62,14.31,15.35,17.08,20.09,12.57,13.62,14.31,15.35,17.08,20.09
1464644400.00,12.57,13.53,14.31,15.35,17.08,20.09,12.57,13.62,14.31,15.35,17.16,20.09,12.57,13.62,14.31,15.35,17.16,20
1464645000.00,12.57,13.53,14.31,15.35,17.16,20.09,12.57,13.62,14.31,15.35,17.16,20.18,12.57,13.62,14.31,15.35,17.16,20.09
1464645600.00,12.57,13.62,14.31,15.44,17.25,20.18,12.57,13.62,14.31,15.44,17.25,20.18,12.57,13.62,14.31,15.44,17.25,20.18
1464646200.00,12.57,13.53,14.31,15.44,17.25,20.18,12.57,13.62,14.31,15.44,17.25,20.18,12.57,13.62,14.31,15.44,17.25,20.18
1464646800.00,12.57,13.53,14.31,15.44,17.34,20.26,12.57,13.62,14.31,15.44,17.34,20.26,12.57,13.62,14.31,15.44,17.34,20.26
1464647400.00,12.57,13.62,14.31,15.44,17.34,20.26,12.57,13.62,14.4,15.52,17.34,20.26,12.57,13.62,14.4,15.52,17.34,20.35
1464648000.00,12.57,13.62,14.31,15.52,17.42,20.26,12.57,13.62,14.4,15.52,17.42,20.26,12.57,13.62,14.4,15.52,17.42,20.26
1464648600.00,12.48,13.62,14.4,15.52,17.42,20.26,12.57,13.62,14.4,15.52,17.42,20.26,12.57,13.62,14.4,15.52,17.51,20.26
1464649200.00,12.57,13.62,14.4,15.61,17.51,20.26,12.57,13.62,14.4,15.61,17.51,20.26,12.57,13.62,14.4,15.61,17.51,20.26
1464649800.00,12.48,13.62,14.4,15.61,17.51,20.35,12.57,13.62,14.4,15.61,17.51,20.35,12.57,13.62,14.4,15.61,17.51,20.35
1464650400.00,12.48,13.62,14.4,15.61,17.59,20.35,12.57,13.62,14.48,15.7,17.59,20.35,12.57,13.62,14.48,15.7,17.59,20.35
1464651000.00,12.48,13.62,14.4,15.7,17.59,20.26,12.57,13.62,14.48,15.7,17.59,20.35,12.57,13.62,14.48,15.7,17.59,20.35
1464651600.00,12.48,13.62,14.4,15.7,17.59,20.26,12.57,13.62,14.48,15.7,17.68,20.35,12.57,13.62,14.48,15.7,17.68,20.35
1464652200.00,12.48,13.62,14.48,15.7,17.68,20.26,12.57,13.62,14.48,15.7,17.68,20.26,12.57,13.7,14.48,15.78,17.68,20.35
1464652800.00,12.48,13.62,14.48,15.78,17.68,20.26,12.57,13.7,14.48,15.78,17.68,20.26,12.57,13.7,14.48,15.78,17.68,20.35
1464653400.00,12.48,13.62,14.48,15.78,17.68,20.26,12.57,13.7,14.57,15.78,17.77,20.26,12.57,13.7,14.57,15.78,17.77,20.35
1464654000.00,12.48,13.7,14.48,15.78,17.77,20.26,12.57,13.7,14.57,15.87,17.77,20.26,12.57,13.7,14.57,15.87,17.77,20.26
1464654600.00,12.48,13.7,14.57,15.87,17.77,20.26,12.57,13.7,14.57,15.87,17.77,20.26,12.57,13.7,14.57,15.87,17.77,20.26
1464655200.00,12.48,13.7,14.57,15.87,17.77,20.18,12.57,13.7,14.57,15.87,17.85,20.26,12.57,13.7,14.57,15.87,17.85,20.26
1464655800.00,12.48,13.7,14.57,15.87,17.85,20.18,12.57,13.7,14.57,15.96,17.85,20.18,12.57,13.7,14.66,15.96,17.85,20.18
1464656400.00,12.48,13.7,14.57,15.96,17.85,20.18,12.57,13.7,14.66,15.96,17.85,20.18,12.57,13.7,14.66,15.96,17.85,20.18
1464657000.00,12.48,13.7,14.66,15.96,17.85,20.09,12.57,13.79,14.66,15.96,17.85,20.09,12.57,13.7,14.66,15.96,17.85,20.09
1464657600.00,12.48,13.7,14.66,15.96,17.85,20.09,12.48,13.79,14.66,15.96,17.85,20.09,12.57,13.79,14.66,15.96,17.85,20.09
1464658200.00,12.48,13.7,14.66,16.04,17.85,20,12.57,13.79,14.66,16.04,17.85,20,12.57,13.79,14.66,16.04,17.94,20
1464658800.00,12.48,13.7,14.66,16.04,17.85,19.92,12.57,13.79,14.75,16.04,17.94,20,12.57,13.79,14.75,16.04,17.94,20
1464659400.00,12.48,13.79,14.66,16.04,17.94,19.92,12.57,13.79,14.75,16.04,17.94,19.92,12.57,13.79,14.75,16.04,17.94,19.92
1464660000.00,12.48,13.79,14.66,16.04,17.94,19.83,12.57,13.79,14.75,16.13,17.94,19.83,12.57,13.79,14.75,16.13,17.94,19.83
1464660600.00,12.48,13.79,14.75,16.04,17.94,19.75,12.57,13.79,14.75,16.13,17.94,19.83,12.57,13.79,14.75,16.13,17.94,19.83
1464661200.00,12.48,13.79,14.75,16.13,17.85,19.75,12.57,13.79,14.75,16.13,17.94,19.75,12.57,13.79,14.75,16.13,17.94,19.75
1464661800.00,12.48,13.79,14.66,16.13,17.85,19.66,12.57,13.88,14.83,16.13,17.94,19.66,12.57,13.88,14.83,16.13,17.94,19.66
1464662400.00,12.48,13.79,14.75,16.13,17.85,19.66,12.57,13.88,14.83,16.13,17.94,19.66,12.57,13.88,14.83,16.13,17.94,19.66
1464663000.00,12.48,13.88,14.83,16.13,17.85,19.57,12.57,13.88,14.83,16.22,17.94,19.57,12.57,13.88,14.83,16.22,17.94,19.66
1464663600.00,12.48,13.88,14.83,16.13,17.85,19.49,12.57,13.88,14.83,16.22,17.94,19.57,12.57,13.88,14.83,16.22,17.94,19.57
1464664200.00,12.48,13.88,14.83,16.22,17.85,19.49,12.57,13.88,14.83,16.22,17.85,19.49,12.57,13.88,14.83,16.22,17.94,19.49
1464664800.00,12.48,13.88,14.83,16.22,17.85,19.4,12.57,13.88,14.92,16.22,17.85,19.4,12.57,13.88,14.83,16.22,17.85,19.49
1464665400.00,12.48,13.88,14.83,16.22,17.85,19.4,12.57,13.88,14.92,16.22,17.85,19.4,12.57,13.88,14.92,16.22,17.85,19.4
1464666000.00,12.48,13.88,14.92,16.22,17.85,19.32,12.57,13.88,14.92,16.22,17.85,19.32,12.57,13.96,14.92,16.22,17.85,19.32
1464666600.00,12.57,13.88,14.92,16.22,17.85,19.23,12.57,13.96,14.92,16.22,17.85,19.32,12.57,13.96,14.92,16.3,17.85,19.32
1464667200.00,12.57,13.88,14.92,16.22,17.85,19.23,12.57,13.96,14.92,16.3,17.85,19.23,12.57,13.96,14.92,16.3,17.85,19.23
1464667800.00,12.57,13.96,14.92,16.3,17.77,19.14,12.57,13.96,14.92,16.3,17.85,19.14,12.57,13.96,15.01,16.3,17.85,19.14
1464668400.00,12.48,13.96,14.92,16.3,17.77,19.06,12.57,13.96,15.01,16.3,17.77,19.14,12.57,13.96,15.01,16.3,17.77,19.14
1464669000.00,12.57,13.96,14.92,16.3,17.77,19.06,12.57,13.96,15.01,16.3,17.77,19.06,12.57,13.96,15.01,16.3,17.77,19.06
1464669600.00,12.48,13.96,15.01,16.3,17.77,18.97,12.57,13.96,15.01,16.3,17.77,18.97,12.57,13.96,15.01,16.3,17.77,18.97
1464670200.00,12.48,13.96,15.01,16.13,17.68,18.88,12.57,13.96,15.01,16.3,17.77,18.88,12.57,13.96,15.01,16.3,17.77,18.97
1464670800.00,12.57,13.96,15.01,16.3,17.68,18.8,12.57,13.96,15.01,16.3,17.77,18.88,12.57,14.05,15.01,16.3,17.77,18.88
1464671400.00,12.57,13.96,15.01,16.3,17.68,18.8,12.57,14.05,15.01,16.3,17.68,18.8,12.57,14.05,15.09,16.3,17.77,18.8
1464672000.00,12.57,13.96,15.01,16.3,17.68,18.71,12.57,14.05,15.09,16.3,17.68,18.71,12.57,14.05,15.09,16.3,17.68,18.71
1464672600.00,12.57,14.05,15.01,16.3,17.68,18.63,12.57,14.05,15.01,16.3,17.68,18.63,12.57,14.05,15.09,16.3,17.68,18.63
1464673200.00,12.57,14.05,15.01,16.3,17.59,18.54,12.57,14.05,15.09,16.3,17.68,18.54,12.57,14.05,15.09,16.3,17.68,18.54
1464673800.00,12.57,14.05,15.09,16.3,17.59,18.45,12.57,14.05,15.09,16.3,17.59,18.45,12.57,14.05,15.09,16.3,17.59,18.45
1464674400.00,12.57,14.05,15.09,16.3,17.59,18.37,12.57,14.05,15.09,16.3,17.59,18.37,12.57,14.05,15.09,16.3,17.59,18.37
1464675000.00,12.57,14.05,15.09,16.3,17.51,18.28,12.57,14.05,15.09,16.3,17.59,18.28,12.57,14.05,15.09,16.3,17.59,18.28
1464675600.00,12.57,14.05,15.09,16.3,17.51,18.2,12.57,14.05,15.09,16.3,17.51,18.2,12.57,14.14,15.09,16.3,17.51,18.2
1464676200.00,12.57,14.05,15.09,16.3,17.51,18.11,12.57,14.14,15.09,16.3,17.51,18.11,12.65,14.14,15.09,16.3,17.51,18.11
1464676800.00,12.57,14.05,15.09,16.3,17.42,18.02,12.57,14.14,15.09,16.3,17.42,18.02,12.65,14.14,15.09,16.3,17.42,18.02
1464677400.00,12.57,14.05,15.09,16.3,17.42,17.94,12.65,14.14,15.09,16.3,17.42,17.94,12.65,14.14,15.09,16.3,17.42,17.85
1464678000.00,12.57,14.14,15.09,16.3,17.34,17.85,12.65,14.14,15.18,16.3,17.42,17.85,12.65,14.14,15.18,16.3,17.42,17.94
1464678600.00,12.57,14.14,15.09,16.3,17.34,17.77,12.65,14.14,15.09,16.3,17.34,17.85,12.65,14.14,15.18,16.3,17.34,17.85
1464679200.00,12.57,14.14,15.09,16.3,17.34,17.68,12.65,14.14,15.18,16.3,17.34,17.77,12.65,14.14,15.18,16.3,17.34,17.77
1464679800.00,12.57,14.14,15.09,16.3,17.25,17.59,12.65,14.14,15.18,16.3,17.25,17.68,12.65,14.14,15.18,16.3,17.25,17.68
1464680400.00,12.57,14.14,15.09,16.22,17.25,17.51,12.65,14.14,15.18,16.3,17.25,17.59,12.65,14.14,15.18,16.3,17.25,17.59
1464681000.00,12.57,14.14,15.09,16.22,17.16,17.42,12.65,14.14,15.18,16.22,17.16,17.51,12.65,14.14,15.18,16.3,17.16,17.51
1464681600.00,12.65,14.14,15.09,16.22,17.16,17.42,12.65,14.14,15.18,16.22,17.16,17.42,12.65,14.14,15.18,16.22,17.16,17.42
1464682200.00,12.57,14.14,15.09,16.22,17.08,17.34,12.65,14.14,15.18,16.22,17.16,17.34,12.65,14.22,15.18,16.22,17.16,17.34
1464682800.00,12.57,14.14,15.09,16.22,17.08,17.25,12.65,14.22,15.18,16.22,17.08,17.25,12.65,14.22,15.18,16.22,17.08,17.25
1464683400.00,12.57,14.14,15.18,16.22,16.99,17.16,12.65,14.22,15.18,16.22,17.08,17.16,12.65,14.22,15.18,16.22,17.08,17.16
1464684000.00,12.65,14.14,15.09,16.22,16.99,17.08,12.65,14.22,15.18,16.22,16.99,17.08,12.65,14.22,15.18,16.22,16.99,17.08
1464684600.00,12.65,14.14,15.09,16.22,16.9,16.99,12.65,14.22,15.18,16.22,16.99,16.99,12.65,14.22,15.18,16.22,16.99,16.99
1464685200.00,12.65,14.14,15.09,16.13,16.9,16.9,12.65,14.22,15.18,16.22,16.9,16.9,12.65,14.22,15.18,16.22,16.9,16.9
1464685800.00,12.65,14.14,15.09,16.13,16.82,16.82,12.65,14.22,15.18,16.13,16.9,16.9,12.65,14.22,15.18,16.13,16.9,16.9
1464686400.00,12.65,14.22,15.09,16.13,16.82,16.73,12.65,14.22,15.18,16.13,16.82,16.73,12.65,14.22,15.18,16.13,16.82,16.82
1464687000.00,12.65,14.22,15.09,16.13,16.73,16.73,12.65,14.22,15.18,16.13,16.82,16.73,12.65,14.22,15.18,16.13,16.82,16.73
1464687600.00,12.65,14.22,15.09,16.13,16.73,16.65,12.65,14.22,15.18,16.13,16.73,16.65,12.65,14.22,15.18,16.13,16.73,16.65
1464688200.00,12.65,14.22,15.09,16.13,16.65,16.56,12.74,14.22,15.18,16.13,16.73,16.56,12.74,14.22,15.18,16.13,16.73,16.56
1464688800.00,12.65,14.22,15.09,16.04,16.65,16.47,12.74,14.22,15.18,16.04,16.65,16.47,12.74,14.22,15.18,16.04,16.65,16.47
1464689400.00,12.65,14.22,15.09,16.04,16.56,16.39,12.65,14.22,15.18,16.04,16.65,16.39,12.74,14.22,15.18,16.04,16.65,16.47
1464690000.00,12.65,14.22,15.09,16.04,16.56,16.39,12.74,14.22,15.18,16.04,16.56,16.39,12.74,14.22,15.18,16.04,16.56,16.39
1464690600.00,12.65,14.22,15.09,16.04,16.47,16.3,12.74,14.22,15.18,16.04,16.56,16.3,12.74,14.22,15.18,16.04,16.56,16.3
1464691200.00,12.65,14.22,15.09,15.96,16.47,16.22,12.74,14.22,15.09,16.04,16.47,16.22,12.74,14.22,15.18,16.04,16.47,16.22
1464691800.00,12.65,14.22,15.09,15.96,16.39,16.13,12.74,14.22,15.09,15.96,16.39,16.22,12.74,14.22,15.18,15.96,16.47,16.22
1464692400.00,12.74,14.22,15.09,15.96,16.39,16.13,12.74,14.22,15.09,15.96,16.39,16.13,12.74,14.22,15.09,15.96,16.39,16.13
1464693000.00,12.65,14.22,15.09,15.96,16.3,15.96,12.74,14.22,15.09,15.96,16.39,16.04,12.74,14.22,15.09,15.96,16.39,16.04
1464693600.00,12.74,14.22,15.09,15.87,16.3,16.04,12.74,14.22,15.09,15.96,16.3,16.04,12.74,14.22,15.09,15.96,16.3,16.04
1464694200.00,12.65,14.22,15.09,15.87,16.22,15.96,12.74,14.22,15.09,15.87,16.22,15.96,12.74,14.22,15.09,15.87,16.3,15.96
1464694800.00,12.74,14.22,15.09,15.87,16.22,15.87,12.74,14.22,15.09,15.87,16.22,15.96,12.74,14.22,15.09,15.87,16.22,15.96
1464695400.00,12.74,14.22,15.09,15.87,16.13,15.87,12.74,14.22,15.09,15.87,16.13,15.87,12.74,14.22,15.09,15.87,16.22,15.87
1464696000.00,12.74,14.22,15.01,15.78,16.13,15.78,12.74,14.22,15.09,15.87,16.13,15.78,12.74,14.22,15.09,15.87,16.13,15.78
1464696600.00,12.74,14.22,15.01,15.78,16.13,15.78,12.74,14.22,15.09,15.78,16.13,15.78,12.74,14.22,15.09,15.78,16.13,15.78
1464697200.00,12.74,14.22,15.01,15.78,16.04,15.7,12.74,14.22,15.09,15.78,16.04,15.7,12.74,14.22,15.09,15.78,16.04,15.7
1464697800.00,12.74,14.22,15.01,15.78,15.96,15.7,12.74,14.22,15.09,15.78,16.04,15.7,12.74,14.22,14.92,15.78,16.04,15.7
1464698400.00,12.74,14.22,15.01,15.7,15.96,15.61,12.74,14.22,15.01,15.78,15.96,15.61,12.74,14.22,15.09,15.78,15.96,15.61
1464699000.00,12.74,14.22,15.01,15.7,15.96,15.61,12.74,14.22,15.01,15.7,15.96,15.61,12.74,14.22,15.01,15.7,15.96,15.61
1464699600.00,12.74,14.22,15.01,15.7,15.87,15.52,12.74,14.22,15.01,15.7,15.87,15.61,12.74,14.22,15.01,15.7,15.96,15.61
1464700200.00,12.74,14.22,15.01,15.7,15.87,15.52,12.74,14.22,15.01,15.7,15.87,15.52,12.74,14.22,15.01,15.7,15.87,15.52
1464700800.00,12.74,14.22,15.01,15.61,15.78,15.44,12.74,14.22,15.01,15.7,15.87,15.52,12.74,14.22,15.01,15.7,15.87,15.52
