2015/06/26 13:00:00,1045.633,16.773
2015/06/26 13:10:00,1045.458,16.780
2015/06/26 13:20:00,1045.283,16.780
2015/06/26 13:30:00,1042.075,17.317
2015/06/26 13:40:00,1042.017,16.913
2015/06/26 13:50:00,1041.958,16.887
2015/06/26 14:00:00,1041.958,16.887
2015/06/26 14:10:00,1041.608,16.887
2015/06/26 14:20:00,1041.608,16.880
2015/06/26 14:30:00,1041.200,16.880
2015/06/26 14:40:00,1041.200,16.887
2015/06/26 14:50:00,1041.083,16.893
2015/06/26 15:00:00,1041.258,16.893
2015/06/26 15:10:00,1041.083,16.893
2015/06/26 15:20:00,1041.200,16.900
2015/06/26 15:30:00,1041.025,16.900
2015/06/26 15:40:00,1041.025,16.900
2015/06/26 15:50:00,1040.850,16.907
2015/06/26 16:00:00,1040.850,16.907
2015/06/26 16:10:00,1040.850,16.907
2015/06/26 16:20:00,1040.500,16.913
2015/06/26 16:30:00,1040.500,16.913
2015/06/26 16:40:00,1040.500,16.913
2015/06/26 16:50:00,1040.500,16.920
2015/06/26 17:00:00,1040.325,16.920
2015/06/26 17:10:00,1040.325,16.920
2015/06/26 17:20:00,1040.675,16.927
2015/06/26 17:30:00,1040.500,16.927
2015/06/26 17:40:00,1040.500,16.927
2015/06/26 17:50:00,1040.675,16.927
2015/06/26 18:00:00,1040.500,16.927
2015/06/26 18:10:00,1040.500,16.933
2015/06/26 18:20:00,1040.500,16.933
2015/06/26 18:30:00,1040.500,16.933
2015/06/26 18:40:00,1040.675,16.933
2015/06/26 18:50:00,1040.500,16.933
2015/06/26 19:00:00,1040.500,16.933
2015/06/26 19:10:00,1040.850,16.933
2015/06/26 19:20:00,1040.500,16.940
2015/06/26 19:30:00,1040.325,16.940
2015/06/26 19:40:00,1040.733,16.940
2015/06/26 19:50:00,1040.908,16.940
2015/06/26 20:00:00,1040.500,16.940
2015/06/26 20:10:00,1040.500,16.940
2015/06/26 20:20:00,1040.733,16.940
2015/06/26 20:30:00,1040.733,16.940
2015/06/26 20:40:00,1040.908,16.947
2015/06/26 20:50:00,1040.908,16.947
2015/06/26 21:00:00,1040.733,16.947
2015/06/26 21:10:00,1041.083,16.947
2015/06/26 21:20:00,1041.083,16.947
2015/06/26 21:30:00,1041.317,16.947
2015/06/26 21:40:00,1041.258,16.953
2015/06/26 21:50:00,1041.842,16.953
2015/06/26 22:00:00,1041.667,16.953
2015/06/26 22:10:00,1041.667,16.953
2015/06/26 22:20:00,1041.667,16.960
2015/06/26 22:30:00,1041.667,16.960
2015/06/26 22:40:00,1041.433,16.960
2015/06/26 22:50:00,1041.667,16.960
2015/06/26 23:00:00,1041.258,16.960
2015/06/26 23:10:00,1041.258,16.960
2015/06/26 23:20:00,1041.258,16.960
2015/06/26 23:30:00,1041.433,16.960
2015/06/26 23:40:00,1041.433,16.960
2015/06/26 23:50:00,1041.317,16.967
2015/06/27 00:00:00,1041.433,16.960
2015/06/27 00:10:00,1041.667,16.960
2015/06/27 00:20:00,1041.317,16.967
2015/06/27 00:30:00,1041.083,16.967
2015/06/27 00:40:00,1040.908,16.967
2015/06/27 00:50:00,1041.083,16.967
2015/06/27 01:00:00,1041.317,16.967
2015/06/27 01:10:00,1041.083,16.967
2015/06/27 01:20:00,1040.733,16.967
2015/06/27 01:30:00,1040.908,16.967
2015/06/27 01:40:00,1040.908,16.973
2015/06/27 01:50:00,1040.733,16.973
2015/06/27 02:00:00,1040.500,16.973
2015/06/27 02:10:00,1040.500,16.973
2015/06/27 02:20:00,1040.733,16.973
2015/06/27 02:30:00,1040.733,16.973
2015/06/27 02:40:00,1040.500,16.973
2015/06/27 02:50:00,1040.733,16.973
2015/06/27 03:00:00,1040.325,16.973
2015/06/27 03:10:00,1040.500,16.973
2015/06/27 03:20:00,1040.850,16.980
2015/06/27 03:30:00,1040.500,16.980
2015/06/27 03:40:00,1040.150,16.973
2015/06/27 03:50:00,1040.325,16.980
2015/06/27 04:00:00,1040.325,16.980
2015/06/27 04:10:00,1040.092,16.980
2015/06/27 04:20:00,1039.917,16.980
2015/06/27 04:30:00,1040.325,16.980
2015/06/27 04:40:00,1040.092,16.980
2015/06/27 04:50:00,1040.092,16.980
2015/06/27 05:00:00,1040.092,16.987
2015/06/27 05:10:00,1039.917,16.987
2015/06/27 05:20:00,1040.092,16.987
2015/06/27 05:30:00,1039.917,16.987
2015/06/27 05:40:00,1039.917,16.987
2015/06/27 05:50:00,1040.092,16.987
2015/06/27 06:00:00,1039.917,16.987
2015/06/27 06:10:00,1040.092,16.987
2015/06/27 06:20:00,1040.092,16.987
2015/06/27 06:30:00,1039.917,16.987
2015/06/27 06:40:00,1039.917,16.987
2015/06/27 06:50:00,1039.917,16.987
2015/06/27 07:00:00,1039.742,16.993
2015/06/27 07:10:00,1039.742,16.993
2015/06/27 07:20:00,1039.975,16.993
2015/06/27 07:30:00,1040.150,16.993
2015/06/27 07:40:00,1040.150,16.993
2015/06/27 07:50:00,1039.975,16.993
2015/06/27 08:00:00,1039.742,16.993
2015/06/27 08:10:00,1039.975,16.993
2015/06/27 08:20:00,1039.975,16.993
2015/06/27 08:30:00,1039.975,16.993
2015/06/27 08:40:00,1039.742,17.003
2015/06/27 08:50:00,1039.742,17.003
2015/06/27 09:00:00,1039.567,17.003
2015/06/27 09:10:00,1039.567,17.003
2015/06/27 09:20:00,1039.567,17.003
2015/06/27 09:30:00,1039.567,17.003
2015/06/27 09:40:00,1039.567,17.003
2015/06/27 09:50:00,1039.392,17.003
2015/06/27 10:00:00,1039.567,17.003
2015/06/27 10:10:00,1039.217,17.003
2015/06/27 10:20:00,1039.217,17.010
2015/06/27 10:30:00,1038.983,17.010
2015/06/27 10:40:00,1038.808,17.010
2015/06/27 10:50:00,1038.633,17.010
2015/06/27 11:00:00,1038.458,17.010
2015/06/27 11:10:00,1038.458,17.010
2015/06/27 11:20:00,1038.458,17.010
2015/06/27 11:30:00,1038.225,17.010
2015/06/27 11:40:00,1038.225,17.010
2015/06/27 11:50:00,1038.050,17.010
2015/06/27 12:00:00,1037.992,17.017
2015/06/27 12:10:00,1038.050,17.010
2015/06/27 12:20:00,1037.817,17.017
2015/06/27 12:30:00,1037.817,17.017
2015/06/27 12:40:00,1037.642,17.017
2015/06/27 12:50:00,1037.467,17.017
2015/06/27 13:00:00,1037.233,17.017
2015/06/27 13:10:00,1037.233,17.017
2015/06/27 13:20:00,1036.883,17.017
2015/06/27 13:30:00,1036.883,17.017
2015/06/27 13:40:00,1036.708,17.017
2015/06/27 13:50:00,1036.708,17.017
2015/06/27 14:00:00,1036.475,17.017
2015/06/27 14:10:00,1036.475,17.017
2015/06/27 14:20:00,1035.892,17.017
2015/06/27 14:30:00,1036.125,17.017
2015/06/27 14:40:00,1035.892,17.017
2015/06/27 14:50:00,1035.892,17.017
2015/06/27 15:00:00,1035.717,17.023
2015/06/27 15:10:00,1035.892,17.023
2015/06/27 15:20:00,1035.483,17.023
2015/06/27 15:30:00,1035.483,17.023
2015/06/27 15:40:00,1035.308,17.023
2015/06/27 15:50:00,1034.958,17.023
2015/06/27 16:00:00,1034.725,17.023
2015/06/27 16:10:00,1034.725,17.023
2015/06/27 16:20:00,1034.550,17.023
2015/06/27 16:30:00,1034.142,17.023
2015/06/27 16:40:00,1034.142,17.023
2015/06/27 16:50:00,1034.142,17.023
2015/06/27 17:00:00,1034.142,17.023
2015/06/27 17:10:00,1033.617,17.030
2015/06/27 17:20:00,1033.617,17.030
2015/06/27 17:30:00,1033.442,17.030
2015/06/27 17:40:00,1033.442,17.030
2015/06/27 17:50:00,1033.442,17.030
2015/06/27 18:00:00,1033.267,17.030
2015/06/27 18:10:00,1032.858,17.030
2015/06/27 18:20:00,1033.033,17.030
2015/06/27 18:30:00,1033.033,17.030
2015/06/27 18:40:00,1032.683,17.030
2015/06/27 18:50:00,1032.683,17.030
2015/06/27 19:00:00,1032.858,17.030
2015/06/27 19:10:00,1032.683,17.030
2015/06/27 19:20:00,1032.508,17.030
2015/06/27 19:30:00,1032.683,17.037
2015/06/27 19:40:00,1032.508,17.037
2015/06/27 19:50:00,1032.275,17.037
2015/06/27 20:00:00,1031.925,17.037
2015/06/27 20:10:00,1031.925,17.037
2015/06/27 20:20:00,1031.925,17.037
2015/06/27 20:30:00,1032.275,17.037
2015/06/27 20:40:00,1032.508,17.037
2015/06/27 20:50:00,1032.508,17.037
2015/06/27 21:00:00,1032.100,17.037
2015/06/27 21:10:00,1032.100,17.037
2015/06/27 21:20:00,1032.100,17.037
2015/06/27 21:30:00,1032.275,17.037
2015/06/27 21:40:00,1032.100,17.037
2015/06/27 21:50:00,1032.100,17.037
2015/06/27 22:00:00,1032.683,17.037
2015/06/27 22:10:00,1033.033,17.037
2015/06/27 22:20:00,1033.208,17.043
2015/06/27 22:30:00,1033.033,17.043
2015/06/27 22:40:00,1033.208,17.043
2015/06/27 22:50:00,1033.208,17.043
2015/06/27 23:00:00,1033.383,17.043
2015/06/27 23:10:00,1033.208,17.043
2015/06/27 23:20:00,1033.208,17.043
2015/06/27 23:30:00,1033.033,17.037
2015/06/27 23:40:00,1032.858,17.037
2015/06/27 23:50:00,1032.858,17.037
2015/06/28 00:00:00,1032.508,17.037
2015/06/28 00:10:00,1032.275,17.037
2015/06/28 00:20:00,1032.625,17.043
2015/06/28 00:30:00,1032.450,17.043
2015/06/28 00:40:00,1032.858,17.043
2015/06/28 00:50:00,1032.625,17.043
2015/06/28 01:00:00,1032.275,17.043
2015/06/28 01:10:00,1032.042,17.043
2015/06/28 01:20:00,1032.042,17.043
2015/06/28 01:30:00,1032.042,17.043
2015/06/28 01:40:00,1031.692,17.043
2015/06/28 01:50:00,1031.692,17.050
2015/06/28 02:00:00,1031.692,17.050
2015/06/28 02:10:00,1031.692,17.050
2015/06/28 02:20:00,1031.692,17.050
2015/06/28 02:30:00,1031.692,17.050
2015/06/28 02:40:00,1031.692,17.050
2015/06/28 02:50:00,1031.867,17.050
2015/06/28 03:00:00,1032.042,17.050
2015/06/28 03:10:00,1032.042,17.050
2015/06/28 03:20:00,1031.867,17.050
2015/06/28 03:30:00,1032.042,17.050
2015/06/28 03:40:00,1032.450,17.050
2015/06/28 03:50:00,1032.450,17.050
2015/06/28 04:00:00,1032.275,17.050
2015/06/28 04:10:00,1032.275,17.050
2015/06/28 04:20:00,1032.100,17.057
2015/06/28 04:30:00,1032.275,17.057
2015/06/28 04:40:00,1032.275,17.057
2015/06/28 04:50:00,1032.100,17.057
2015/06/28 05:00:00,1031.925,17.057
2015/06/28 05:10:00,1032.100,17.057
2015/06/28 05:20:00,1031.925,17.057
2015/06/28 05:30:00,1031.750,17.057
2015/06/28 05:40:00,1031.517,17.057
2015/06/28 05:50:00,1031.517,17.057
2015/06/28 06:00:00,1031.517,17.057
2015/06/28 06:10:00,1031.517,17.057
2015/06/28 06:20:00,1031.517,17.063
2015/06/28 06:30:00,1031.517,17.057
2015/06/28 06:40:00,1031.167,17.063
2015/06/28 06:50:00,1031.750,17.063
2015/06/28 07:00:00,1031.517,17.063
2015/06/28 07:10:00,1031.517,17.063
2015/06/28 07:20:00,1031.517,17.063
2015/06/28 07:30:00,1031.517,17.063
2015/06/28 07:40:00,1031.517,17.063
2015/06/28 07:50:00,1031.517,17.063
2015/06/28 08:00:00,1031.342,17.063
2015/06/28 08:10:00,1031.517,17.063
2015/06/28 08:20:00,1031.517,17.063
2015/06/28 08:30:00,1031.517,17.063
2015/06/28 08:40:00,1031.692,17.070
2015/06/28 08:50:00,1031.692,17.070
2015/06/28 09:00:00,1031.925,17.063
2015/06/28 09:10:00,1031.867,17.070
2015/06/28 09:20:00,1031.692,17.070
2015/06/28 09:30:00,1031.867,17.070
2015/06/28 09:40:00,1031.867,17.070
2015/06/28 09:50:00,1031.692,17.070
2015/06/28 10:00:00,1031.692,17.070
2015/06/28 10:10:00,1031.517,17.070
2015/06/28 10:20:00,1031.867,17.070
2015/06/28 10:30:00,1031.692,17.070
2015/06/28 10:40:00,1031.517,17.070
2015/06/28 10:50:00,1031.517,17.070
2015/06/28 11:00:00,1031.517,17.077
2015/06/28 11:10:00,1031.517,17.077
2015/06/28 11:20:00,1031.283,17.077
2015/06/28 11:30:00,1031.517,17.077
2015/06/28 11:40:00,1031.517,17.077
2015/06/28 11:50:00,1031.692,17.077
2015/06/28 12:00:00,1031.517,17.077
2015/06/28 12:10:00,1031.692,17.077
2015/06/28 12:20:00,1031.517,17.077
2015/06/28 12:30:00,1031.517,17.077
2015/06/28 12:40:00,1031.283,17.077
2015/06/28 12:50:00,1031.283,17.077
2015/06/28 13:00:00,1031.283,17.077
2015/06/28 13:10:00,1031.108,17.077
2015/06/28 13:20:00,1030.933,17.077
2015/06/28 13:30:00,1030.758,17.077
2015/06/28 13:40:00,1030.758,17.077
2015/06/28 13:50:00,1030.408,17.083
2015/06/28 14:00:00,1030.408,17.083
2015/06/28 14:10:00,1030.408,17.083
2015/06/28 14:20:00,1030.583,17.083
2015/06/28 14:30:00,1030.175,17.083
2015/06/28 14:40:00,1030.408,17.083
2015/06/28 14:50:00,1030.175,17.083
2015/06/28 15:00:00,1030.000,17.083
2015/06/28 15:10:00,1029.825,17.083
2015/06/28 15:20:00,1030.000,17.083
2015/06/28 15:30:00,1031.283,17.077
2015/06/28 15:40:00,1031.867,17.070
2015/06/28 15:50:00,1032.042,17.070
2015/06/28 16:00:00,1031.867,17.070
2015/06/28 16:10:00,1032.042,17.070
2015/06/28 16:20:00,1032.042,17.077
2015/06/28 16:30:00,1032.275,17.077
2015/06/28 16:40:00,1032.042,17.077
2015/06/28 16:50:00,1032.275,17.077
2015/06/28 17:00:00,1032.100,17.083
2015/06/28 17:10:00,1032.100,17.083
2015/06/28 17:20:00,1032.100,17.083
2015/06/28 17:30:00,1032.100,17.083
2015/06/28 17:40:00,1031.925,17.083
2015/06/28 17:50:00,1032.275,17.083
2015/06/28 18:00:00,1032.450,17.090
2015/06/28 18:10:00,1032.450,17.090
2015/06/28 18:20:00,1032.275,17.090
2015/06/28 18:30:00,1032.450,17.090
2015/06/28 18:40:00,1032.625,17.090
2015/06/28 18:50:00,1032.450,17.090
2015/06/28 19:00:00,1032.450,17.090
2015/06/28 19:10:00,1032.625,17.090
2015/06/28 19:20:00,1032.275,17.090
2015/06/28 19:30:00,1032.450,17.090
2015/06/28 19:40:00,1032.275,17.097
2015/06/28 19:50:00,1032.275,17.097
2015/06/28 20:00:00,1032.042,17.097
2015/06/28 20:10:00,1032.275,17.097
2015/06/28 20:20:00,1032.275,17.097
2015/06/28 20:30:00,1032.042,17.097
2015/06/28 20:40:00,1032.042,17.097
2015/06/28 20:50:00,1032.275,17.097
2015/06/28 21:00:00,1032.450,17.097
2015/06/28 21:10:00,1032.275,17.097
2015/06/28 21:20:00,1032.275,17.097
2015/06/28 21:30:00,1032.450,17.097
2015/06/28 21:40:00,1032.450,17.103
2015/06/28 21:50:00,1032.450,17.097
2015/06/28 22:00:00,1032.450,17.103
2015/06/28 22:10:00,1032.275,17.103
2015/06/28 22:20:00,1032.450,17.103
2015/06/28 22:30:00,1032.450,17.103
2015/06/28 22:40:00,1032.625,17.103
2015/06/28 22:50:00,1032.450,17.103
2015/06/28 23:00:00,1032.275,17.103
2015/06/28 23:10:00,1032.275,17.103
2015/06/28 23:20:00,1032.275,17.103
2015/06/28 23:30:00,1032.275,17.103
2015/06/28 23:40:00,1032.275,17.103
2015/06/28 23:50:00,1031.867,17.103
2015/06/29 00:00:00,1031.867,17.103
2015/06/29 00:10:00,1032.042,17.103
2015/06/29 00:20:00,1031.925,17.110
2015/06/29 00:30:00,1031.925,17.110
2015/06/29 00:40:00,1031.925,17.110
2015/06/29 00:50:00,1031.925,17.110
2015/06/29 01:00:00,1031.925,17.110
2015/06/29 01:10:00,1031.925,17.110
2015/06/29 01:20:00,1031.925,17.110
2015/06/29 01:30:00,1031.750,17.110
2015/06/29 01:40:00,1031.517,17.110
2015/06/29 01:50:00,1031.517,17.110
2015/06/29 02:00:00,1031.342,17.110
2015/06/29 02:10:00,1031.517,17.110
2015/06/29 02:20:00,1031.517,17.110
2015/06/29 02:30:00,1031.167,17.110
2015/06/29 02:40:00,1031.167,17.117
2015/06/29 02:50:00,1031.342,17.117
2015/06/29 03:00:00,1031.167,17.117
2015/06/29 03:10:00,1031.342,17.117
2015/06/29 03:20:00,1031.167,17.117
2015/06/29 03:30:00,1030.933,17.117
2015/06/29 03:40:00,1031.167,17.117
2015/06/29 03:50:00,1030.933,17.117
2015/06/29 04:00:00,1030.758,17.117
2015/06/29 04:10:00,1030.933,17.117
2015/06/29 04:20:00,1031.167,17.123
2015/06/29 04:30:00,1030.933,17.123
2015/06/29 04:40:00,1030.933,17.123
2015/06/29 04:50:00,1030.933,17.123
2015/06/29 05:00:00,1030.933,17.123
2015/06/29 05:10:00,1030.933,17.123
2015/06/29 05:20:00,1030.933,17.123
2015/06/29 05:30:00,1030.933,17.123
2015/06/29 05:40:00,1030.758,17.123
2015/06/29 05:50:00,1030.758,17.123
2015/06/29 06:00:00,1030.933,17.123
2015/06/29 06:10:00,1031.167,17.123
2015/06/29 06:20:00,1030.933,17.123
2015/06/29 06:30:00,1031.167,17.130
2015/06/29 06:40:00,1030.933,17.130
2015/06/29 06:50:00,1031.167,17.130
2015/06/29 07:00:00,1030.933,17.130
2015/06/29 07:10:00,1030.933,17.130
2015/06/29 07:20:00,1030.933,17.130
2015/06/29 07:30:00,1030.758,17.130
2015/06/29 07:40:00,1030.758,17.130
2015/06/29 07:50:00,1030.583,17.130
2015/06/29 08:00:00,1030.758,17.130
2015/06/29 08:10:00,1030.583,17.130
2015/06/29 08:20:00,1030.408,17.137
2015/06/29 08:30:00,1030.233,17.137
2015/06/29 08:40:00,1030.233,17.137
2015/06/29 08:50:00,1030.233,17.137
2015/06/29 09:00:00,1030.058,17.137
2015/06/29 09:10:00,1030.233,17.137
2015/06/29 09:20:00,1030.642,17.137
2015/06/29 09:30:00,1030.408,17.137
2015/06/29 09:40:00,1030.817,17.137
2015/06/29 09:50:00,1030.992,17.137
2015/06/29 10:00:00,1030.992,17.137
2015/06/29 10:10:00,1031.400,17.137
2015/06/29 10:20:00,1031.167,17.137
2015/06/29 10:30:00,1030.992,17.137
2015/06/29 10:40:00,1030.817,17.137
2015/06/29 10:50:00,1030.817,17.137
2015/06/29 11:00:00,1030.642,17.137
2015/06/29 11:10:00,1030.642,17.137
2015/06/29 11:20:00,1030.642,17.137
2015/06/29 11:30:00,1030.583,17.143
2015/06/29 11:40:00,1031.167,17.143
2015/06/29 11:50:00,1031.342,17.143
2015/06/29 12:00:00,1030.933,17.143
2015/06/29 12:10:00,1030.583,17.143
2015/06/29 12:20:00,1030.583,17.143
2015/06/29 12:30:00,1030.758,17.143
2015/06/29 12:40:00,1030.583,17.143
2015/06/29 12:50:00,1030.583,17.143
2015/06/29 13:00:00,1030.583,17.143
2015/06/29 13:10:00,1030.408,17.143
2015/06/29 13:20:00,1030.408,17.150
2015/06/29 13:30:00,1030.408,17.150
2015/06/29 13:40:00,1030.175,17.150
2015/06/29 13:50:00,1030.175,17.150
2015/06/29 14:00:00,1030.000,17.150
2015/06/29 14:10:00,1030.175,17.150
2015/06/29 14:20:00,1030.000,17.150
2015/06/29 14:30:00,1030.175,17.150
2015/06/29 14:40:00,1030.000,17.150
2015/06/29 14:50:00,1029.650,17.157
2015/06/29 15:00:00,1029.475,17.157
2015/06/29 15:10:00,1029.650,17.157
2015/06/29 15:20:00,1029.650,17.157
2015/06/29 15:30:00,1029.475,17.157
2015/06/29 15:40:00,1029.650,17.157
2015/06/29 15:50:00,1029.650,17.157
2015/06/29 16:00:00,1029.475,17.157
2015/06/29 16:10:00,1029.475,17.157
2015/06/29 16:20:00,1029.475,17.157
2015/06/29 16:30:00,1029.475,17.157
2015/06/29 16:40:00,1029.475,17.157
2015/06/29 16:50:00,1029.475,17.163
2015/06/29 17:00:00,1029.650,17.157
2015/06/29 17:10:00,1029.883,17.163
2015/06/29 17:20:00,1029.883,17.163
2015/06/29 17:30:00,1029.883,17.163
2015/06/29 17:40:00,1030.058,17.163
2015/06/29 17:50:00,1029.650,17.163
2015/06/29 18:00:00,1030.058,17.163
2015/06/29 18:10:00,1029.650,17.163
2015/06/29 18:20:00,1029.883,17.163
2015/06/29 18:30:00,1029.883,17.163
2015/06/29 18:40:00,1029.650,17.163
2015/06/29 18:50:00,1029.475,17.163
2015/06/29 19:00:00,1030.000,17.170
2015/06/29 19:10:00,1030.058,17.163
2015/06/29 19:20:00,1030.175,17.170
2015/06/29 19:30:00,1030.000,17.170
2015/06/29 19:40:00,1030.058,17.163
2015/06/29 19:50:00,1030.175,17.170
2015/06/29 20:00:00,1030.408,17.170
2015/06/29 20:10:00,1030.408,17.170
2015/06/29 20:20:00,1030.408,17.170
2015/06/29 20:30:00,1030.583,17.170
2015/06/29 20:40:00,1030.583,17.170
2015/06/29 20:50:00,1030.583,17.170
2015/06/29 21:00:00,1030.758,17.170
2015/06/29 21:10:00,1030.933,17.170
2015/06/29 21:20:00,1030.758,17.170
2015/06/29 21:30:00,1030.758,17.170
2015/06/29 21:40:00,1030.933,17.170
2015/06/29 21:50:00,1031.167,17.170
2015/06/29 22:00:00,1031.342,17.170
2015/06/29 22:10:00,1031.517,17.177
2015/06/29 22:20:00,1031.517,17.170
2015/06/29 22:30:00,1031.517,17.177
2015/06/29 22:40:00,1031.342,17.177
2015/06/29 22:50:00,1031.342,17.177
2015/06/29 23:00:00,1031.342,17.177
2015/06/29 23:10:00,1031.517,17.177
2015/06/29 23:20:00,1031.342,17.177
2015/06/29 23:30:00,1031.517,17.177
2015/06/29 23:40:00,1031.750,17.177
2015/06/29 23:50:00,1031.750,17.177
2015/06/30 00:00:00,1031.925,17.177
2015/06/30 00:10:00,1032.100,17.177
2015/06/30 00:20:00,1032.100,17.177
2015/06/30 00:30:00,1031.925,17.177
2015/06/30 00:40:00,1031.750,17.177
2015/06/30 00:50:00,1031.925,17.177
2015/06/30 01:00:00,1032.275,17.177
2015/06/30 01:10:00,1032.100,17.177
2015/06/30 01:20:00,1032.158,17.183
2015/06/30 01:30:00,1032.333,17.183
2015/06/30 01:40:00,1032.158,17.183
2015/06/30 01:50:00,1032.508,17.183
2015/06/30 02:00:00,1032.333,17.183
2015/06/30 02:10:00,1032.333,17.183
2015/06/30 02:20:00,1032.508,17.183
2015/06/30 02:30:00,1032.742,17.183
2015/06/30 02:40:00,1032.508,17.183
2015/06/30 02:50:00,1032.508,17.183
2015/06/30 03:00:00,1032.333,17.190
2015/06/30 03:10:00,1032.333,17.183
2015/06/30 03:20:00,1032.333,17.190
2015/06/30 03:30:00,1032.158,17.190
2015/06/30 03:40:00,1032.333,17.190
2015/06/30 03:50:00,1032.333,17.190
2015/06/30 04:00:00,1032.508,17.190
2015/06/30 04:10:00,1032.508,17.190
2015/06/30 04:20:00,1032.742,17.190
2015/06/30 04:30:00,1032.742,17.190
2015/06/30 04:40:00,1033.092,17.190
2015/06/30 04:50:00,1033.267,17.190
2015/06/30 05:00:00,1033.267,17.190
2015/06/30 05:10:00,1033.267,17.190
2015/06/30 05:20:00,1033.267,17.190
2015/06/30 05:30:00,1033.500,17.190
2015/06/30 05:40:00,1033.500,17.190
2015/06/30 05:50:00,1033.675,17.190
2015/06/30 06:00:00,1033.850,17.190
2015/06/30 06:10:00,1033.850,17.190
2015/06/30 06:20:00,1034.025,17.190
2015/06/30 06:30:00,1033.967,17.197
2015/06/30 06:40:00,1033.967,17.197
2015/06/30 06:50:00,1034.375,17.197
2015/06/30 07:00:00,1034.375,17.197
2015/06/30 07:10:00,1034.550,17.197
2015/06/30 07:20:00,1034.375,17.197
2015/06/30 07:30:00,1034.375,17.197
2015/06/30 07:40:00,1034.550,17.197
2015/06/30 07:50:00,1034.550,17.197
2015/06/30 08:00:00,1034.550,17.197
2015/06/30 08:10:00,1034.725,17.197
2015/06/30 08:20:00,1034.550,17.197
2015/06/30 08:30:00,1034.725,17.197
2015/06/30 08:40:00,1034.550,17.197
2015/06/30 08:50:00,1034.725,17.197
2015/06/30 09:00:00,1034.550,17.203
2015/06/30 09:10:00,1034.550,17.203
2015/06/30 09:20:00,1034.725,17.203
2015/06/30 09:30:00,1034.725,17.203
2015/06/30 09:40:00,1034.958,17.203
2015/06/30 09:50:00,1034.958,17.203
2015/06/30 10:00:00,1034.958,17.203
2015/06/30 10:10:00,1034.725,17.203
2015/06/30 10:20:00,1034.375,17.203
2015/06/30 10:30:00,1034.550,17.203
2015/06/30 10:40:00,1034.725,17.203
2015/06/30 10:50:00,1034.550,17.203
2015/06/30 11:00:00,1034.375,17.203
2015/06/30 11:10:00,1034.550,17.203
2015/06/30 11:20:00,1034.725,17.203
2015/06/30 11:30:00,1034.375,17.203
2015/06/30 11:40:00,1034.375,17.203
2015/06/30 11:50:00,1034.375,17.210
2015/06/30 12:00:00,1034.200,17.210
2015/06/30 12:10:00,1034.142,17.203
2015/06/30 12:20:00,1034.200,17.210
2015/06/30 12:30:00,1034.025,17.210
2015/06/30 12:40:00,1033.850,17.210
2015/06/30 12:50:00,1034.025,17.210
2015/06/30 13:00:00,1033.617,17.210
2015/06/30 13:10:00,1033.850,17.210
2015/06/30 13:20:00,1033.617,17.210
2015/06/30 13:30:00,1033.442,17.210
2015/06/30 13:40:00,1033.617,17.210
2015/06/30 13:50:00,1033.617,17.210
2015/06/30 14:00:00,1033.617,17.210
2015/06/30 14:10:00,1033.617,17.210
2015/06/30 14:20:00,1033.442,17.210
2015/06/30 14:30:00,1033.617,17.210
2015/06/30 14:40:00,1033.617,17.210
2015/06/30 14:50:00,1033.442,17.210
2015/06/30 15:00:00,1033.267,17.210
2015/06/30 15:10:00,1033.033,17.210
2015/06/30 15:20:00,1033.033,17.217
2015/06/30 15:30:00,1032.858,17.210
2015/06/30 15:40:00,1032.858,17.217
2015/06/30 15:50:00,1032.858,17.217
2015/06/30 16:00:00,1032.508,17.217
2015/06/30 16:10:00,1032.508,17.217
2015/06/30 16:20:00,1032.683,17.217
2015/06/30 16:30:00,1032.508,17.217
2015/06/30 16:40:00,1032.508,17.217
2015/06/30 16:50:00,1032.508,17.217
2015/06/30 17:00:00,1032.275,17.217
2015/06/30 17:10:00,1032.508,17.217
2015/06/30 17:20:00,1032.275,17.217
2015/06/30 17:30:00,1032.100,17.217
2015/06/30 17:40:00,1032.100,17.217
2015/06/30 17:50:00,1032.100,17.217
2015/06/30 18:00:00,1031.750,17.217
2015/06/30 18:10:00,1031.925,17.217
2015/06/30 18:20:00,1031.750,17.217
2015/06/30 18:30:00,1031.750,17.217
2015/06/30 18:40:00,1032.275,17.223
2015/06/30 18:50:00,1032.042,17.223
2015/06/30 19:00:00,1032.100,17.217
2015/06/30 19:10:00,1031.925,17.217
2015/06/30 19:20:00,1032.100,17.217
2015/06/30 19:30:00,1032.042,17.223
2015/06/30 19:40:00,1032.042,17.223
2015/06/30 19:50:00,1032.450,17.223
2015/06/30 20:00:00,1032.450,17.223
2015/06/30 20:10:00,1032.450,17.223
2015/06/30 20:20:00,1032.450,17.223
2015/06/30 20:30:00,1032.625,17.223
2015/06/30 20:40:00,1032.625,17.223
2015/06/30 20:50:00,1032.858,17.223
2015/06/30 21:00:00,1032.858,17.223
2015/06/30 21:10:00,1033.033,17.223
2015/06/30 21:20:00,1033.033,17.223
2015/06/30 21:30:00,1033.033,17.223
2015/06/30 21:40:00,1033.383,17.223
2015/06/30 21:50:00,1033.383,17.223
2015/06/30 22:00:00,1033.208,17.223
2015/06/30 22:10:00,1033.792,17.223
2015/06/30 22:20:00,1033.617,17.223
2015/06/30 22:30:00,1033.617,17.223
2015/06/30 22:40:00,1033.617,17.223
2015/06/30 22:50:00,1033.617,17.223
2015/06/30 23:00:00,1033.383,17.223
2015/06/30 23:10:00,1033.383,17.223
2015/06/30 23:20:00,1033.383,17.223
2015/06/30 23:30:00,1033.617,17.223
2015/06/30 23:40:00,1033.617,17.230
2015/06/30 23:50:00,1033.792,17.230
2015/07/01 00:00:00,1033.617,17.223
2015/07/01 00:10:00,1033.617,17.230
2015/07/01 00:20:00,1033.792,17.223
2015/07/01 00:30:00,1033.967,17.230
2015/07/01 00:40:00,1033.967,17.223
2015/07/01 00:50:00,1034.142,17.230
2015/07/01 01:00:00,1033.967,17.230
2015/07/01 01:10:00,1033.967,17.230
2015/07/01 01:20:00,1033.967,17.230
2015/07/01 01:30:00,1033.792,17.230
2015/07/01 01:40:00,1033.792,17.230
2015/07/01 01:50:00,1033.792,17.230
2015/07/01 02:00:00,1033.792,17.230
2015/07/01 02:10:00,1033.792,17.230
2015/07/01 02:20:00,1033.792,17.230
2015/07/01 02:30:00,1033.792,17.230
2015/07/01 02:40:00,1033.792,17.230
2015/07/01 02:50:00,1033.792,17.230
2015/07/01 03:00:00,1033.792,17.230
2015/07/01 03:10:00,1033.792,17.230
2015/07/01 03:20:00,1033.792,17.230
2015/07/01 03:30:00,1033.792,17.230
2015/07/01 03:40:00,1033.792,17.230
2015/07/01 03:50:00,1033.792,17.230
2015/07/01 04:00:00,1033.792,17.230
2015/07/01 04:10:00,1033.792,17.230
2015/07/01 04:20:00,1033.967,17.230
2015/07/01 04:30:00,1033.617,17.230
2015/07/01 04:40:00,1033.967,17.230
2015/07/01 04:50:00,1033.792,17.230
2015/07/01 05:00:00,1033.967,17.230
2015/07/01 05:10:00,1033.967,17.230
2015/07/01 05:20:00,1033.967,17.230
2015/07/01 05:30:00,1034.142,17.230
2015/07/01 05:40:00,1034.375,17.230
2015/07/01 05:50:00,1034.025,17.237
2015/07/01 06:00:00,1034.200,17.237
2015/07/01 06:10:00,1034.375,17.230
2015/07/01 06:20:00,1034.375,17.230
2015/07/01 06:30:00,1034.200,17.237
2015/07/01 06:40:00,1034.200,17.237
2015/07/01 06:50:00,1034.200,17.237
2015/07/01 07:00:00,1034.200,17.237
2015/07/01 07:10:00,1034.375,17.237
2015/07/01 07:20:00,1034.375,17.237
2015/07/01 07:30:00,1034.200,17.237
2015/07/01 07:40:00,1034.200,17.237
2015/07/01 07:50:00,1034.375,17.237
2015/07/01 08:00:00,1034.375,17.237
2015/07/01 08:10:00,1034.375,17.237
2015/07/01 08:20:00,1034.200,17.237
2015/07/01 08:30:00,1034.375,17.237
2015/07/01 08:40:00,1034.200,17.237
2015/07/01 08:50:00,1034.025,17.237
2015/07/01 09:00:00,1034.025,17.237
2015/07/01 09:10:00,1033.617,17.237
2015/07/01 09:20:00,1033.850,17.237
2015/07/01 09:30:00,1033.850,17.237
2015/07/01 09:40:00,1033.617,17.237
2015/07/01 09:50:00,1033.617,17.237
2015/07/01 10:00:00,1033.617,17.237
2015/07/01 10:10:00,1033.442,17.243
2015/07/01 10:20:00,1033.442,17.237
2015/07/01 10:30:00,1033.442,17.237
2015/07/01 10:40:00,1033.442,17.237
2015/07/01 10:50:00,1033.442,17.237
2015/07/01 11:00:00,1033.442,17.237
2015/07/01 11:10:00,1033.617,17.237
2015/07/01 11:20:00,1033.617,17.237
2015/07/01 11:30:00,1033.617,17.243
2015/07/01 11:40:00,1033.442,17.237
2015/07/01 11:50:00,1033.442,17.243
2015/07/01 12:00:00,1033.442,17.237
2015/07/01 12:10:00,1033.442,17.243
2015/07/01 12:20:00,1033.442,17.243
2015/07/01 12:30:00,1033.267,17.243
2015/07/01 12:40:00,1033.267,17.243
2015/07/01 12:50:00,1033.033,17.243
2015/07/01 13:00:00,1033.033,17.243
2015/07/01 13:10:00,1033.033,17.243
2015/07/01 13:20:00,1032.858,17.243
2015/07/01 13:30:00,1032.683,17.243
2015/07/01 13:40:00,1032.683,17.243
2015/07/01 13:50:00,1032.508,17.243
2015/07/01 14:00:00,1032.508,17.243
2015/07/01 14:10:00,1032.275,17.243
2015/07/01 14:20:00,1032.683,17.243
2015/07/01 14:30:00,1032.683,17.243
2015/07/01 14:40:00,1032.508,17.243
2015/07/01 14:50:00,1032.508,17.243
2015/07/01 15:00:00,1032.275,17.243
2015/07/01 15:10:00,1032.508,17.243
2015/07/01 15:20:00,1032.100,17.243
2015/07/01 15:30:00,1032.508,17.243
2015/07/01 15:40:00,1032.275,17.243
2015/07/01 15:50:00,1032.275,17.243
2015/07/01 16:00:00,1032.275,17.243
2015/07/01 16:10:00,1032.275,17.243
2015/07/01 16:20:00,1032.275,17.243
2015/07/01 16:30:00,1032.275,17.243
2015/07/01 16:40:00,1032.100,17.243
2015/07/01 16:50:00,1031.925,17.243
2015/07/01 17:00:00,1031.925,17.243
2015/07/01 17:10:00,1031.925,17.243
2015/07/01 17:20:00,1031.925,17.243
2015/07/01 17:30:00,1031.925,17.243
2015/07/01 17:40:00,1031.750,17.243
2015/07/01 17:50:00,1031.750,17.243
2015/07/01 18:00:00,1031.517,17.243
2015/07/01 18:10:00,1031.517,17.243
2015/07/01 18:20:00,1031.925,17.243
2015/07/01 18:30:00,1031.750,17.243
2015/07/01 18:40:00,1031.750,17.243
2015/07/01 18:50:00,1031.925,17.243
2015/07/01 19:00:00,1031.925,17.243
2015/07/01 19:10:00,1031.925,17.243
2015/07/01 19:20:00,1032.100,17.243
2015/07/01 19:30:00,1031.925,17.243
2015/07/01 19:40:00,1032.100,17.243
2015/07/01 19:50:00,1031.925,17.243
2015/07/01 20:00:00,1032.275,17.243
2015/07/01 20:10:00,1032.275,17.243
2015/07/01 20:20:00,1032.275,17.243
2015/07/01 20:30:00,1032.275,17.243
2015/07/01 20:40:00,1032.100,17.243
2015/07/01 20:50:00,1032.275,17.243
2015/07/01 21:00:00,1032.508,17.243
2015/07/01 21:10:00,1032.100,17.243
2015/07/01 21:20:00,1032.625,17.250
2015/07/01 21:30:00,1032.275,17.243
2015/07/01 21:40:00,1032.275,17.243
2015/07/01 21:50:00,1032.683,17.243
2015/07/01 22:00:00,1032.858,17.250
2015/07/01 22:10:00,1032.683,17.243
2015/07/01 22:20:00,1032.858,17.243
2015/07/01 22:30:00,1032.858,17.250
2015/07/01 22:40:00,1032.858,17.243
2015/07/01 22:50:00,1032.858,17.243
2015/07/01 23:00:00,1032.858,17.243
2015/07/01 23:10:00,1033.033,17.250
2015/07/01 23:20:00,1032.858,17.243
2015/07/01 23:30:00,1033.033,17.250
2015/07/01 23:40:00,1032.858,17.243
2015/07/01 23:50:00,1032.683,17.243
2015/07/02 00:00:00,1032.858,17.250
2015/07/02 00:10:00,1032.683,17.243
2015/07/02 00:20:00,1032.858,17.243
2015/07/02 00:30:00,1032.858,17.243
2015/07/02 00:40:00,1033.033,17.250
2015/07/02 00:50:00,1032.683,17.243
2015/07/02 01:00:00,1032.858,17.250
2015/07/02 01:10:00,1032.625,17.250
2015/07/02 01:20:00,1032.683,17.243
2015/07/02 01:30:00,1032.858,17.250
2015/07/02 01:40:00,1032.858,17.250
2015/07/02 01:50:00,1033.033,17.250
2015/07/02 02:00:00,1032.625,17.250
2015/07/02 02:10:00,1032.625,17.250
2015/07/02 02:20:00,1032.450,17.250
2015/07/02 02:30:00,1032.450,17.250
2015/07/02 02:40:00,1032.450,17.250
2015/07/02 02:50:00,1032.275,17.243
2015/07/02 03:00:00,1032.450,17.250
2015/07/02 03:10:00,1032.625,17.250
2015/07/02 03:20:00,1032.450,17.250
2015/07/02 03:30:00,1032.450,17.250
2015/07/02 03:40:00,1032.625,17.250
2015/07/02 03:50:00,1032.625,17.250
2015/07/02 04:00:00,1032.625,17.250
2015/07/02 04:10:00,1032.625,17.250
2015/07/02 04:20:00,1032.858,17.250
2015/07/02 04:30:00,1032.625,17.250
2015/07/02 04:40:00,1032.625,17.250
2015/07/02 04:50:00,1032.450,17.250
2015/07/02 05:00:00,1032.625,17.250
2015/07/02 05:10:00,1032.625,17.250
2015/07/02 05:20:00,1032.625,17.250
2015/07/02 05:30:00,1032.625,17.250
2015/07/02 05:40:00,1032.858,17.250
2015/07/02 05:50:00,1033.033,17.250
2015/07/02 06:00:00,1033.033,17.250
2015/07/02 06:10:00,1033.033,17.250
2015/07/02 06:20:00,1033.033,17.250
2015/07/02 06:30:00,1033.383,17.250
2015/07/02 06:40:00,1033.383,17.250
2015/07/02 06:50:00,1033.383,17.250
2015/07/02 07:00:00,1033.617,17.250
2015/07/02 07:10:00,1033.383,17.250
2015/07/02 07:20:00,1033.208,17.250
2015/07/02 07:30:00,1033.208,17.250
2015/07/02 07:40:00,1033.033,17.250
2015/07/02 07:50:00,1033.033,17.250
2015/07/02 08:00:00,1033.033,17.250
2015/07/02 08:10:00,1033.033,17.250
2015/07/02 08:20:00,1032.858,17.250
2015/07/02 08:30:00,1032.858,17.250
2015/07/02 08:40:00,1032.858,17.250
2015/07/02 08:50:00,1033.033,17.250
2015/07/02 09:00:00,1032.625,17.250
2015/07/02 09:10:00,1032.450,17.250
2015/07/02 09:20:00,1032.625,17.250
2015/07/02 09:30:00,1032.625,17.250
2015/07/02 09:40:00,1032.450,17.250
2015/07/02 09:50:00,1032.450,17.250
2015/07/02 10:00:00,1032.450,17.250
2015/07/02 10:10:00,1032.450,17.250
2015/07/02 10:20:00,1032.625,17.250
2015/07/02 10:30:00,1032.450,17.250
2015/07/02 10:40:00,1032.625,17.250
2015/07/02 10:50:00,1032.450,17.250
2015/07/02 11:00:00,1032.450,17.250
2015/07/02 11:10:00,1032.450,17.250
2015/07/02 11:20:00,1032.275,17.250
2015/07/02 11:30:00,1032.275,17.250
2015/07/02 11:40:00,1032.275,17.250
2015/07/02 11:50:00,1032.275,17.250
2015/07/02 12:00:00,1032.042,17.250
2015/07/02 12:10:00,1032.042,17.250
2015/07/02 12:20:00,1032.042,17.250
2015/07/02 12:30:00,1031.867,17.257
2015/07/02 12:40:00,1031.867,17.257
2015/07/02 12:50:00,1031.867,17.250
2015/07/02 13:00:00,1031.692,17.250
2015/07/02 13:10:00,1031.692,17.250
2015/07/02 13:20:00,1031.517,17.257
2015/07/02 13:30:00,1031.692,17.250
2015/07/02 13:40:00,1031.517,17.250
2015/07/02 13:50:00,1031.283,17.250
2015/07/02 14:00:00,1031.283,17.250
2015/07/02 14:10:00,1031.283,17.257
2015/07/02 14:20:00,1031.283,17.250
2015/07/02 14:30:00,1031.108,17.250
2015/07/02 14:40:00,1031.283,17.257
2015/07/02 14:50:00,1031.108,17.250
2015/07/02 15:00:00,1030.933,17.257
2015/07/02 15:10:00,1030.933,17.257
2015/07/02 15:20:00,1030.933,17.257
2015/07/02 15:30:00,1030.525,17.257
2015/07/02 15:40:00,1030.350,17.250
2015/07/02 15:50:00,1030.350,17.257
2015/07/02 16:00:00,1030.350,17.257
2015/07/02 16:10:00,1030.350,17.257
2015/07/02 16:20:00,1030.350,17.257
2015/07/02 16:30:00,1030.175,17.257
2015/07/02 16:40:00,1030.175,17.257
2015/07/02 16:50:00,1029.767,17.257
2015/07/02 17:00:00,1030.000,17.257
2015/07/02 17:10:00,1029.767,17.257
2015/07/02 17:20:00,1029.592,17.257
2015/07/02 17:30:00,1029.417,17.257
2015/07/02 17:40:00,1029.417,17.257
2015/07/02 17:50:00,1029.592,17.257
2015/07/02 18:00:00,1029.183,17.257
2015/07/02 18:10:00,1029.183,17.257
2015/07/02 18:20:00,1029.183,17.257
2015/07/02 18:30:00,1029.183,17.257
2015/07/02 18:40:00,1029.417,17.257
2015/07/02 18:50:00,1029.183,17.257
2015/07/02 19:00:00,1029.183,17.257
2015/07/02 19:10:00,1029.183,17.257
2015/07/02 19:20:00,1028.833,17.257
2015/07/02 19:30:00,1028.833,17.257
2015/07/02 19:40:00,1029.183,17.257
2015/07/02 19:50:00,1029.008,17.257
2015/07/02 20:00:00,1029.008,17.257
2015/07/02 20:10:00,1029.008,17.257
2015/07/02 20:20:00,1029.008,17.257
2015/07/02 20:30:00,1028.833,17.257
2015/07/02 20:40:00,1029.008,17.257
2015/07/02 20:50:00,1029.183,17.257
2015/07/02 21:00:00,1029.183,17.257
2015/07/02 21:10:00,1029.417,17.257
2015/07/02 21:20:00,1029.183,17.257
2015/07/02 21:30:00,1029.183,17.257
2015/07/02 21:40:00,1029.417,17.257
2015/07/02 21:50:00,1029.183,17.257
2015/07/02 22:00:00,1029.008,17.257
2015/07/02 22:10:00,1029.183,17.257
2015/07/02 22:20:00,1028.833,17.257
2015/07/02 22:30:00,1028.833,17.257
2015/07/02 22:40:00,1028.833,17.257
2015/07/02 22:50:00,1028.658,17.257
2015/07/02 23:00:00,1028.658,17.257
2015/07/02 23:10:00,1028.658,17.257
2015/07/02 23:20:00,1028.658,17.257
2015/07/02 23:30:00,1028.250,17.257
2015/07/02 23:40:00,1028.250,17.257
2015/07/02 23:50:00,1028.250,17.257
2015/07/03 00:00:00,1028.250,17.257
2015/07/03 00:10:00,1028.833,17.257
2015/07/03 00:20:00,1028.658,17.257
2015/07/03 00:30:00,1028.658,17.257
2015/07/03 00:40:00,1028.658,17.257
2015/07/03 00:50:00,1028.425,17.257
2015/07/03 01:00:00,1028.658,17.257
2015/07/03 01:10:00,1028.250,17.257
2015/07/03 01:20:00,1028.250,17.257
2015/07/03 01:30:00,1028.250,17.257
2015/07/03 01:40:00,1028.250,17.257
2015/07/03 01:50:00,1028.075,17.257
2015/07/03 02:00:00,1027.725,17.263
2015/07/03 02:10:00,1027.900,17.257
2015/07/03 02:20:00,1027.900,17.257
2015/07/03 02:30:00,1027.900,17.257
2015/07/03 02:40:00,1027.667,17.257
2015/07/03 02:50:00,1027.492,17.257
2015/07/03 03:00:00,1027.317,17.263
2015/07/03 03:10:00,1027.142,17.263
2015/07/03 03:20:00,1027.317,17.263
2015/07/03 03:30:00,1027.492,17.257
2015/07/03 03:40:00,1027.142,17.263
2015/07/03 03:50:00,1027.142,17.263
2015/07/03 04:00:00,1026.967,17.263
2015/07/03 04:10:00,1027.142,17.263
2015/07/03 04:20:00,1026.967,17.263
2015/07/03 04:30:00,1027.142,17.263
2015/07/03 04:40:00,1026.967,17.263
2015/07/03 04:50:00,1027.142,17.263
2015/07/03 05:00:00,1026.967,17.263
2015/07/03 05:10:00,1026.967,17.263
2015/07/03 05:20:00,1026.967,17.263
2015/07/03 05:30:00,1027.142,17.263
2015/07/03 05:40:00,1027.142,17.263
2015/07/03 05:50:00,1027.142,17.263
2015/07/03 06:00:00,1026.967,17.263
2015/07/03 06:10:00,1026.967,17.263
2015/07/03 06:20:00,1027.142,17.263
2015/07/03 06:30:00,1026.967,17.263
2015/07/03 06:40:00,1027.317,17.263
2015/07/03 06:50:00,1027.317,17.263
2015/07/03 07:00:00,1027.142,17.263
2015/07/03 07:10:00,1027.142,17.263
2015/07/03 07:20:00,1027.142,17.263
2015/07/03 07:30:00,1027.142,17.263
2015/07/03 07:40:00,1027.142,17.263
2015/07/03 07:50:00,1027.142,17.263
2015/07/03 08:00:00,1027.317,17.263
2015/07/03 08:10:00,1027.142,17.263
2015/07/03 08:20:00,1027.317,17.263
2015/07/03 08:30:00,1027.142,17.263
2015/07/03 08:40:00,1026.967,17.263
2015/07/03 08:50:00,1026.967,17.263
2015/07/03 09:00:00,1026.967,17.263
2015/07/03 09:10:00,1026.792,17.263
2015/07/03 09:20:00,1026.967,17.263
2015/07/03 09:30:00,1026.967,17.263
2015/07/03 09:40:00,1026.792,17.263
2015/07/03 09:50:00,1026.792,17.263
2015/07/03 10:00:00,1026.792,17.263
2015/07/03 10:10:00,1026.558,17.263
2015/07/03 10:20:00,1026.558,17.263
2015/07/03 10:30:00,1026.325,17.270
2015/07/03 10:40:00,1026.383,17.263
2015/07/03 10:50:00,1026.558,17.270
2015/07/03 11:00:00,1026.033,17.263
2015/07/03 11:10:00,1026.325,17.270
2015/07/03 11:20:00,1026.325,17.270
2015/07/03 11:30:00,1026.558,17.270
2015/07/03 11:40:00,1026.208,17.263
2015/07/03 11:50:00,1026.325,17.270
2015/07/03 12:00:00,1026.325,17.270
2015/07/03 12:10:00,1026.033,17.263
2015/07/03 12:20:00,1026.150,17.270
2015/07/03 12:30:00,1026.325,17.270
2015/07/03 12:40:00,1026.325,17.270
2015/07/03 12:50:00,1026.150,17.270
2015/07/03 13:00:00,1026.150,17.270
2015/07/03 13:10:00,1025.975,17.270
2015/07/03 13:20:00,1026.150,17.270
2015/07/03 13:30:00,1026.150,17.270
2015/07/03 13:40:00,1026.150,17.270
2015/07/03 13:50:00,1025.975,17.270
2015/07/03 14:00:00,1025.800,17.270
2015/07/03 14:10:00,1025.975,17.270
2015/07/03 14:20:00,1025.975,17.270
2015/07/03 14:30:00,1025.975,17.270
2015/07/03 14:40:00,1025.800,17.270
2015/07/03 14:50:00,1025.975,17.270
2015/07/03 15:00:00,1025.975,17.270
2015/07/03 15:10:00,1025.800,17.270
2015/07/03 15:20:00,1025.975,17.270
2015/07/03 15:30:00,1025.975,17.270
2015/07/03 15:40:00,1025.800,17.270
2015/07/03 15:50:00,1025.800,17.270
2015/07/03 16:00:00,1025.800,17.270
2015/07/03 16:10:00,1025.800,17.270
2015/07/03 16:20:00,1025.567,17.270
2015/07/03 16:30:00,1025.567,17.277
2015/07/03 16:40:00,1025.567,17.277
2015/07/03 16:50:00,1025.800,17.270
2015/07/03 17:00:00,1025.800,17.270
2015/07/03 17:10:00,1025.567,17.277
2015/07/03 17:20:00,1025.800,17.277
2015/07/03 17:30:00,1025.975,17.277
2015/07/03 17:40:00,1025.392,17.277
2015/07/03 17:50:00,1025.567,17.277
2015/07/03 18:00:00,1025.567,17.277
2015/07/03 18:10:00,1025.800,17.277
2015/07/03 18:20:00,1025.567,17.277
2015/07/03 18:30:00,1025.800,17.277
2015/07/03 18:40:00,1025.800,17.277
2015/07/03 18:50:00,1025.567,17.277
2015/07/03 19:00:00,1025.800,17.277
2015/07/03 19:10:00,1025.567,17.277
2015/07/03 19:20:00,1025.800,17.277
2015/07/03 19:30:00,1025.800,17.277
2015/07/03 19:40:00,1025.567,17.277
2015/07/03 19:50:00,1025.975,17.277
2015/07/03 20:00:00,1025.975,17.277
2015/07/03 20:10:00,1025.567,17.277
2015/07/03 20:20:00,1025.800,17.277
2015/07/03 20:30:00,1025.800,17.277
2015/07/03 20:40:00,1025.567,17.277
2015/07/03 20:50:00,1025.800,17.277
2015/07/03 21:00:00,1025.975,17.277
2015/07/03 21:10:00,1025.975,17.277
2015/07/03 21:20:00,1026.150,17.277
2015/07/03 21:30:00,1026.150,17.277
2015/07/03 21:40:00,1025.975,17.277
2015/07/03 21:50:00,1026.325,17.277
2015/07/03 22:00:00,1026.325,17.277
2015/07/03 22:10:00,1026.558,17.277
2015/07/03 22:20:00,1026.733,17.277
2015/07/03 22:30:00,1026.733,17.277
2015/07/03 22:40:00,1026.733,17.277
2015/07/03 22:50:00,1026.733,17.277
2015/07/03 23:00:00,1026.733,17.277
2015/07/03 23:10:00,1026.967,17.283
2015/07/03 23:20:00,1026.908,17.277
2015/07/03 23:30:00,1027.317,17.277
2015/07/03 23:40:00,1027.142,17.283
2015/07/03 23:50:00,1027.317,17.277
2015/07/04 00:00:00,1027.142,17.283
2015/07/04 00:10:00,1027.492,17.277
2015/07/04 00:20:00,1027.492,17.277
2015/07/04 00:30:00,1027.550,17.283
2015/07/04 00:40:00,1027.317,17.283
2015/07/04 00:50:00,1027.492,17.277
2015/07/04 01:00:00,1027.550,17.283
2015/07/04 01:10:00,1027.142,17.283
2015/07/04 01:20:00,1027.317,17.283
2015/07/04 01:30:00,1027.550,17.283
2015/07/04 01:40:00,1027.142,17.283
2015/07/04 01:50:00,1027.142,17.283
2015/07/04 02:00:00,1027.317,17.283
2015/07/04 02:10:00,1027.142,17.283
2015/07/04 02:20:00,1027.317,17.283
2015/07/04 02:30:00,1027.142,17.283
2015/07/04 02:40:00,1027.550,17.283
2015/07/04 02:50:00,1027.317,17.283
2015/07/04 03:00:00,1027.550,17.283
2015/07/04 03:10:00,1027.550,17.283
2015/07/04 03:20:00,1027.317,17.283
2015/07/04 03:30:00,1027.725,17.283
2015/07/04 03:40:00,1027.550,17.283
2015/07/04 03:50:00,1027.550,17.283
2015/07/04 04:00:00,1027.550,17.283
2015/07/04 04:10:00,1027.550,17.283
2015/07/04 04:20:00,1027.550,17.283
2015/07/04 04:30:00,1027.550,17.283
2015/07/04 04:40:00,1027.725,17.283
2015/07/04 04:50:00,1027.900,17.283
2015/07/04 05:00:00,1027.725,17.283
2015/07/04 05:10:00,1027.725,17.283
2015/07/04 05:20:00,1027.900,17.283
2015/07/04 05:30:00,1028.075,17.283
2015/07/04 05:40:00,1027.900,17.283
2015/07/04 05:50:00,1027.725,17.283
2015/07/04 06:00:00,1027.900,17.283
2015/07/04 06:10:00,1027.900,17.283
2015/07/04 06:20:00,1028.308,17.283
2015/07/04 06:30:00,1028.308,17.283
2015/07/04 06:40:00,1028.483,17.283
2015/07/04 06:50:00,1028.483,17.290
2015/07/04 07:00:00,1028.483,17.283
2015/07/04 07:10:00,1028.308,17.283
2015/07/04 07:20:00,1028.658,17.283
2015/07/04 07:30:00,1028.483,17.290
2015/07/04 07:40:00,1028.483,17.283
2015/07/04 07:50:00,1028.308,17.290
2015/07/04 08:00:00,1028.483,17.290
2015/07/04 08:10:00,1028.483,17.283
2015/07/04 08:20:00,1028.308,17.283
2015/07/04 08:30:00,1028.308,17.290
2015/07/04 08:40:00,1028.308,17.290
2015/07/04 08:50:00,1028.308,17.290
2015/07/04 09:00:00,1028.075,17.290
2015/07/04 09:10:00,1028.075,17.290
2015/07/04 09:20:00,1027.900,17.290
2015/07/04 09:30:00,1028.308,17.290
2015/07/04 09:40:00,1027.900,17.290
2015/07/04 09:50:00,1028.075,17.290
2015/07/04 10:00:00,1028.075,17.290
2015/07/04 10:10:00,1027.900,17.290
2015/07/04 10:20:00,1028.075,17.290
2015/07/04 10:30:00,1027.900,17.290
2015/07/04 10:40:00,1027.900,17.290
2015/07/04 10:50:00,1027.725,17.290
2015/07/04 11:00:00,1027.550,17.290
2015/07/04 11:10:00,1027.550,17.290
2015/07/04 11:20:00,1027.142,17.290
2015/07/04 11:30:00,1027.317,17.290
2015/07/04 11:40:00,1027.317,17.290
2015/07/04 11:50:00,1027.317,17.290
2015/07/04 12:00:00,1026.967,17.290
2015/07/04 12:10:00,1026.792,17.290
2015/07/04 12:20:00,1026.792,17.290
2015/07/04 12:30:00,1026.792,17.290
2015/07/04 12:40:00,1026.558,17.290
2015/07/04 12:50:00,1026.792,17.290
2015/07/04 13:00:00,1026.792,17.290
2015/07/04 13:10:00,1026.733,17.297
2015/07/04 13:20:00,1026.558,17.290
2015/07/04 13:30:00,1026.733,17.297
2015/07/04 13:40:00,1026.383,17.290
2015/07/04 13:50:00,1026.733,17.297
2015/07/04 14:00:00,1026.558,17.297
2015/07/04 14:10:00,1026.325,17.297
2015/07/04 14:20:00,1026.558,17.297
2015/07/04 14:30:00,1026.150,17.297
2015/07/04 14:40:00,1026.150,17.297
2015/07/04 14:50:00,1026.150,17.297
2015/07/04 15:00:00,1025.975,17.297
2015/07/04 15:10:00,1026.150,17.297
2015/07/04 15:20:00,1025.975,17.297
2015/07/04 15:30:00,1025.800,17.297
2015/07/04 15:40:00,1025.800,17.297
2015/07/04 15:50:00,1025.800,17.297
2015/07/04 16:00:00,1025.567,17.297
2015/07/04 16:10:00,1025.567,17.297
2015/07/04 16:20:00,1025.567,17.297
2015/07/04 16:30:00,1025.567,17.297
2015/07/04 16:40:00,1025.392,17.297
2015/07/04 16:50:00,1025.567,17.297
2015/07/04 17:00:00,1025.392,17.297
2015/07/04 17:10:00,1025.392,17.297
2015/07/04 17:20:00,1025.217,17.297
2015/07/04 17:30:00,1024.983,17.303
2015/07/04 17:40:00,1024.983,17.297
2015/07/04 17:50:00,1024.808,17.303
2015/07/04 18:00:00,1024.983,17.303
2015/07/04 18:10:00,1024.633,17.303
2015/07/04 18:20:00,1024.633,17.303
2015/07/04 18:30:00,1024.458,17.303
2015/07/04 18:40:00,1024.050,17.303
2015/07/04 18:50:00,1024.050,17.303
2015/07/04 19:00:00,1023.875,17.303
2015/07/04 19:10:00,1024.050,17.303
2015/07/04 19:20:00,1023.875,17.303
2015/07/04 19:30:00,1023.467,17.303
2015/07/04 19:40:00,1023.467,17.303
2015/07/04 19:50:00,1023.467,17.303
2015/07/04 20:00:00,1023.700,17.303
2015/07/04 20:10:00,1023.467,17.303
2015/07/04 20:20:00,1023.467,17.303
2015/07/04 20:30:00,1023.700,17.303
2015/07/04 20:40:00,1023.875,17.303
2015/07/04 20:50:00,1024.050,17.303
2015/07/04 21:00:00,1024.458,17.303
2015/07/04 21:10:00,1024.808,17.303
2015/07/04 21:20:00,1024.808,17.303
2015/07/04 21:30:00,1025.217,17.303
2015/07/04 21:40:00,1025.217,17.303
2015/07/04 21:50:00,1025.392,17.303
2015/07/04 22:00:00,1025.567,17.303
2015/07/04 22:10:00,1025.800,17.303
2015/07/04 22:20:00,1025.858,17.310
2015/07/04 22:30:00,1025.858,17.310
2015/07/04 22:40:00,1025.683,17.310
2015/07/04 22:50:00,1025.975,17.303
2015/07/04 23:00:00,1025.858,17.310
2015/07/04 23:10:00,1025.683,17.310
2015/07/04 23:20:00,1025.450,17.310
2015/07/04 23:30:00,1025.450,17.310
2015/07/04 23:40:00,1025.275,17.310
2015/07/04 23:50:00,1025.100,17.310
2015/07/05 00:00:00,1024.925,17.310
2015/07/05 00:10:00,1024.925,17.310
2015/07/05 00:20:00,1024.692,17.310
2015/07/05 00:30:00,1024.342,17.310
2015/07/05 00:40:00,1024.167,17.310
2015/07/05 00:50:00,1024.517,17.310
2015/07/05 01:00:00,1024.342,17.310
2015/07/05 01:10:00,1024.342,17.310
2015/07/05 01:20:00,1024.517,17.310
2015/07/05 01:30:00,1024.517,17.310
2015/07/05 01:40:00,1024.517,17.310
2015/07/05 01:50:00,1024.692,17.310
2015/07/05 02:00:00,1024.517,17.310
2015/07/05 02:10:00,1024.517,17.310
2015/07/05 02:20:00,1024.692,17.310
2015/07/05 02:30:00,1024.925,17.310
2015/07/05 02:40:00,1024.925,17.310
2015/07/05 02:50:00,1025.100,17.317
2015/07/05 03:00:00,1024.925,17.317
2015/07/05 03:10:00,1024.925,17.317
2015/07/05 03:20:00,1025.100,17.317
2015/07/05 03:30:00,1025.100,17.317
2015/07/05 03:40:00,1025.100,17.317
2015/07/05 03:50:00,1025.275,17.317
2015/07/05 04:00:00,1024.925,17.317
2015/07/05 04:10:00,1024.925,17.317
2015/07/05 04:20:00,1024.925,17.317
2015/07/05 04:30:00,1024.692,17.317
2015/07/05 04:40:00,1024.517,17.317
2015/07/05 04:50:00,1024.517,17.317
2015/07/05 05:00:00,1024.517,17.317
2015/07/05 05:10:00,1024.167,17.317
2015/07/05 05:20:00,1024.167,17.317
2015/07/05 05:30:00,1024.167,17.317
2015/07/05 05:40:00,1024.167,17.317
2015/07/05 05:50:00,1024.167,17.317
2015/07/05 06:00:00,1024.167,17.317
2015/07/05 06:10:00,1024.167,17.317
2015/07/05 06:20:00,1023.933,17.317
2015/07/05 06:30:00,1024.283,17.323
2015/07/05 06:40:00,1023.758,17.317
2015/07/05 06:50:00,1023.933,17.323
2015/07/05 07:00:00,1023.933,17.317
2015/07/05 07:10:00,1023.933,17.323
2015/07/05 07:20:00,1023.933,17.323
2015/07/05 07:30:00,1023.700,17.323
2015/07/05 07:40:00,1023.700,17.323
2015/07/05 07:50:00,1023.700,17.323
2015/07/05 08:00:00,1023.525,17.323
2015/07/05 08:10:00,1023.700,17.323
2015/07/05 08:20:00,1023.525,17.323
2015/07/05 08:30:00,1023.700,17.323
2015/07/05 08:40:00,1023.525,17.323
2015/07/05 08:50:00,1023.525,17.323
2015/07/05 09:00:00,1023.700,17.323
2015/07/05 09:10:00,1023.525,17.323
2015/07/05 09:20:00,1023.175,17.323
2015/07/05 09:30:00,1023.350,17.323
2015/07/05 09:40:00,1022.767,17.323
2015/07/05 09:50:00,1022.767,17.323
2015/07/05 10:00:00,1022.592,17.323
2015/07/05 10:10:00,1022.183,17.323
2015/07/05 10:20:00,1022.183,17.323
2015/07/05 10:30:00,1022.008,17.330
2015/07/05 10:40:00,1021.833,17.330
2015/07/05 10:50:00,1022.183,17.330
2015/07/05 11:00:00,1022.008,17.330
2015/07/05 11:10:00,1021.833,17.330
2015/07/05 11:20:00,1021.833,17.330
2015/07/05 11:30:00,1021.833,17.330
2015/07/05 11:40:00,1022.008,17.330
2015/07/05 11:50:00,1022.008,17.330
2015/07/05 12:00:00,1021.600,17.330
2015/07/05 12:10:00,1021.833,17.330
2015/07/05 12:20:00,1021.600,17.330
2015/07/05 12:30:00,1021.833,17.330
2015/07/05 12:40:00,1022.008,17.330
2015/07/05 12:50:00,1021.658,17.337
2015/07/05 13:00:00,1021.833,17.330
2015/07/05 13:10:00,1021.600,17.330
2015/07/05 13:20:00,1021.425,17.330
2015/07/05 13:30:00,1021.483,17.337
2015/07/05 13:40:00,1021.483,17.337
2015/07/05 13:50:00,1021.308,17.337
2015/07/05 14:00:00,1021.308,17.337
2015/07/05 14:10:00,1021.075,17.337
2015/07/05 14:20:00,1020.900,17.337
2015/07/05 14:30:00,1020.900,17.337
2015/07/05 14:40:00,1021.075,17.337
2015/07/05 14:50:00,1020.900,17.337
2015/07/05 15:00:00,1020.492,17.337
2015/07/05 15:10:00,1020.317,17.337
2015/07/05 15:20:00,1020.317,17.337
2015/07/05 15:30:00,1020.317,17.337
2015/07/05 15:40:00,1020.317,17.337
2015/07/05 15:50:00,1020.317,17.337
2015/07/05 16:00:00,1019.733,17.337
2015/07/05 16:10:00,1019.967,17.337
2015/07/05 16:20:00,1019.733,17.343
2015/07/05 16:30:00,1019.733,17.343
2015/07/05 16:40:00,1019.558,17.343
2015/07/05 16:50:00,1019.383,17.343
2015/07/05 17:00:00,1019.383,17.343
2015/07/05 17:10:00,1018.975,17.343
2015/07/05 17:20:00,1019.383,17.343
2015/07/05 17:30:00,1019.208,17.343
2015/07/05 17:40:00,1019.208,17.343
2015/07/05 17:50:00,1018.800,17.343
2015/07/05 18:00:00,1018.800,17.343
2015/07/05 18:10:00,1018.800,17.343
2015/07/05 18:20:00,1018.625,17.343
2015/07/05 18:30:00,1018.450,17.343
2015/07/05 18:40:00,1018.625,17.343
2015/07/05 18:50:00,1018.450,17.343
2015/07/05 19:00:00,1018.217,17.343
2015/07/05 19:10:00,1018.450,17.343
2015/07/05 19:20:00,1018.450,17.343
2015/07/05 19:30:00,1018.217,17.343
2015/07/05 19:40:00,1018.392,17.350
2015/07/05 19:50:00,1018.217,17.343
2015/07/05 20:00:00,1018.042,17.343
2015/07/05 20:10:00,1017.867,17.343
2015/07/05 20:20:00,1017.108,17.343
2015/07/05 20:30:00,1017.983,17.350
2015/07/05 20:40:00,1017.983,17.350
2015/07/05 20:50:00,1017.867,17.343
2015/07/05 21:00:00,1017.983,17.350
2015/07/05 21:10:00,1017.983,17.350
2015/07/05 21:20:00,1018.567,17.350
2015/07/05 21:30:00,1019.967,17.343
2015/07/05 21:40:00,1021.833,17.330
2015/07/05 21:50:00,1021.600,17.330
2015/07/05 22:00:00,1021.833,17.330
2015/07/05 22:10:00,1021.833,17.337
2015/07/05 22:20:00,1021.658,17.343
2015/07/05 22:30:00,1021.308,17.343
2015/07/05 22:40:00,1021.483,17.343
2015/07/05 22:50:00,1021.308,17.343
2015/07/05 23:00:00,1020.900,17.343
2015/07/05 23:10:00,1021.658,17.343
2015/07/05 23:20:00,1021.833,17.343
2015/07/05 23:30:00,1021.833,17.350
2015/07/05 23:40:00,1022.008,17.350
2015/07/05 23:50:00,1022.008,17.350
2015/07/06 00:00:00,1022.358,17.350
2015/07/06 00:10:00,1022.592,17.350
2015/07/06 00:20:00,1022.767,17.350
2015/07/06 00:30:00,1023.175,17.350
2015/07/06 00:40:00,1023.525,17.350
2015/07/06 00:50:00,1023.700,17.350
2015/07/06 01:00:00,1023.175,17.350
2015/07/06 01:10:00,1023.175,17.350
2015/07/06 01:20:00,1023.175,17.350
2015/07/06 01:30:00,1022.942,17.350
2015/07/06 01:40:00,1023.175,17.357
2015/07/06 01:50:00,1023.175,17.350
2015/07/06 02:00:00,1023.175,17.350
2015/07/06 02:10:00,1023.175,17.357
2015/07/06 02:20:00,1023.175,17.357
2015/07/06 02:30:00,1023.350,17.357
2015/07/06 02:40:00,1023.175,17.357
2015/07/06 02:50:00,1022.942,17.357
2015/07/06 03:00:00,1022.942,17.357
2015/07/06 03:10:00,1022.942,17.357
2015/07/06 03:20:00,1022.592,17.357
2015/07/06 03:30:00,1022.592,17.357
2015/07/06 03:40:00,1022.592,17.357
2015/07/06 03:50:00,1022.358,17.357
2015/07/06 04:00:00,1022.358,17.357
2015/07/06 04:10:00,1022.183,17.357
2015/07/06 04:20:00,1022.592,17.357
2015/07/06 04:30:00,1022.183,17.357
2015/07/06 04:40:00,1022.358,17.357
2015/07/06 04:50:00,1022.767,17.357
2015/07/06 05:00:00,1022.942,17.357
2015/07/06 05:10:00,1023.175,17.357
2015/07/06 05:20:00,1023.175,17.357
2015/07/06 05:30:00,1022.825,17.363
2015/07/06 05:40:00,1023.175,17.357
2015/07/06 05:50:00,1023.175,17.363
2015/07/06 06:00:00,1023.175,17.363
2015/07/06 06:10:00,1023.583,17.363
2015/07/06 06:20:00,1023.933,17.363
2015/07/06 06:30:00,1023.933,17.363
2015/07/06 06:40:00,1023.758,17.363
2015/07/06 06:50:00,1023.933,17.363
2015/07/06 07:00:00,1024.342,17.363
2015/07/06 07:10:00,1024.517,17.363
2015/07/06 07:20:00,1024.342,17.363
2015/07/06 07:30:00,1024.517,17.363
2015/07/06 07:40:00,1024.342,17.363
2015/07/06 07:50:00,1024.517,17.363
2015/07/06 08:00:00,1024.342,17.363
2015/07/06 08:10:00,1024.517,17.363
2015/07/06 08:20:00,1024.692,17.363
2015/07/06 08:30:00,1024.167,17.363
2015/07/06 08:40:00,1024.342,17.363
2015/07/06 08:50:00,1024.517,17.363
2015/07/06 09:00:00,1024.517,17.363
2015/07/06 09:10:00,1024.925,17.363
2015/07/06 09:20:00,1024.692,17.370
2015/07/06 09:30:00,1024.342,17.363
2015/07/06 09:40:00,1024.458,17.370
2015/07/06 09:50:00,1024.692,17.363
2015/07/06 10:00:00,1024.692,17.370
2015/07/06 10:10:00,1024.867,17.370
2015/07/06 10:20:00,1025.042,17.370
2015/07/06 10:30:00,1025.042,17.370
2015/07/06 10:40:00,1025.042,17.370
2015/07/06 10:50:00,1025.042,17.370
2015/07/06 11:00:00,1025.217,17.370
2015/07/06 11:10:00,1025.450,17.363
2015/07/06 11:20:00,1025.625,17.370
2015/07/06 11:30:00,1025.450,17.370
2015/07/06 11:40:00,1025.217,17.370
2015/07/06 11:50:00,1025.450,17.370
2015/07/06 12:00:00,1025.625,17.370
2015/07/06 12:10:00,1025.625,17.370
2015/07/06 12:20:00,1025.625,17.370
2015/07/06 12:30:00,1025.800,17.370
2015/07/06 12:40:00,1025.800,17.370
2015/07/06 12:50:00,1025.625,17.370
2015/07/06 13:00:00,1025.800,17.370
2015/07/06 13:10:00,1026.033,17.370
2015/07/06 13:20:00,1025.625,17.370
2015/07/06 13:30:00,1025.625,17.370
2015/07/06 13:40:00,1025.975,17.377
2015/07/06 13:50:00,1025.800,17.370
2015/07/06 14:00:00,1026.150,17.377
2015/07/06 14:10:00,1025.975,17.377
2015/07/06 14:20:00,1025.975,17.377
2015/07/06 14:30:00,1026.150,17.377
2015/07/06 14:40:00,1025.975,17.377
2015/07/06 14:50:00,1025.800,17.377
2015/07/06 15:00:00,1025.975,17.377
2015/07/06 15:10:00,1025.975,17.377
2015/07/06 15:20:00,1026.150,17.377
2015/07/06 15:30:00,1025.975,17.377
2015/07/06 15:40:00,1026.150,17.377
2015/07/06 15:50:00,1026.150,17.377
2015/07/06 16:00:00,1026.325,17.377
2015/07/06 16:10:00,1026.325,17.377
2015/07/06 16:20:00,1026.150,17.377
2015/07/06 16:30:00,1026.150,17.383
2015/07/06 16:40:00,1026.325,17.383
2015/07/06 16:50:00,1026.325,17.383
2015/07/06 17:00:00,1026.558,17.383
2015/07/06 17:10:00,1026.558,17.383
2015/07/06 17:20:00,1026.558,17.383
2015/07/06 17:30:00,1026.733,17.383
2015/07/06 17:40:00,1026.558,17.383
2015/07/06 17:50:00,1026.733,17.383
2015/07/06 18:00:00,1026.733,17.383
2015/07/06 18:10:00,1026.908,17.383
2015/07/06 18:20:00,1026.908,17.383
2015/07/06 18:30:00,1027.083,17.383
2015/07/06 18:40:00,1027.317,17.383
2015/07/06 18:50:00,1027.083,17.383
2015/07/06 19:00:00,1027.317,17.383
2015/07/06 19:10:00,1027.317,17.383
2015/07/06 19:20:00,1027.667,17.383
2015/07/06 19:30:00,1027.317,17.390
2015/07/06 19:40:00,1027.317,17.390
2015/07/06 19:50:00,1027.317,17.390
2015/07/06 20:00:00,1027.142,17.390
2015/07/06 20:10:00,1027.317,17.390
2015/07/06 20:20:00,1027.317,17.390
2015/07/06 20:30:00,1027.317,17.390
2015/07/06 20:40:00,1027.317,17.390
2015/07/06 20:50:00,1027.317,17.390
2015/07/06 21:00:00,1027.550,17.390
2015/07/06 21:10:00,1027.550,17.390
2015/07/06 21:20:00,1027.725,17.390
2015/07/06 21:30:00,1027.725,17.390
2015/07/06 21:40:00,1027.900,17.390
2015/07/06 21:50:00,1028.308,17.390
2015/07/06 22:00:00,1028.308,17.390
2015/07/06 22:10:00,1028.308,17.397
2015/07/06 22:20:00,1028.658,17.390
2015/07/06 22:30:00,1028.658,17.390
2015/07/06 22:40:00,1028.892,17.390
2015/07/06 22:50:00,1028.658,17.390
2015/07/06 23:00:00,1028.658,17.397
2015/07/06 23:10:00,1028.658,17.390
2015/07/06 23:20:00,1028.658,17.397
2015/07/06 23:30:00,1028.892,17.397
2015/07/06 23:40:00,1028.658,17.397
2015/07/06 23:50:00,1028.658,17.397
2015/07/07 00:00:00,1028.892,17.397
2015/07/07 00:10:00,1029.242,17.397
2015/07/07 00:20:00,1029.067,17.397
2015/07/07 00:30:00,1028.892,17.397
2015/07/07 00:40:00,1028.658,17.397
2015/07/07 00:50:00,1028.892,17.397
2015/07/07 01:00:00,1028.658,17.397
2015/07/07 01:10:00,1028.892,17.397
2015/07/07 01:20:00,1029.067,17.397
2015/07/07 01:30:00,1028.892,17.397
2015/07/07 01:40:00,1028.483,17.397
2015/07/07 01:50:00,1028.892,17.397
2015/07/07 02:00:00,1028.892,17.397
2015/07/07 02:10:00,1029.008,17.403
2015/07/07 02:20:00,1028.892,17.397
2015/07/07 02:30:00,1028.892,17.397
2015/07/07 02:40:00,1029.008,17.403
2015/07/07 02:50:00,1029.417,17.403
2015/07/07 03:00:00,1029.183,17.403
2015/07/07 03:10:00,1029.417,17.403
2015/07/07 03:20:00,1029.592,17.403
2015/07/07 03:30:00,1029.767,17.403
2015/07/07 03:40:00,1029.592,17.403
2015/07/07 03:50:00,1029.592,17.403
2015/07/07 04:00:00,1029.767,17.403
2015/07/07 04:10:00,1029.767,17.403
2015/07/07 04:20:00,1030.000,17.403
2015/07/07 04:30:00,1030.525,17.403
2015/07/07 04:40:00,1030.758,17.403
2015/07/07 04:50:00,1030.525,17.403
2015/07/07 05:00:00,1030.525,17.403
2015/07/07 05:10:00,1030.525,17.403
2015/07/07 05:20:00,1030.758,17.403
2015/07/07 05:30:00,1030.758,17.403
2015/07/07 05:40:00,1030.758,17.403
2015/07/07 05:50:00,1030.933,17.410
2015/07/07 06:00:00,1030.933,17.403
2015/07/07 06:10:00,1031.108,17.410
2015/07/07 06:20:00,1031.108,17.410
2015/07/07 06:30:00,1031.283,17.410
2015/07/07 06:40:00,1030.933,17.410
2015/07/07 06:50:00,1031.108,17.410
2015/07/07 07:00:00,1031.283,17.410
2015/07/07 07:10:00,1031.283,17.410
2015/07/07 07:20:00,1031.517,17.410
2015/07/07 07:30:00,1031.692,17.410
2015/07/07 07:40:00,1031.692,17.410
2015/07/07 07:50:00,1031.517,17.417
2015/07/07 08:00:00,1031.867,17.410
2015/07/07 08:10:00,1031.692,17.410
2015/07/07 08:20:00,1031.867,17.410
2015/07/07 08:30:00,1031.925,17.417
2015/07/07 08:40:00,1032.042,17.410
2015/07/07 08:50:00,1031.750,17.417
2015/07/07 09:00:00,1031.925,17.417
2015/07/07 09:10:00,1031.517,17.417
2015/07/07 09:20:00,1031.925,17.417
2015/07/07 09:30:00,1031.925,17.417
2015/07/07 09:40:00,1031.750,17.417
2015/07/07 09:50:00,1031.750,17.417
2015/07/07 10:00:00,1031.750,17.417
2015/07/07 10:10:00,1031.342,17.417
2015/07/07 10:20:00,1031.342,17.417
2015/07/07 10:30:00,1031.517,17.417
2015/07/07 10:40:00,1031.342,17.417
2015/07/07 10:50:00,1031.517,17.417
2015/07/07 11:00:00,1031.342,17.417
2015/07/07 11:10:00,1031.517,17.417
2015/07/07 11:20:00,1031.692,17.423
2015/07/07 11:30:00,1031.283,17.423
2015/07/07 11:40:00,1031.283,17.423
2015/07/07 11:50:00,1031.517,17.423
2015/07/07 12:00:00,1031.283,17.423
2015/07/07 12:10:00,1031.108,17.423
2015/07/07 12:20:00,1030.933,17.423
2015/07/07 12:30:00,1030.933,17.423
2015/07/07 12:40:00,1030.758,17.423
2015/07/07 12:50:00,1030.933,17.423
2015/07/07 13:00:00,1030.758,17.423
2015/07/07 13:10:00,1030.350,17.423
2015/07/07 13:20:00,1030.175,17.423
2015/07/07 13:30:00,1030.175,17.423
2015/07/07 13:40:00,1030.175,17.423
2015/07/07 13:50:00,1030.000,17.423
2015/07/07 14:00:00,1030.000,17.430
2015/07/07 14:10:00,1030.000,17.423
2015/07/07 14:20:00,1029.767,17.430
2015/07/07 14:30:00,1030.000,17.430
2015/07/07 14:40:00,1029.592,17.430
2015/07/07 14:50:00,1029.592,17.430
2015/07/07 15:00:00,1029.592,17.430
2015/07/07 15:10:00,1029.592,17.430
2015/07/07 15:20:00,1029.417,17.430
2015/07/07 15:30:00,1029.417,17.430
2015/07/07 15:40:00,1029.417,17.430
2015/07/07 15:50:00,1029.417,17.430
2015/07/07 16:00:00,1029.008,17.430
2015/07/07 16:10:00,1029.183,17.430
2015/07/07 16:20:00,1029.067,17.437
2015/07/07 16:30:00,1029.183,17.430
2015/07/07 16:40:00,1028.833,17.430
2015/07/07 16:50:00,1029.067,17.437
2015/07/07 17:00:00,1029.008,17.430
2015/07/07 17:10:00,1028.658,17.437
2015/07/07 17:20:00,1028.658,17.437
2015/07/07 17:30:00,1028.483,17.437
2015/07/07 17:40:00,1028.308,17.437
2015/07/07 17:50:00,1028.308,17.437
2015/07/07 18:00:00,1028.308,17.437
2015/07/07 18:10:00,1028.075,17.437
2015/07/07 18:20:00,1028.075,17.437
2015/07/07 18:30:00,1028.308,17.437
2015/07/07 18:40:00,1028.075,17.437
2015/07/07 18:50:00,1028.308,17.437
2015/07/07 19:00:00,1028.308,17.437
2015/07/07 19:10:00,1028.075,17.437
2015/07/07 19:20:00,1028.075,17.437
2015/07/07 19:30:00,1028.075,17.437
2015/07/07 19:40:00,1028.075,17.437
2015/07/07 19:50:00,1028.075,17.437
2015/07/07 20:00:00,1028.075,17.437
2015/07/07 20:10:00,1028.308,17.437
2015/07/07 20:20:00,1028.075,17.443
2015/07/07 20:30:00,1028.308,17.443
2015/07/07 20:40:00,1028.308,17.443
2015/07/07 20:50:00,1028.075,17.437
2015/07/07 21:00:00,1028.308,17.443
2015/07/07 21:10:00,1028.483,17.437
2015/07/07 21:20:00,1028.658,17.443
2015/07/07 21:30:00,1028.658,17.443
2015/07/07 21:40:00,1028.658,17.443
2015/07/07 21:50:00,1028.892,17.443
2015/07/07 22:00:00,1029.067,17.443
2015/07/07 22:10:00,1029.067,17.443
2015/07/07 22:20:00,1028.892,17.443
2015/07/07 22:30:00,1028.892,17.443
2015/07/07 22:40:00,1028.892,17.443
2015/07/07 22:50:00,1028.892,17.443
2015/07/07 23:00:00,1028.892,17.443
2015/07/07 23:10:00,1028.658,17.443
2015/07/07 23:20:00,1028.658,17.443
2015/07/07 23:30:00,1029.067,17.443
2015/07/07 23:40:00,1029.067,17.443
2015/07/07 23:50:00,1029.067,17.443
2015/07/08 00:00:00,1028.658,17.443
2015/07/08 00:10:00,1028.658,17.443
2015/07/08 00:20:00,1028.892,17.443
2015/07/08 00:30:00,1028.892,17.443
2015/07/08 00:40:00,1028.658,17.443
2015/07/08 00:50:00,1028.658,17.443
2015/07/08 01:00:00,1028.658,17.443
2015/07/08 01:10:00,1028.658,17.443
2015/07/08 01:20:00,1028.658,17.443
2015/07/08 01:30:00,1028.658,17.443
2015/07/08 01:40:00,1028.658,17.443
2015/07/08 01:50:00,1028.658,17.443
2015/07/08 02:00:00,1028.308,17.443
2015/07/08 02:10:00,1028.308,17.443
2015/07/08 02:20:00,1028.483,17.443
2015/07/08 02:30:00,1028.892,17.443
2015/07/08 02:40:00,1028.892,17.443
2015/07/08 02:50:00,1028.892,17.443
2015/07/08 03:00:00,1028.658,17.443
2015/07/08 03:10:00,1028.483,17.443
2015/07/08 03:20:00,1028.658,17.443
2015/07/08 03:30:00,1028.483,17.443
2015/07/08 03:40:00,1028.658,17.443
2015/07/08 03:50:00,1028.483,17.443
2015/07/08 04:00:00,1028.308,17.443
2015/07/08 04:10:00,1028.308,17.443
2015/07/08 04:20:00,1028.483,17.443
2015/07/08 04:30:00,1028.483,17.443
2015/07/08 04:40:00,1028.308,17.443
2015/07/08 04:50:00,1028.075,17.443
2015/07/08 05:00:00,1028.308,17.443
2015/07/08 05:10:00,1028.308,17.443
2015/07/08 05:20:00,1028.483,17.443
2015/07/08 05:30:00,1028.483,17.443
2015/07/08 05:40:00,1028.658,17.443
2015/07/08 05:50:00,1028.892,17.443
2015/07/08 06:00:00,1028.658,17.443
2015/07/08 06:10:00,1028.658,17.443
2015/07/08 06:20:00,1028.892,17.443
2015/07/08 06:30:00,1028.892,17.443
2015/07/08 06:40:00,1028.658,17.443
2015/07/08 06:50:00,1028.833,17.450
2015/07/08 07:00:00,1028.658,17.450
2015/07/08 07:10:00,1028.658,17.450
2015/07/08 07:20:00,1028.833,17.450
2015/07/08 07:30:00,1028.833,17.450
2015/07/08 07:40:00,1029.008,17.450
2015/07/08 07:50:00,1028.833,17.450
2015/07/08 08:00:00,1028.658,17.450
2015/07/08 08:10:00,1028.658,17.450
2015/07/08 08:20:00,1028.833,17.450
2015/07/08 08:30:00,1028.833,17.450
2015/07/08 08:40:00,1028.658,17.450
2015/07/08 08:50:00,1028.658,17.450
2015/07/08 09:00:00,1028.425,17.450
2015/07/08 09:10:00,1028.250,17.450
2015/07/08 09:20:00,1028.075,17.450
2015/07/08 09:30:00,1028.075,17.450
2015/07/08 09:40:00,1027.900,17.450
2015/07/08 09:50:00,1027.667,17.450
2015/07/08 10:00:00,1027.492,17.450
2015/07/08 10:10:00,1027.492,17.450
2015/07/08 10:20:00,1027.492,17.450
2015/07/08 10:30:00,1027.492,17.450
2015/07/08 10:40:00,1027.317,17.450
2015/07/08 10:50:00,1027.083,17.450
2015/07/08 11:00:00,1027.083,17.450
2015/07/08 11:10:00,1027.083,17.450
2015/07/08 11:20:00,1027.083,17.450
2015/07/08 11:30:00,1026.908,17.450
2015/07/08 11:40:00,1026.558,17.450
2015/07/08 11:50:00,1026.325,17.450
2015/07/08 12:00:00,1026.325,17.450
2015/07/08 12:10:00,1026.325,17.450
2015/07/08 12:20:00,1026.325,17.450
2015/07/08 12:30:00,1025.975,17.450
2015/07/08 12:40:00,1025.975,17.450
2015/07/08 12:50:00,1026.150,17.450
2015/07/08 13:00:00,1025.800,17.450
2015/07/08 13:10:00,1025.567,17.450
2015/07/08 13:20:00,1025.567,17.450
2015/07/08 13:30:00,1025.217,17.450
2015/07/08 13:40:00,1025.217,17.450
2015/07/08 13:50:00,1025.392,17.450
2015/07/08 14:00:00,1025.217,17.450
2015/07/08 14:10:00,1024.983,17.450
2015/07/08 14:20:00,1024.983,17.450
2015/07/08 14:30:00,1024.983,17.450
2015/07/08 14:40:00,1024.808,17.450
2015/07/08 14:50:00,1024.633,17.450
2015/07/08 15:00:00,1024.633,17.450
2015/07/08 15:10:00,1024.633,17.450
2015/07/08 15:20:00,1024.458,17.450
2015/07/08 15:30:00,1024.633,17.450
2015/07/08 15:40:00,1024.808,17.450
2015/07/08 15:50:00,1024.633,17.450
2015/07/08 16:00:00,1024.458,17.450
2015/07/08 16:10:00,1024.633,17.450
2015/07/08 16:20:00,1024.458,17.450
2015/07/08 16:30:00,1024.458,17.450
2015/07/08 16:40:00,1024.225,17.450
2015/07/08 16:50:00,1024.225,17.450
2015/07/08 17:00:00,1024.225,17.450
2015/07/08 17:10:00,1024.225,17.450
2015/07/08 17:20:00,1024.225,17.450
2015/07/08 17:30:00,1024.225,17.450
2015/07/08 17:40:00,1024.225,17.450
2015/07/08 17:50:00,1024.050,17.450
2015/07/08 18:00:00,1023.875,17.450
2015/07/08 18:10:00,1023.875,17.450
2015/07/08 18:20:00,1023.875,17.450
2015/07/08 18:30:00,1023.700,17.450
2015/07/08 18:40:00,1023.700,17.450
2015/07/08 18:50:00,1023.467,17.450
2015/07/08 19:00:00,1023.467,17.450
2015/07/08 19:10:00,1023.700,17.450
2015/07/08 19:20:00,1023.467,17.450
2015/07/08 19:30:00,1023.875,17.450
2015/07/08 19:40:00,1023.875,17.450
2015/07/08 19:50:00,1023.875,17.450
2015/07/08 20:00:00,1023.700,17.450
2015/07/08 20:10:00,1023.700,17.450
2015/07/08 20:20:00,1023.700,17.450
2015/07/08 20:30:00,1023.700,17.450
2015/07/08 20:40:00,1023.467,17.450
2015/07/08 20:50:00,1023.467,17.450
2015/07/08 21:00:00,1023.700,17.450
2015/07/08 21:10:00,1023.875,17.450
2015/07/08 21:20:00,1023.875,17.450
2015/07/08 21:30:00,1023.700,17.450
2015/07/08 21:40:00,1024.050,17.450
2015/07/08 21:50:00,1024.050,17.450
2015/07/08 22:00:00,1024.050,17.450
2015/07/08 22:10:00,1024.050,17.450
2015/07/08 22:20:00,1023.700,17.443
2015/07/08 22:30:00,1024.050,17.450
2015/07/08 22:40:00,1024.108,17.443
2015/07/08 22:50:00,1023.875,17.450
2015/07/08 23:00:00,1023.933,17.443
2015/07/08 23:10:00,1023.700,17.443
2015/07/08 23:20:00,1024.050,17.450
2015/07/08 23:30:00,1023.700,17.443
2015/07/08 23:40:00,1023.875,17.450
2015/07/08 23:50:00,1023.875,17.450
2015/07/09 00:00:00,1023.875,17.450
2015/07/09 00:10:00,1024.108,17.443
2015/07/09 00:20:00,1024.225,17.450
2015/07/09 00:30:00,1023.933,17.443
2015/07/09 00:40:00,1024.050,17.450
2015/07/09 00:50:00,1024.225,17.450
2015/07/09 01:00:00,1023.700,17.443
2015/07/09 01:10:00,1023.700,17.443
2015/07/09 01:20:00,1023.700,17.443
2015/07/09 01:30:00,1023.875,17.450
2015/07/09 01:40:00,1023.700,17.450
2015/07/09 01:50:00,1023.875,17.450
2015/07/09 02:00:00,1023.350,17.443
2015/07/09 02:10:00,1023.700,17.443
2015/07/09 02:20:00,1023.700,17.443
2015/07/09 02:30:00,1023.933,17.443
2015/07/09 02:40:00,1023.933,17.443
2015/07/09 02:50:00,1024.050,17.450
2015/07/09 03:00:00,1024.108,17.443
2015/07/09 03:10:00,1023.875,17.450
2015/07/09 03:20:00,1023.933,17.443
2015/07/09 03:30:00,1023.933,17.443
2015/07/09 03:40:00,1023.933,17.443
2015/07/09 03:50:00,1023.875,17.450
2015/07/09 04:00:00,1023.875,17.450
2015/07/09 04:10:00,1023.700,17.443
2015/07/09 04:20:00,1024.050,17.450
2015/07/09 04:30:00,1023.875,17.450
2015/07/09 04:40:00,1023.525,17.443
2015/07/09 04:50:00,1023.525,17.443
2015/07/09 05:00:00,1023.700,17.443
2015/07/09 05:10:00,1023.700,17.443
2015/07/09 05:20:00,1023.700,17.443
2015/07/09 05:30:00,1023.700,17.443
2015/07/09 05:40:00,1023.933,17.443
2015/07/09 05:50:00,1024.108,17.443
2015/07/09 06:00:00,1024.108,17.443
2015/07/09 06:10:00,1024.108,17.443
2015/07/09 06:20:00,1024.283,17.443
2015/07/09 06:30:00,1024.283,17.443
2015/07/09 06:40:00,1024.108,17.443
2015/07/09 06:50:00,1024.458,17.443
2015/07/09 07:00:00,1024.458,17.443
2015/07/09 07:10:00,1024.283,17.443
2015/07/09 07:20:00,1024.283,17.443
2015/07/09 07:30:00,1024.283,17.443
2015/07/09 07:40:00,1024.283,17.443
2015/07/09 07:50:00,1024.283,17.443
2015/07/09 08:00:00,1024.458,17.443
2015/07/09 08:10:00,1024.283,17.443
2015/07/09 08:20:00,1024.283,17.443
2015/07/09 08:30:00,1024.458,17.450
2015/07/09 08:40:00,1024.458,17.443
2015/07/09 08:50:00,1024.458,17.450
2015/07/09 09:00:00,1024.692,17.443
2015/07/09 09:10:00,1024.692,17.443
2015/07/09 09:20:00,1024.458,17.443
2015/07/09 09:30:00,1024.458,17.443
2015/07/09 09:40:00,1024.692,17.443
2015/07/09 09:50:00,1024.692,17.443
2015/07/09 10:00:00,1024.458,17.443
2015/07/09 10:10:00,1024.458,17.443
2015/07/09 10:20:00,1024.283,17.443
2015/07/09 10:30:00,1024.458,17.443
2015/07/09 10:40:00,1024.283,17.443
2015/07/09 10:50:00,1024.108,17.443
2015/07/09 11:00:00,1024.108,17.443
2015/07/09 11:10:00,1024.283,17.443
2015/07/09 11:20:00,1023.933,17.443
2015/07/09 11:30:00,1024.108,17.443
2015/07/09 11:40:00,1024.108,17.443
2015/07/09 11:50:00,1023.700,17.443
2015/07/09 12:00:00,1023.933,17.443
2015/07/09 12:10:00,1023.700,17.443
2015/07/09 12:20:00,1023.700,17.443
2015/07/09 12:30:00,1023.700,17.443
2015/07/09 12:40:00,1023.525,17.443
2015/07/09 12:50:00,1023.525,17.443
2015/07/09 13:00:00,1023.700,17.443
2015/07/09 13:10:00,1023.350,17.443
2015/07/09 13:20:00,1023.350,17.443
2015/07/09 13:30:00,1023.350,17.443
2015/07/09 13:40:00,1023.175,17.443
2015/07/09 13:50:00,1023.175,17.443
2015/07/09 14:00:00,1022.942,17.443
2015/07/09 14:10:00,1022.592,17.443
2015/07/09 14:20:00,1022.767,17.443
2015/07/09 14:30:00,1022.592,17.443
2015/07/09 14:40:00,1022.767,17.443
2015/07/09 14:50:00,1022.592,17.443
2015/07/09 15:00:00,1022.592,17.443
2015/07/09 15:10:00,1022.358,17.443
2015/07/09 15:20:00,1022.358,17.443
2015/07/09 15:30:00,980.942,21.300
2015/07/09 15:40:00,980.883,23.567
2015/07/09 15:50:00,980.883,25.643
2015/07/09 16:00:00,980.592,30.923
2015/07/09 16:10:00,980.592,32.563
2015/07/09 16:20:00,980.417,33.483
2015/07/09 16:30:00,980.708,34.340
2015/07/09 16:40:00,980.650,35.203
2015/07/09 16:50:00,980.300,36.023
2015/07/09 17:00:00,980.242,35.833
2015/07/09 17:10:00,980.650,35.223
2015/07/09 17:20:00,980.067,34.683
2015/07/09 17:30:00,980.183,34.173
2015/07/09 17:40:00,980.242,33.753
2015/07/09 17:50:00,980.300,33.537
2015/07/09 18:00:00,980.125,33.397
2015/07/09 18:10:00,980.300,32.870
2015/07/09 18:20:00,980.183,32.393
2015/07/09 18:30:00,980.358,31.927
2015/07/09 18:40:00,980.183,31.357
2015/07/09 18:50:00,980.300,30.740
2015/07/09 19:00:00,980.183,30.060
2015/07/09 19:10:00,980.183,29.473
2015/07/09 19:20:00,980.242,28.607
2015/07/09 19:30:00,980.183,28.007
2015/07/09 19:40:00,980.242,27.590
2015/07/09 19:50:00,980.242,26.883
2015/07/09 20:00:00,979.892,26.207
2015/07/09 20:10:00,980.242,25.603
2015/07/09 20:20:00,981.292,24.827
2015/07/09 20:30:00,980.125,24.150
2015/07/09 20:40:00,980.125,23.440
2015/07/09 20:50:00,978.025,22.547
2015/07/09 21:00:00,978.083,22.303
2015/07/09 21:10:00,978.200,22.093
2015/07/09 21:20:00,978.200,21.907
2015/07/09 21:30:00,978.433,21.740
2015/07/09 21:40:00,979.250,21.287
2015/07/09 21:50:00,978.258,21.070
2015/07/09 22:00:00,978.492,21.593
2015/07/09 22:10:00,978.667,21.613
2015/07/09 22:20:00,978.842,21.823
