2015/06/09 11:00:00,1054.300,11.340
2015/06/09 11:15:00,1054.050,11.137
2015/06/09 11:30:00,1053.700,10.983
2015/06/09 11:45:00,1053.250,10.847
2015/06/09 12:00:00,1053.000,10.747
2015/06/09 12:15:00,1052.825,10.653
2015/06/09 12:30:00,1052.550,10.577
2015/06/09 12:45:00,1052.325,10.510
2015/06/09 13:00:00,1052.650,10.457
2015/06/09 13:15:00,1052.250,10.403
2015/06/09 13:30:00,1051.900,10.357
2015/06/09 13:45:00,1051.850,10.317
2015/06/09 14:00:00,1051.800,10.280
2015/06/09 14:15:00,1051.100,10.247
2015/06/09 14:30:00,1050.925,10.220
2015/06/09 14:45:00,1050.925,10.193
2015/06/09 15:00:00,1050.750,10.167
2015/06/09 15:15:00,1050.750,10.147
2015/06/09 15:30:00,1050.575,10.120
2015/06/09 15:45:00,1050.225,10.107
2015/06/09 16:00:00,1049.875,10.087
2015/06/09 16:15:00,1049.875,10.073
2015/06/09 16:30:00,1049.700,10.053
2015/06/09 16:45:00,1049.525,10.047
2015/06/09 17:00:00,1049.350,10.027
2015/06/09 17:15:00,1049.350,10.020
2015/06/09 17:30:00,1049.175,10.007
2015/06/09 17:45:00,1048.825,10.000
2015/06/09 18:00:00,1048.300,10.000
2015/06/09 18:15:00,1048.300,9.983
2015/06/09 18:30:00,1047.950,9.970
2015/06/09 18:45:00,1047.600,9.957
2015/06/09 19:00:00,1047.425,9.957
2015/06/09 19:15:00,1047.075,9.950
2015/06/09 19:30:00,1047.075,9.943
2015/06/09 19:45:00,1047.425,9.937
2015/06/09 20:00:00,1048.125,9.937
2015/06/09 20:15:00,1048.125,9.950
2015/06/09 20:30:00,1048.475,9.943
2015/06/09 20:45:00,1048.650,9.937
2015/06/09 21:00:00,1048.650,9.930
2015/06/09 21:15:00,1048.825,9.923
2015/06/09 21:30:00,1049.175,9.923
2015/06/09 21:45:00,1049.350,9.923
2015/06/09 22:00:00,1049.700,9.923
2015/06/09 22:15:00,1050.050,9.910
2015/06/09 22:30:00,1050.225,9.903
2015/06/09 22:45:00,1050.400,9.910
2015/06/09 23:00:00,1050.400,9.903
2015/06/09 23:15:00,1050.750,9.903
2015/06/09 23:30:00,1050.925,9.887
2015/06/09 23:45:00,1051.100,9.880
2015/06/10 00:00:00,1051.275,9.880
2015/06/10 00:15:00,1051.450,9.880
2015/06/10 00:30:00,1051.450,9.880
2015/06/10 00:45:00,1051.625,9.873
2015/06/10 01:00:00,1051.625,9.873
2015/06/10 01:15:00,1051.800,9.867
2015/06/10 01:30:00,1051.800,9.873
2015/06/10 01:45:00,1051.975,9.800
2015/06/10 02:00:00,1052.150,9.800
2015/06/10 02:15:00,1052.150,9.790
2015/06/10 02:30:00,1052.150,9.783
2015/06/10 02:45:00,1052.500,9.783
2015/06/10 03:00:00,1052.500,9.783
2015/06/10 03:15:00,1052.500,9.783
2015/06/10 03:30:00,1052.825,9.777
2015/06/10 03:45:00,1053.000,9.777
2015/06/10 04:00:00,1053.175,9.777
2015/06/10 04:15:00,1053.350,9.777
2015/06/10 04:30:00,1053.525,9.783
2015/06/10 04:45:00,1053.700,9.790
2015/06/10 05:00:00,1053.700,9.783
2015/06/10 05:15:00,1053.700,9.777
2015/06/10 05:30:00,1054.050,9.783
2015/06/10 05:45:00,1054.225,9.783
2015/06/10 06:00:00,1054.400,9.790
2015/06/10 06:15:00,1054.575,9.800
2015/06/10 06:30:00,1054.750,9.800
2015/06/10 06:45:00,1054.925,9.840
2015/06/10 07:00:00,1054.925,9.867
2015/06/10 07:15:00,1055.225,9.860
2015/06/10 07:30:00,1055.400,9.860
2015/06/10 07:45:00,1055.625,9.873
2015/06/10 08:00:00,1055.800,9.867
2015/06/10 08:15:00,1056.150,9.873
2015/06/10 08:30:00,1056.150,9.880
2015/06/10 08:45:00,1056.325,9.827
2015/06/10 09:00:00,1056.150,9.893
2015/06/10 09:15:00,1055.975,9.880
2015/06/10 09:30:00,1055.975,9.873
2015/06/10 09:45:00,1056.150,9.820
2015/06/10 10:00:00,1056.150,9.880
2015/06/10 10:15:00,1056.150,9.867
2015/06/10 10:30:00,1056.325,9.880
2015/06/10 10:45:00,1056.600,9.813
2015/06/10 11:00:00,1056.675,9.827
2015/06/10 11:15:00,1056.675,9.833
2015/06/10 11:30:00,1056.675,9.833
2015/06/10 11:45:00,1056.675,9.847
2015/06/10 12:00:00,1056.850,9.923
2015/06/10 12:15:00,1057.025,9.847
2015/06/10 12:30:00,1057.025,9.853
2015/06/10 12:45:00,1057.025,9.903
2015/06/10 13:00:00,1056.850,9.853
2015/06/10 13:15:00,1056.950,9.860
2015/06/10 13:30:00,1056.675,9.937
2015/06/10 13:45:00,1056.675,9.937
2015/06/10 14:00:00,1056.675,9.937
2015/06/10 14:15:00,1056.850,9.930
2015/06/10 14:30:00,1056.500,9.930
2015/06/10 14:45:00,1056.500,9.937
2015/06/10 15:00:00,1056.500,9.853
2015/06/10 15:15:00,1056.325,9.930
2015/06/10 15:30:00,1056.150,9.923
2015/06/10 15:45:00,1056.150,9.937
2015/06/10 16:00:00,1056.325,9.943
2015/06/10 16:15:00,1056.325,9.867
2015/06/10 16:30:00,1056.325,9.937
2015/06/10 16:45:00,1055.975,9.853
2015/06/10 17:00:00,1055.975,9.930
2015/06/10 17:15:00,1055.975,9.930
2015/06/10 17:30:00,1055.800,9.930
2015/06/10 17:45:00,1055.975,9.853
2015/06/10 18:00:00,1055.800,9.867
2015/06/10 18:15:00,1055.975,9.867
2015/06/10 18:30:00,1055.975,9.867
2015/06/10 18:45:00,1055.975,9.867
2015/06/10 19:00:00,1056.325,9.957
2015/06/10 19:15:00,1056.150,9.957
2015/06/10 19:30:00,1056.325,9.887
2015/06/10 19:45:00,1056.325,9.887
2015/06/10 20:00:00,1056.325,9.887
2015/06/10 20:15:00,1056.325,9.893
2015/06/10 20:30:00,1056.675,9.887
2015/06/10 20:45:00,1056.675,9.957
2015/06/10 21:00:00,1056.500,9.880
2015/06/10 21:15:00,1056.500,9.957
2015/06/10 21:30:00,1056.850,9.963
2015/06/10 21:45:00,1056.850,9.963
2015/06/10 22:00:00,1057.025,9.937
2015/06/10 22:15:00,1057.025,9.957
2015/06/10 22:30:00,1057.200,9.970
2015/06/10 22:45:00,1057.375,9.970
2015/06/10 23:00:00,1057.550,9.963
2015/06/10 23:15:00,1057.900,9.950
2015/06/10 23:30:00,1057.725,9.963
2015/06/10 23:45:00,1057.900,9.970
2015/06/11 00:00:00,1057.900,9.970
2015/06/11 00:15:00,1057.900,9.963
2015/06/11 00:30:00,1057.900,9.963
2015/06/11 00:45:00,1057.725,9.970
2015/06/11 01:00:00,1057.725,9.977
2015/06/11 01:15:00,1058.075,9.950
2015/06/11 01:30:00,1058.425,9.943
2015/06/11 01:45:00,1058.950,9.950
2015/06/11 02:00:00,1059.125,9.963
2015/06/11 02:15:00,1059.300,9.963
2015/06/11 02:30:00,1059.475,9.977
2015/06/11 02:45:00,1059.300,10.000
2015/06/11 03:00:00,1059.825,9.930
2015/06/11 03:15:00,1060.150,9.990
2015/06/11 03:30:00,1060.000,10.000
2015/06/11 03:45:00,1060.150,10.007
2015/06/11 04:00:00,1060.000,10.007
2015/06/11 04:15:00,1060.150,10.013
2015/06/11 04:30:00,1060.500,10.007
2015/06/11 04:45:00,1060.500,10.000
2015/06/11 05:00:00,1060.850,9.990
2015/06/11 05:15:00,1061.025,9.977
2015/06/11 05:30:00,1061.375,9.917
2015/06/11 05:45:00,1061.550,10.013
2015/06/11 06:00:00,1061.725,9.977
2015/06/11 06:15:00,1062.075,10.033
2015/06/11 06:30:00,1062.075,10.040
2015/06/11 06:45:00,1061.900,10.040
2015/06/11 07:00:00,1061.900,10.040
2015/06/11 07:15:00,1061.900,10.033
2015/06/11 07:30:00,1061.900,10.040
2015/06/11 07:45:00,1062.075,10.040
2015/06/11 08:00:00,1062.425,10.060
2015/06/11 08:15:00,1062.600,10.053
2015/06/11 08:30:00,1062.600,10.067
2015/06/11 08:45:00,1062.775,10.067
2015/06/11 09:00:00,1062.600,10.073
2015/06/11 09:15:00,1062.600,10.073
2015/06/11 09:30:00,1062.425,10.073
2015/06/11 09:45:00,1062.425,10.073
2015/06/11 10:00:00,1062.425,9.990
2015/06/11 10:15:00,1062.075,10.007
2015/06/11 10:30:00,1062.075,10.000
2015/06/11 10:45:00,1061.900,10.020
2015/06/11 11:00:00,1061.550,10.040
2015/06/11 11:15:00,1061.200,10.047
2015/06/11 11:30:00,1060.675,10.047
2015/06/11 11:45:00,1060.500,10.053
2015/06/11 12:00:00,1060.150,10.053
2015/06/11 12:15:00,1059.825,10.047
2015/06/11 12:30:00,1059.650,10.060
2015/06/11 12:45:00,1059.300,10.060
2015/06/11 13:00:00,1058.950,10.067
2015/06/11 13:15:00,1058.425,10.067
2015/06/11 13:30:00,1058.075,10.073
2015/06/11 13:45:00,1057.375,10.087
2015/06/11 14:00:00,1057.025,10.087
2015/06/11 14:15:00,1056.850,10.087
2015/06/11 14:30:00,1056.500,10.093
2015/06/11 14:45:00,1056.150,10.107
2015/06/11 15:00:00,1055.800,10.113
2015/06/11 15:15:00,1055.275,10.113
2015/06/11 15:30:00,1055.100,10.113
2015/06/11 15:45:00,1054.750,10.120
2015/06/11 16:00:00,1054.400,10.193
2015/06/11 16:15:00,1053.875,10.200
2015/06/11 16:30:00,1053.525,10.133
2015/06/11 16:45:00,1053.350,10.133
2015/06/11 17:00:00,1053.000,10.140
2015/06/11 17:15:00,1052.825,10.140
2015/06/11 17:30:00,1052.650,10.140
2015/06/11 17:45:00,1052.500,10.140
2015/06/11 18:00:00,1052.325,10.140
2015/06/11 18:15:00,1052.150,10.140
2015/06/11 18:30:00,1051.975,10.140
2015/06/11 18:45:00,1051.625,10.147
2015/06/11 19:00:00,1051.450,10.147
2015/06/11 19:15:00,1051.275,10.133
2015/06/11 19:30:00,1051.275,10.133
2015/06/11 19:45:00,1051.100,10.133
2015/06/11 20:00:00,1050.925,10.133
2015/06/11 20:15:00,1051.100,10.127
2015/06/11 20:30:00,1051.100,10.127
2015/06/11 20:45:00,1051.100,10.127
2015/06/11 21:00:00,1050.925,10.127
2015/06/11 21:15:00,1051.100,10.127
2015/06/11 21:30:00,1051.450,10.127
2015/06/11 21:45:00,1051.450,10.127
2015/06/11 22:00:00,1051.625,10.133
2015/06/11 22:15:00,1051.625,10.140
2015/06/11 22:30:00,1051.450,10.140
2015/06/11 22:45:00,1051.450,10.147
2015/06/11 23:00:00,1051.450,10.147
2015/06/11 23:15:00,1051.625,10.147
2015/06/11 23:30:00,1051.975,10.140
2015/06/11 23:45:00,1051.975,10.133
2015/06/12 00:00:00,1052.150,10.140
2015/06/12 00:15:00,1052.325,10.147
2015/06/12 00:30:00,1052.500,10.133
2015/06/12 00:45:00,1052.825,10.127
2015/06/12 01:00:00,1053.000,10.133
2015/06/12 01:15:00,1053.175,10.127
2015/06/12 01:30:00,1053.175,10.140
2015/06/12 01:45:00,1053.525,10.133
2015/06/12 02:00:00,1053.700,10.140
2015/06/12 02:15:00,1053.700,10.140
2015/06/12 02:30:00,1053.700,10.140
2015/06/12 02:45:00,1053.875,10.140
2015/06/12 03:00:00,1053.875,10.153
2015/06/12 03:15:00,1054.050,10.160
2015/06/12 03:30:00,1054.050,10.167
2015/06/12 03:45:00,1054.050,10.233
2015/06/12 04:00:00,1053.875,10.160
2015/06/12 04:15:00,1053.875,10.167
2015/06/12 04:30:00,1053.875,10.180
2015/06/12 04:45:00,1053.875,10.180
2015/06/12 05:00:00,1053.875,10.187
2015/06/12 05:15:00,1053.875,10.200
2015/06/12 05:30:00,1054.050,10.200
2015/06/12 05:45:00,1053.825,10.207
2015/06/12 06:00:00,1053.650,10.207
2015/06/12 06:15:00,1053.875,10.213
2015/06/12 06:30:00,1053.875,10.273
2015/06/12 06:45:00,1053.700,10.280
2015/06/12 07:00:00,1053.525,10.287
2015/06/12 07:15:00,1053.525,10.227
2015/06/12 07:30:00,1053.350,10.227
2015/06/12 07:45:00,1053.525,10.227
2015/06/12 08:00:00,1053.525,10.227
2015/06/12 08:15:00,1053.350,10.233
2015/06/12 08:30:00,1053.525,10.233
2015/06/12 08:45:00,1053.525,10.240
2015/06/12 09:00:00,1053.350,10.240
2015/06/12 09:15:00,1053.525,10.240
2015/06/12 09:30:00,1053.525,10.247
2015/06/12 09:45:00,1053.300,10.253
2015/06/12 10:00:00,1053.525,10.247
2015/06/12 10:15:00,1053.525,10.247
2015/06/12 10:30:00,1053.650,10.253
2015/06/12 10:45:00,1053.525,10.337
2015/06/12 11:00:00,1053.350,10.267
2015/06/12 11:15:00,1053.350,10.267
2015/06/12 11:30:00,1053.175,10.273
2015/06/12 11:45:00,1053.175,10.280
2015/06/12 12:00:00,1053.000,10.280
2015/06/12 12:15:00,1053.000,10.370
2015/06/12 12:30:00,1053.000,10.297
2015/06/12 12:45:00,1053.000,10.287
2015/06/12 13:00:00,1053.000,10.297
2015/06/12 13:15:00,1052.825,10.303
2015/06/12 13:30:00,1052.950,10.310
2015/06/12 13:45:00,1052.550,10.317
2015/06/12 14:00:00,1052.375,10.317
2015/06/12 14:15:00,1052.200,10.317
2015/06/12 14:30:00,1052.025,10.317
2015/06/12 14:45:00,1051.975,10.323
2015/06/12 15:00:00,1051.800,10.330
2015/06/12 15:15:00,1051.625,10.337
2015/06/12 15:30:00,1051.800,10.337
2015/06/12 15:45:00,1051.625,10.337
2015/06/12 16:00:00,1051.450,10.337
2015/06/12 16:15:00,1051.450,10.343
2015/06/12 16:30:00,1051.025,10.357
2015/06/12 16:45:00,1051.025,10.357
2015/06/12 17:00:00,1051.275,10.417
2015/06/12 17:15:00,1050.925,10.417
2015/06/12 17:30:00,1051.100,10.417
2015/06/12 17:45:00,1050.925,10.430
2015/06/12 18:00:00,1051.100,10.350
2015/06/12 18:15:00,1051.275,10.350
2015/06/12 18:30:00,1051.100,10.343
2015/06/12 18:45:00,1051.100,10.423
2015/06/12 19:00:00,1051.025,10.357
2015/06/12 19:15:00,1051.150,10.363
2015/06/12 19:30:00,1051.150,10.363
2015/06/12 19:45:00,1051.450,10.377
2015/06/12 20:00:00,1051.275,10.370
2015/06/12 20:15:00,1051.275,10.370
2015/06/12 20:30:00,1051.450,10.377
2015/06/12 20:45:00,1051.450,10.377
2015/06/12 21:00:00,1051.800,10.383
2015/06/12 21:15:00,1051.800,10.377
2015/06/12 21:30:00,1051.975,10.377
2015/06/12 21:45:00,1051.975,10.377
2015/06/12 22:00:00,1052.150,10.383
2015/06/12 22:15:00,1052.325,10.383
2015/06/12 22:30:00,1052.150,10.397
2015/06/12 22:45:00,1051.900,10.403
2015/06/12 23:00:00,1052.325,10.477
2015/06/12 23:15:00,1052.200,10.410
2015/06/12 23:30:00,1052.200,10.410
2015/06/12 23:45:00,1052.250,10.403
2015/06/13 00:00:00,1052.250,10.403
2015/06/13 00:15:00,1052.425,10.450
2015/06/13 00:30:00,1052.500,10.477
2015/06/13 00:45:00,1052.500,10.477
2015/06/13 01:00:00,1052.375,10.410
2015/06/13 01:15:00,1052.375,10.410
2015/06/13 01:30:00,1052.325,10.417
2015/06/13 01:45:00,1052.325,10.417
2015/06/13 02:00:00,1052.325,10.423
2015/06/13 02:15:00,1052.325,10.430
2015/06/13 02:30:00,1052.325,10.430
2015/06/13 02:45:00,1052.200,10.437
2015/06/13 03:00:00,1052.150,10.443
2015/06/13 03:15:00,1052.075,10.450
2015/06/13 03:30:00,1051.975,10.443
2015/06/13 03:45:00,1052.150,10.443
2015/06/13 04:00:00,1052.150,10.430
2015/06/13 04:15:00,1052.200,10.437
2015/06/13 04:30:00,1052.200,10.437
2015/06/13 04:45:00,1052.375,10.437
2015/06/13 05:00:00,1052.500,10.443
2015/06/13 05:15:00,1052.425,10.450
2015/06/13 05:30:00,1052.500,10.470
2015/06/13 05:45:00,1052.650,10.470
2015/06/13 06:00:00,1053.000,10.550
2015/06/13 06:15:00,1053.000,10.470
2015/06/13 06:30:00,1053.000,10.470
2015/06/13 06:45:00,1053.000,10.490
2015/06/13 07:00:00,1053.000,10.497
2015/06/13 07:15:00,1053.000,10.503
2015/06/13 07:30:00,1053.175,10.503
2015/06/13 07:45:00,1053.350,10.510
2015/06/13 08:00:00,1053.175,10.510
2015/06/13 08:15:00,1053.125,10.517
2015/06/13 08:30:00,1052.950,10.517
2015/06/13 08:45:00,1052.825,10.523
2015/06/13 09:00:00,1052.825,10.523
2015/06/13 09:15:00,1052.500,10.523
2015/06/13 09:30:00,1052.200,10.530
2015/06/13 09:45:00,1052.150,10.537
2015/06/13 10:00:00,1051.975,10.537
2015/06/13 10:15:00,1051.800,10.537
2015/06/13 10:30:00,1051.850,10.613
2015/06/13 10:45:00,1051.625,10.543
2015/06/13 11:00:00,1051.450,10.550
2015/06/13 11:15:00,1051.100,10.557
2015/06/13 11:30:00,1050.850,10.563
2015/06/13 11:45:00,1050.850,10.563
2015/06/13 12:00:00,1050.675,10.563
2015/06/13 12:15:00,1050.500,10.563
2015/06/13 12:30:00,1050.575,10.570
2015/06/13 12:45:00,1050.400,10.570
2015/06/13 13:00:00,1049.925,10.577
2015/06/13 13:15:00,1050.050,10.583
2015/06/13 13:30:00,1050.225,10.593
2015/06/13 13:45:00,1050.050,10.593
2015/06/13 14:00:00,1050.325,10.600
2015/06/13 14:15:00,1050.325,10.600
2015/06/13 14:30:00,1050.050,10.607
2015/06/13 14:45:00,1049.875,10.607
2015/06/13 15:00:00,1049.750,10.613
2015/06/13 15:15:00,1049.875,10.647
2015/06/13 15:30:00,1049.525,10.693
2015/06/13 15:45:00,1049.475,10.620
2015/06/13 16:00:00,1049.525,10.627
2015/06/13 16:15:00,1048.950,10.667
2015/06/13 16:30:00,1048.700,10.633
2015/06/13 16:45:00,1048.650,10.640
2015/06/13 17:00:00,1048.650,10.640
2015/06/13 17:15:00,1048.475,10.647
2015/06/13 17:30:00,1048.300,10.640
2015/06/13 17:45:00,1047.950,10.640
2015/06/13 18:00:00,1047.775,10.647
2015/06/13 18:15:00,1047.600,10.647
2015/06/13 18:30:00,1047.600,10.647
2015/06/13 18:45:00,1047.775,10.647
2015/06/13 19:00:00,1047.475,10.660
2015/06/13 19:15:00,1047.775,10.653
2015/06/13 19:30:00,1048.125,10.653
2015/06/13 19:45:00,1047.950,10.653
2015/06/13 20:00:00,1048.125,10.720
2015/06/13 20:15:00,1048.175,10.727
2015/06/13 20:30:00,1048.350,10.660
2015/06/13 20:45:00,1048.600,10.667
2015/06/13 21:00:00,1048.950,10.667
2015/06/13 21:15:00,1049.125,10.667
2015/06/13 21:30:00,1049.125,10.667
2015/06/13 21:45:00,1049.125,10.667
2015/06/13 22:00:00,1049.350,10.673
2015/06/13 22:15:00,1049.525,10.673
2015/06/13 22:30:00,1049.475,10.667
2015/06/13 22:45:00,1049.875,10.673
2015/06/13 23:00:00,1049.525,10.673
2015/06/13 23:15:00,1049.700,10.673
2015/06/13 23:30:00,1049.700,10.673
2015/06/13 23:45:00,1049.875,10.673
2015/06/14 00:00:00,1050.050,10.740
2015/06/14 00:15:00,1050.000,10.667
2015/06/14 00:30:00,1050.000,10.667
2015/06/14 00:45:00,1050.450,10.660
2015/06/14 01:00:00,1050.750,10.653
2015/06/14 01:15:00,1050.750,10.647
2015/06/14 01:30:00,1050.800,10.660
2015/06/14 01:45:00,1050.850,10.667
2015/06/14 02:00:00,1051.100,10.673
2015/06/14 02:15:00,1051.100,10.687
2015/06/14 02:30:00,1051.450,10.693
2015/06/14 02:45:00,1051.275,10.700
2015/06/14 03:00:00,1051.150,10.707
2015/06/14 03:15:00,1051.375,10.713
2015/06/14 03:30:00,1051.800,10.720
2015/06/14 03:45:00,1051.675,10.727
2015/06/14 04:00:00,1051.800,10.733
2015/06/14 04:15:00,1051.800,10.740
2015/06/14 04:30:00,1051.450,10.740
2015/06/14 04:45:00,1051.450,10.747
2015/06/14 05:00:00,1051.500,10.753
2015/06/14 05:15:00,1051.375,10.760
2015/06/14 05:30:00,1051.450,10.767
2015/06/14 05:45:00,1051.325,10.773
2015/06/14 06:00:00,1051.450,10.780
2015/06/14 06:15:00,1051.275,10.787
2015/06/14 06:30:00,1051.275,10.793
2015/06/14 06:45:00,1050.975,10.800
2015/06/14 07:00:00,1051.100,10.793
2015/06/14 07:15:00,1050.800,10.800
2015/06/14 07:30:00,1050.800,10.800
2015/06/14 07:45:00,1050.625,10.800
2015/06/14 08:00:00,1050.800,10.800
2015/06/14 08:15:00,1050.500,10.807
2015/06/14 08:30:00,1050.325,10.807
2015/06/14 08:45:00,1050.225,10.813
2015/06/14 09:00:00,1050.225,10.813
2015/06/14 09:15:00,1049.925,10.820
2015/06/14 09:30:00,1050.150,10.807
2015/06/14 09:45:00,1050.100,10.820
2015/06/14 10:00:00,1049.875,10.827
2015/06/14 10:15:00,1049.700,10.827
2015/06/14 10:30:00,1049.700,10.827
2015/06/14 10:45:00,1049.700,10.833
2015/06/14 11:00:00,1049.350,10.840
2015/06/14 11:15:00,1049.525,10.840
2015/06/14 11:30:00,1049.575,10.847
2015/06/14 11:45:00,1049.575,10.847
2015/06/14 12:00:00,1049.650,10.853
2015/06/14 12:15:00,1049.875,10.860
2015/06/14 12:30:00,1049.575,10.867
2015/06/14 12:45:00,1049.400,10.867
2015/06/14 13:00:00,1049.000,10.873
2015/06/14 13:15:00,1049.000,10.883
2015/06/14 13:30:00,1049.000,10.890
2015/06/14 13:45:00,1049.175,10.890
2015/06/14 14:00:00,1048.475,10.897
2015/06/14 14:15:00,1048.125,10.890
2015/06/14 14:30:00,1048.000,10.903
2015/06/14 14:45:00,1047.300,10.903
2015/06/14 15:00:00,1047.125,10.903
2015/06/14 15:15:00,1046.900,10.910
2015/06/14 15:30:00,1046.900,10.910
2015/06/14 15:45:00,1047.075,10.917
2015/06/14 16:00:00,1046.550,10.917
2015/06/14 16:15:00,1046.550,10.923
2015/06/14 16:30:00,1046.375,10.923
2015/06/14 16:45:00,1046.550,10.923
2015/06/14 17:00:00,1046.550,10.930
2015/06/14 17:15:00,1046.550,10.930
2015/06/14 17:30:00,1046.425,10.997
2015/06/14 17:45:00,1046.550,10.937
2015/06/14 18:00:00,1046.375,10.943
2015/06/14 18:15:00,1046.375,10.943
2015/06/14 18:30:00,1046.375,10.943
2015/06/14 18:45:00,1046.375,10.943
2015/06/14 19:00:00,1047.075,10.943
2015/06/14 19:15:00,1046.950,10.950
2015/06/14 19:30:00,1047.125,10.950
2015/06/14 19:45:00,1047.125,10.950
2015/06/14 20:00:00,1047.600,10.957
2015/06/14 20:15:00,1047.825,10.950
2015/06/14 20:30:00,1047.775,11.023
2015/06/14 20:45:00,1047.950,11.030
2015/06/14 21:00:00,1048.175,10.997
2015/06/14 21:15:00,1048.125,11.023
2015/06/14 21:30:00,1048.475,11.030
2015/06/14 21:45:00,1049.000,11.017
2015/06/14 22:00:00,1048.875,11.043
2015/06/14 22:15:00,1049.000,10.977
2015/06/14 22:30:00,1049.175,10.963
2015/06/14 22:45:00,1049.175,10.963
2015/06/14 23:00:00,1049.175,10.970
2015/06/14 23:15:00,1049.000,10.977
2015/06/14 23:30:00,1049.000,11.050
2015/06/14 23:45:00,1049.175,11.030
2015/06/15 00:00:00,1049.175,10.990
2015/06/15 00:15:00,1049.000,10.990
2015/06/15 00:30:00,1049.350,10.990
2015/06/15 00:45:00,1049.350,10.977
2015/06/15 01:00:00,1049.525,10.970
2015/06/15 01:15:00,1049.875,11.037
2015/06/15 01:30:00,1049.875,11.050
2015/06/15 01:45:00,1049.875,11.050
2015/06/15 02:00:00,1050.225,10.983
2015/06/15 02:15:00,1050.750,10.990
2015/06/15 02:30:00,1050.750,10.990
2015/06/15 02:45:00,1050.575,11.003
2015/06/15 03:00:00,1050.575,11.003
2015/06/15 03:15:00,1050.750,11.010
2015/06/15 03:30:00,1050.575,11.023
2015/06/15 03:45:00,1050.750,11.017
2015/06/15 04:00:00,1050.575,11.097
2015/06/15 04:15:00,1050.750,11.110
2015/06/15 04:30:00,1050.925,11.037
2015/06/15 04:45:00,1051.100,11.110
2015/06/15 05:00:00,1051.100,11.037
2015/06/15 05:15:00,1051.275,11.037
2015/06/15 05:30:00,1051.100,11.050
2015/06/15 05:45:00,1051.275,11.050
2015/06/15 06:00:00,1051.275,11.050
2015/06/15 06:15:00,1051.800,11.057
2015/06/15 06:30:00,1051.800,11.063
2015/06/15 06:45:00,1051.450,11.070
2015/06/15 07:00:00,1051.450,11.070
2015/06/15 07:15:00,1051.450,11.077
2015/06/15 07:30:00,1051.450,11.083
2015/06/15 07:45:00,1051.450,11.083
2015/06/15 08:00:00,1051.275,11.090
2015/06/15 08:15:00,1051.625,11.097
2015/06/15 08:30:00,1051.625,11.097
2015/06/15 08:45:00,1051.800,11.103
2015/06/15 09:00:00,1051.800,11.103
2015/06/15 09:15:00,1051.975,11.103
2015/06/15 09:30:00,1051.975,11.110
2015/06/15 09:45:00,1052.150,11.103
2015/06/15 10:00:00,1052.150,11.110
2015/06/15 10:15:00,1051.975,11.110
2015/06/15 10:30:00,1051.800,11.117
2015/06/15 10:45:00,1051.800,11.123
2015/06/15 11:00:00,1051.450,11.137
2015/06/15 11:15:00,1051.675,11.143
2015/06/15 11:30:00,1051.675,11.143
2015/06/15 11:45:00,1051.500,11.143
2015/06/15 12:00:00,1051.500,11.143
2015/06/15 12:15:00,1051.275,11.220
2015/06/15 12:30:00,1051.100,11.220
2015/06/15 12:45:00,1051.150,11.227
2015/06/15 13:00:00,1051.450,11.233
2015/06/15 13:15:00,1051.200,11.240
2015/06/15 13:30:00,1051.150,11.170
2015/06/15 13:45:00,1050.800,11.170
2015/06/15 14:00:00,1050.800,11.180
2015/06/15 14:15:00,1050.975,11.180
2015/06/15 14:30:00,1050.800,11.180
2015/06/15 14:45:00,1051.100,11.187
2015/06/15 15:00:00,1051.025,11.193
2015/06/15 15:15:00,1050.850,11.193
2015/06/15 15:30:00,1050.750,11.200
2015/06/15 15:45:00,1051.200,11.193
2015/06/15 16:00:00,1051.275,11.207
2015/06/15 16:15:00,1051.100,11.207
2015/06/15 16:30:00,1051.275,11.213
2015/06/15 16:45:00,1051.100,11.213
2015/06/15 17:00:00,1051.275,11.213
2015/06/15 17:15:00,1050.925,11.220
2015/06/15 17:30:00,1051.025,11.287
2015/06/15 17:45:00,1051.100,11.233
2015/06/15 18:00:00,1051.100,11.233
2015/06/15 18:15:00,1051.100,11.233
2015/06/15 18:30:00,1050.850,11.240
2015/06/15 18:45:00,1051.275,11.233
2015/06/15 19:00:00,1051.200,11.240
2015/06/15 19:15:00,1051.375,11.240
2015/06/15 19:30:00,1051.550,11.240
2015/06/15 19:45:00,1051.625,11.233
2015/06/15 20:00:00,1051.800,11.233
2015/06/15 20:15:00,1051.800,11.313
2015/06/15 20:30:00,1051.800,11.247
2015/06/15 20:45:00,1051.975,11.247
2015/06/15 21:00:00,1052.150,11.247
2015/06/15 21:15:00,1052.375,11.320
2015/06/15 21:30:00,1052.725,11.320
2015/06/15 21:45:00,1053.000,11.327
2015/06/15 22:00:00,1053.525,11.327
2015/06/15 22:15:00,1053.825,11.333
2015/06/15 22:30:00,1054.175,11.333
2015/06/15 22:45:00,1054.050,11.327
2015/06/15 23:00:00,1054.125,11.340
2015/06/15 23:15:00,1054.525,11.333
2015/06/15 23:30:00,1054.925,11.327
2015/06/15 23:45:00,1055.050,11.333
2015/06/16 00:00:00,1055.625,11.253
2015/06/16 00:15:00,1055.450,11.247
2015/06/16 00:30:00,1055.800,11.253
2015/06/16 00:45:00,1056.325,11.253
2015/06/16 01:00:00,1056.500,11.260
2015/06/16 01:15:00,1056.675,11.260
2015/06/16 01:30:00,1056.850,11.267
2015/06/16 01:45:00,1056.750,11.273
2015/06/16 02:00:00,1057.550,11.280
2015/06/16 02:15:00,1057.550,11.280
2015/06/16 02:30:00,1057.825,11.287
2015/06/16 02:45:00,1058.000,11.287
2015/06/16 03:00:00,1057.900,11.307
2015/06/16 03:15:00,1057.900,11.307
2015/06/16 03:30:00,1057.725,11.307
2015/06/16 03:45:00,1058.250,11.307
2015/06/16 04:00:00,1058.600,11.307
2015/06/16 04:15:00,1058.775,11.373
2015/06/16 04:30:00,1058.950,11.313
2015/06/16 04:45:00,1058.950,11.313
2015/06/16 05:00:00,1059.350,11.320
2015/06/16 05:15:00,1059.475,11.327
2015/06/16 05:30:00,1059.750,11.333
2015/06/16 05:45:00,1060.225,11.347
2015/06/16 06:00:00,1060.100,11.353
2015/06/16 06:15:00,1060.050,11.367
2015/06/16 06:30:00,1060.000,11.373
2015/06/16 06:45:00,1060.000,11.373
2015/06/16 07:00:00,1060.000,11.373
2015/06/16 07:15:00,1060.100,11.380
2015/06/16 07:30:00,1060.275,11.380
2015/06/16 07:45:00,1060.050,11.387
2015/06/16 08:00:00,1060.225,11.387
2015/06/16 08:15:00,1060.225,11.387
2015/06/16 08:30:00,1060.225,11.387
2015/06/16 08:45:00,1060.225,11.460
2015/06/16 09:00:00,1060.050,11.460
2015/06/16 09:15:00,1060.050,11.393
2015/06/16 09:30:00,1059.875,11.393
2015/06/16 09:45:00,1059.925,11.400
2015/06/16 10:00:00,1059.650,11.407
2015/06/16 10:15:00,1059.700,11.413
2015/06/16 10:30:00,1059.700,11.413
2015/06/16 10:45:00,1059.350,11.413
2015/06/16 11:00:00,1059.350,11.413
2015/06/16 11:15:00,1059.475,11.420
2015/06/16 11:30:00,1059.050,11.427
2015/06/16 11:45:00,1059.050,11.427
2015/06/16 12:00:00,1058.875,11.427
2015/06/16 12:15:00,1059.000,11.433
2015/06/16 12:30:00,1058.825,11.433
2015/06/16 12:45:00,1058.475,11.433
2015/06/16 13:00:00,1058.125,11.440
2015/06/16 13:15:00,1058.125,11.440
2015/06/16 13:30:00,1057.950,11.440
2015/06/16 13:45:00,1057.775,11.523
2015/06/16 14:00:00,1057.825,11.530
2015/06/16 14:15:00,1057.650,11.503
2015/06/16 14:30:00,1057.275,11.537
2015/06/16 14:45:00,1057.100,11.460
2015/06/16 15:00:00,1057.025,11.453
2015/06/16 15:15:00,1056.925,11.460
2015/06/16 15:30:00,1056.850,11.467
2015/06/16 15:45:00,1056.575,11.460
2015/06/16 16:00:00,1056.575,11.543
2015/06/16 16:15:00,1056.575,11.543
2015/06/16 16:30:00,1056.575,11.543
2015/06/16 16:45:00,1056.575,11.543
2015/06/16 17:00:00,1056.500,11.467
2015/06/16 17:15:00,1056.250,11.550
2015/06/16 17:30:00,1056.425,11.550
2015/06/16 17:45:00,1056.425,11.550
2015/06/16 18:00:00,1056.600,11.550
2015/06/16 18:15:00,1056.400,11.477
2015/06/16 18:30:00,1056.050,11.543
2015/06/16 18:45:00,1056.075,11.550
2015/06/16 19:00:00,1056.225,11.543
2015/06/16 19:15:00,1055.875,11.543
2015/06/16 19:30:00,1056.050,11.517
2015/06/16 19:45:00,1056.150,11.467
2015/06/16 20:00:00,1055.975,11.467
2015/06/16 20:15:00,1055.900,11.550
2015/06/16 20:30:00,1055.800,11.467
2015/06/16 20:45:00,1055.525,11.477
2015/06/16 21:00:00,1055.350,11.477
2015/06/16 21:15:00,1055.175,11.477
2015/06/16 21:30:00,1055.350,11.477
2015/06/16 21:45:00,1055.350,11.477
2015/06/16 22:00:00,1055.550,11.483
2015/06/16 22:15:00,1055.525,11.517
2015/06/16 22:30:00,1055.550,11.483
2015/06/16 22:45:00,1055.225,11.483
2015/06/16 23:00:00,1055.225,11.483
2015/06/16 23:15:00,1055.400,11.483
2015/06/16 23:30:00,1055.225,11.483
2015/06/16 23:45:00,1055.350,11.477
2015/06/17 00:00:00,1055.625,11.467
2015/06/17 00:15:00,1055.525,11.460
2015/06/17 00:30:00,1055.275,11.453
2015/06/17 00:45:00,1055.275,11.453
2015/06/17 01:00:00,1055.525,11.460
2015/06/17 01:15:00,1055.625,11.467
2015/06/17 01:30:00,1055.525,11.460
2015/06/17 01:45:00,1055.700,11.543
2015/06/17 02:00:00,1055.700,11.460
2015/06/17 02:15:00,1055.450,11.467
2015/06/17 02:30:00,1055.400,11.550
2015/06/17 02:45:00,1055.400,11.510
2015/06/17 03:00:00,1055.350,11.523
2015/06/17 03:15:00,1055.350,11.477
2015/06/17 03:30:00,1055.350,11.477
2015/06/17 03:45:00,1055.400,11.483
2015/06/17 04:00:00,1055.350,11.563
2015/06/17 04:15:00,1055.175,11.563
2015/06/17 04:30:00,1055.175,11.563
2015/06/17 04:45:00,1055.175,11.563
2015/06/17 05:00:00,1055.000,11.570
2015/06/17 05:15:00,1055.350,11.570
2015/06/17 05:30:00,1055.525,11.537
2015/06/17 05:45:00,1055.225,11.557
2015/06/17 06:00:00,1055.225,11.577
2015/06/17 06:15:00,1055.225,11.577
2015/06/17 06:30:00,1054.825,11.583
2015/06/17 06:45:00,1054.650,11.590
2015/06/17 07:00:00,1054.700,11.510
2015/06/17 07:15:00,1054.700,11.510
2015/06/17 07:30:00,1054.350,11.510
2015/06/17 07:45:00,1054.650,11.517
2015/06/17 08:00:00,1054.475,11.517
2015/06/17 08:15:00,1054.300,11.583
2015/06/17 08:30:00,1054.300,11.590
2015/06/17 08:45:00,1054.300,11.590
2015/06/17 09:00:00,1054.175,11.557
2015/06/17 09:15:00,1053.950,11.563
2015/06/17 09:30:00,1053.775,11.523
2015/06/17 09:45:00,1053.600,11.517
2015/06/17 10:00:00,1053.425,11.517
2015/06/17 10:15:00,1053.075,11.523
2015/06/17 10:30:00,1053.250,11.523
2015/06/17 10:45:00,1053.125,11.530
2015/06/17 11:00:00,1052.950,11.530
2015/06/17 11:15:00,1052.775,11.530
2015/06/17 11:30:00,1052.725,11.537
2015/06/17 11:45:00,1052.550,11.537
2015/06/17 12:00:00,1052.200,11.537
2015/06/17 12:15:00,1052.025,11.543
2015/06/17 12:30:00,1051.850,11.543
2015/06/17 12:45:00,1051.675,11.543
2015/06/17 13:00:00,1051.675,11.543
2015/06/17 13:15:00,1051.550,11.550
2015/06/17 13:30:00,1051.550,11.550
2015/06/17 13:45:00,1051.200,11.550
2015/06/17 14:00:00,1051.025,11.550
2015/06/17 14:15:00,1050.850,11.550
2015/06/17 14:30:00,1050.500,11.557
2015/06/17 14:45:00,1050.325,11.550
2015/06/17 15:00:00,1050.150,11.557
2015/06/17 15:15:00,1049.825,11.557
2015/06/17 15:30:00,1049.475,11.557
2015/06/17 15:45:00,1049.300,11.557
2015/06/17 16:00:00,1049.050,11.563
2015/06/17 16:15:00,1048.700,11.563
2015/06/17 16:30:00,1048.525,11.630
2015/06/17 16:45:00,1048.000,11.630
2015/06/17 17:00:00,1047.825,11.637
2015/06/17 17:15:00,1047.475,11.630
2015/06/17 17:30:00,1047.475,11.617
2015/06/17 17:45:00,1047.125,11.617
2015/06/17 18:00:00,1047.125,11.617
2015/06/17 18:15:00,1047.025,11.623
2015/06/17 18:30:00,1047.025,11.550
2015/06/17 18:45:00,1047.025,11.623
2015/06/17 19:00:00,1047.025,11.557
2015/06/17 19:15:00,1046.850,11.557
2015/06/17 19:30:00,1046.850,11.557
2015/06/17 19:45:00,1046.675,11.557
2015/06/17 20:00:00,1046.675,11.550
2015/06/17 20:15:00,1046.500,11.557
2015/06/17 20:30:00,1046.600,11.630
2015/06/17 20:45:00,1046.600,11.630
2015/06/17 21:00:00,1046.850,11.603
2015/06/17 21:15:00,1047.025,11.557
2015/06/17 21:30:00,1047.300,11.637
2015/06/17 21:45:00,1047.375,11.597
2015/06/17 22:00:00,1047.475,11.637
2015/06/17 22:15:00,1047.550,11.597
2015/06/17 22:30:00,1047.300,11.637
2015/06/17 22:45:00,1047.300,11.563
2015/06/17 23:00:00,1047.300,11.563
2015/06/17 23:15:00,1047.200,11.557
2015/06/17 23:30:00,1047.375,11.623
2015/06/17 23:45:00,1047.125,11.617
2015/06/18 00:00:00,1047.025,11.557
2015/06/18 00:15:00,1046.775,11.617
2015/06/18 00:30:00,1046.600,11.617
2015/06/18 00:45:00,1047.025,11.557
2015/06/18 01:00:00,1046.675,11.550
2015/06/18 01:15:00,1046.675,11.550
2015/06/18 01:30:00,1046.600,11.617
2015/06/18 01:45:00,1046.325,11.550
2015/06/18 02:00:00,1046.250,11.590
2015/06/18 02:15:00,1046.425,11.583
2015/06/18 02:30:00,1046.425,11.610
2015/06/18 02:45:00,1046.950,11.617
2015/06/18 03:00:00,1046.775,11.610
2015/06/18 03:15:00,1046.775,11.610
2015/06/18 03:30:00,1046.775,11.610
2015/06/18 03:45:00,1046.675,11.577
2015/06/18 04:00:00,1046.775,11.590
2015/06/18 04:15:00,1047.125,11.590
2015/06/18 04:30:00,1047.650,11.590
2015/06/18 04:45:00,1047.650,11.563
2015/06/18 05:00:00,1048.000,11.570
2015/06/18 05:15:00,1048.250,11.597
2015/06/18 05:30:00,1048.600,11.597
2015/06/18 05:45:00,1048.700,11.583
2015/06/18 06:00:00,1048.875,11.583
2015/06/18 06:15:00,1049.400,11.590
2015/06/18 06:30:00,1049.650,11.623
2015/06/18 06:45:00,1049.825,11.603
2015/06/18 07:00:00,1050.100,11.563
2015/06/18 07:15:00,1050.625,11.610
2015/06/18 07:30:00,1050.975,11.630
2015/06/18 07:45:00,1051.200,11.643
2015/06/18 08:00:00,1051.550,11.643
2015/06/18 08:15:00,1052.075,11.577
2015/06/18 08:30:00,1052.425,11.577
2015/06/18 08:45:00,1052.250,11.577
2015/06/18 09:00:00,1052.725,11.583
2015/06/18 09:15:00,1052.725,11.583
2015/06/18 09:30:00,1052.725,11.590
2015/06/18 09:45:00,1052.900,11.630
2015/06/18 10:00:00,1053.300,11.670
2015/06/18 10:15:00,1053.075,11.657
2015/06/18 10:30:00,1053.250,11.657
2015/06/18 10:45:00,1053.425,11.657
2015/06/18 11:00:00,1053.175,11.663
2015/06/18 11:15:00,1053.475,11.597
2015/06/18 11:30:00,1053.775,11.637
2015/06/18 11:45:00,1053.825,11.643
2015/06/18 12:00:00,1053.775,11.677
2015/06/18 12:15:00,1054.000,11.670
2015/06/18 12:30:00,1053.825,11.670
2015/06/18 12:45:00,1053.825,11.603
2015/06/18 13:00:00,1053.825,11.603
2015/06/18 13:15:00,1053.600,11.657
2015/06/18 13:30:00,1053.300,11.603
2015/06/18 13:45:00,1053.425,11.610
2015/06/18 14:00:00,1053.250,11.610
2015/06/18 14:15:00,1053.075,11.617
2015/06/18 14:30:00,1053.075,11.617
2015/06/18 14:45:00,1053.075,11.617
2015/06/18 15:00:00,1052.900,11.617
2015/06/18 15:15:00,1053.125,11.623
2015/06/18 15:30:00,1053.075,11.617
2015/06/18 15:45:00,1053.125,11.623
2015/06/18 16:00:00,1053.125,11.623
2015/06/18 16:15:00,1052.950,11.623
2015/06/18 16:30:00,1052.725,11.630
2015/06/18 16:45:00,1052.550,11.630
2015/06/18 17:00:00,1052.375,11.637
2015/06/18 17:15:00,1052.200,11.637
2015/06/18 17:30:00,1052.075,11.643
2015/06/18 17:45:00,1051.900,11.650
2015/06/18 18:00:00,1051.900,11.650
2015/06/18 18:15:00,1051.900,11.650
2015/06/18 18:30:00,1051.725,11.650
2015/06/18 18:45:00,1051.550,11.650
2015/06/18 19:00:00,1051.550,11.717
2015/06/18 19:15:00,1051.725,11.643
2015/06/18 19:30:00,1051.375,11.643
2015/06/18 19:45:00,1051.325,11.637
2015/06/18 20:00:00,1051.325,11.637
2015/06/18 20:15:00,1051.325,11.630
2015/06/18 20:30:00,1051.325,11.630
2015/06/18 20:45:00,1051.325,11.630
2015/06/18 21:00:00,1051.500,11.630
2015/06/18 21:15:00,1051.725,11.623
2015/06/18 21:30:00,1052.025,11.637
2015/06/18 21:45:00,1051.850,11.630
2015/06/18 22:00:00,1052.250,11.623
2015/06/18 22:15:00,1052.200,11.703
2015/06/18 22:30:00,1052.375,11.703
2015/06/18 22:45:00,1052.025,11.703
2015/06/18 23:00:00,1052.200,11.703
2015/06/18 23:15:00,1052.375,11.703
2015/06/18 23:30:00,1052.325,11.710
2015/06/18 23:45:00,1052.150,11.710
2015/06/19 00:00:00,1052.325,11.710
2015/06/19 00:15:00,1052.375,11.637
2015/06/19 00:30:00,1052.375,11.637
2015/06/19 00:45:00,1052.725,11.637
2015/06/19 01:00:00,1052.550,11.630
2015/06/19 01:15:00,1052.200,11.630
2015/06/19 01:30:00,1052.375,11.630
2015/06/19 01:45:00,1052.600,11.623
2015/06/19 02:00:00,1052.550,11.637
2015/06/19 02:15:00,1052.725,11.630
2015/06/19 02:30:00,1052.775,11.697
2015/06/19 02:45:00,1052.725,11.617
2015/06/19 03:00:00,1052.775,11.697
2015/06/19 03:15:00,1053.075,11.703
2015/06/19 03:30:00,1053.075,11.703
2015/06/19 03:45:00,1052.900,11.703
2015/06/19 04:00:00,1053.125,11.643
2015/06/19 04:15:00,1052.950,11.650
2015/06/19 04:30:00,1052.950,11.650
2015/06/19 04:45:00,1052.950,11.650
2015/06/19 05:00:00,1052.650,11.663
2015/06/19 05:15:00,1052.950,11.670
2015/06/19 05:30:00,1052.725,11.677
2015/06/19 05:45:00,1052.725,11.677
2015/06/19 06:00:00,1052.950,11.743
2015/06/19 06:15:00,1053.125,11.670
2015/06/19 06:30:00,1052.600,11.670
2015/06/19 06:45:00,1052.725,11.677
2015/06/19 07:00:00,1052.550,11.677
2015/06/19 07:15:00,1052.375,11.677
2015/06/19 07:30:00,1052.600,11.670
2015/06/19 07:45:00,1052.025,11.677
2015/06/19 08:00:00,1051.900,11.670
2015/06/19 08:15:00,1051.500,11.677
2015/06/19 08:30:00,1051.500,11.677
2015/06/19 08:45:00,1051.500,11.677
2015/06/19 09:00:00,1051.325,11.677
2015/06/19 09:15:00,1051.500,11.683
2015/06/19 09:30:00,1051.150,11.683
2015/06/19 09:45:00,1050.800,11.750
2015/06/19 10:00:00,1050.925,11.690
2015/06/19 10:15:00,1050.575,11.690
2015/06/19 10:30:00,1050.450,11.683
2015/06/19 10:45:00,1050.400,11.690
2015/06/19 11:00:00,1050.050,11.690
2015/06/19 11:15:00,1049.875,11.690
2015/06/19 11:30:00,1049.650,11.697
2015/06/19 11:45:00,1049.300,11.697
2015/06/19 12:00:00,1048.950,11.697
2015/06/19 12:15:00,1048.700,11.703
2015/06/19 12:30:00,1048.600,11.697
2015/06/19 12:45:00,1048.000,11.703
2015/06/19 13:00:00,1047.900,11.697
2015/06/19 13:15:00,1047.550,11.697
2015/06/19 13:30:00,1047.025,11.697
2015/06/19 13:45:00,1046.725,11.710
2015/06/19 14:00:00,1046.425,11.703
2015/06/19 14:15:00,1046.100,11.703
2015/06/19 14:30:00,1045.675,11.710
2015/06/19 14:45:00,1045.500,11.710
2015/06/19 15:00:00,1045.325,11.710
2015/06/19 15:15:00,1045.150,11.710
2015/06/19 15:30:00,1045.150,11.710
2015/06/19 15:45:00,1045.000,11.710
2015/06/19 16:00:00,1044.650,11.710
2015/06/19 16:15:00,1044.300,11.710
2015/06/19 16:30:00,1043.950,11.710
2015/06/19 16:45:00,1043.600,11.710
2015/06/19 17:00:00,1043.300,11.703
2015/06/19 17:15:00,1043.250,11.710
2015/06/19 17:30:00,1043.125,11.703
2015/06/19 17:45:00,1042.600,11.703
2015/06/19 18:00:00,1042.500,11.697
2015/06/19 18:15:00,1042.500,11.697
2015/06/19 18:30:00,1042.675,11.697
2015/06/19 18:45:00,1042.250,11.683
2015/06/19 19:00:00,1042.075,11.683
2015/06/19 19:15:00,1041.900,11.683
2015/06/19 19:30:00,1041.500,11.690
2015/06/19 19:45:00,1041.675,11.690
2015/06/19 20:00:00,1041.675,11.690
2015/06/19 20:15:00,1041.550,11.683
2015/06/19 20:30:00,1041.200,11.677
2015/06/19 20:45:00,1040.850,11.677
2015/06/19 21:00:00,1041.025,11.677
2015/06/19 21:15:00,1041.025,11.683
2015/06/19 21:30:00,1040.675,11.683
2015/06/19 21:45:00,1040.675,11.683
2015/06/19 22:00:00,1041.025,11.683
2015/06/19 22:15:00,1041.025,11.683
2015/06/19 22:30:00,1041.025,11.683
2015/06/19 22:45:00,1041.150,11.690
2015/06/19 23:00:00,1040.975,11.690
2015/06/19 23:15:00,1040.975,11.690
2015/06/19 23:30:00,1041.025,11.683
2015/06/19 23:45:00,1041.025,11.677
2015/06/20 00:00:00,1041.025,11.677
2015/06/20 00:15:00,1041.100,11.670
2015/06/20 00:30:00,1041.200,11.657
2015/06/20 00:45:00,1041.275,11.717
2015/06/20 01:00:00,1041.275,11.643
2015/06/20 01:15:00,1041.450,11.717
2015/06/20 01:30:00,1041.150,11.710
2015/06/20 01:45:00,1041.150,11.710
2015/06/20 02:00:00,1041.325,11.710
2015/06/20 02:15:00,1041.550,11.703
2015/06/20 02:30:00,1041.900,11.703
2015/06/20 02:45:00,1041.900,11.637
2015/06/20 03:00:00,1041.900,11.637
2015/06/20 03:15:00,1042.250,11.637
2015/06/20 03:30:00,1042.675,11.643
2015/06/20 03:45:00,1043.025,11.650
2015/06/20 04:00:00,1043.125,11.657
2015/06/20 04:15:00,1042.900,11.663
2015/06/20 04:30:00,1043.025,11.670
2015/06/20 04:45:00,1043.025,11.670
2015/06/20 05:00:00,1042.500,11.670
2015/06/20 05:15:00,1042.425,11.683
2015/06/20 05:30:00,1042.200,11.690
2015/06/20 05:45:00,1042.025,11.690
2015/06/20 06:00:00,1042.200,11.690
2015/06/20 06:15:00,1042.200,11.690
2015/06/20 06:30:00,1042.150,11.697
2015/06/20 06:45:00,1042.325,11.697
2015/06/20 07:00:00,1042.250,11.703
2015/06/20 07:15:00,1042.500,11.697
2015/06/20 07:30:00,1042.850,11.697
2015/06/20 07:45:00,1042.375,11.690
2015/06/20 08:00:00,1042.200,11.690
2015/06/20 08:15:00,1042.375,11.690
2015/06/20 08:30:00,1042.375,11.690
2015/06/20 08:45:00,1042.325,11.697
2015/06/20 09:00:00,1042.325,11.697
2015/06/20 09:15:00,1042.675,11.697
2015/06/20 09:30:00,1042.600,11.703
2015/06/20 09:45:00,1042.775,11.703
2015/06/20 10:00:00,1042.600,11.703
2015/06/20 10:15:00,1042.375,11.710
2015/06/20 10:30:00,1042.425,11.703
2015/06/20 10:45:00,1042.375,11.710
2015/06/20 11:00:00,1042.600,11.703
2015/06/20 11:15:00,1042.550,11.710
2015/06/20 11:30:00,1042.375,11.710
2015/06/20 11:45:00,1042.775,11.730
2015/06/20 12:00:00,1041.900,11.723
2015/06/20 12:15:00,1042.500,11.717
2015/06/20 12:30:00,1042.600,11.723
2015/06/20 12:45:00,1042.500,11.717
2015/06/20 13:00:00,1042.250,11.723
2015/06/20 13:15:00,1041.900,11.723
2015/06/20 13:30:00,1042.075,11.723
2015/06/20 13:45:00,1042.775,11.723
2015/06/20 14:00:00,1042.250,11.730
2015/06/20 14:15:00,1042.675,11.743
2015/06/20 14:30:00,1043.550,11.743
2015/06/20 14:45:00,1042.025,11.757
2015/06/20 15:00:00,1041.375,11.780
2015/06/20 15:15:00,1042.250,11.730
2015/06/20 15:30:00,1041.850,11.737
2015/06/20 15:45:00,1042.075,11.703
2015/06/20 16:00:00,1042.250,11.723
2015/06/20 16:15:00,1041.800,11.743
2015/06/20 16:30:00,1043.250,11.757
2015/06/20 16:45:00,1041.450,11.717
2015/06/20 17:00:00,1041.850,11.690
2015/06/20 17:15:00,1042.600,11.703
2015/06/20 17:30:00,1042.950,11.703
2015/06/20 17:45:00,1043.300,11.703
2015/06/20 18:00:00,1043.250,11.710
2015/06/20 18:15:00,1043.375,11.717
2015/06/20 18:30:00,1043.650,11.787
2015/06/20 18:45:00,1043.950,11.793
2015/06/20 19:00:00,1044.250,11.800
2015/06/20 19:15:00,1044.125,11.793
2015/06/20 19:30:00,1044.525,11.807
2015/06/20 19:45:00,1044.525,11.807
2015/06/20 20:00:00,1044.875,11.807
2015/06/20 20:15:00,1044.875,11.807
2015/06/20 20:30:00,1044.875,11.807
2015/06/20 20:45:00,1045.000,11.737
2015/06/20 21:00:00,1044.825,11.737
2015/06/20 21:15:00,1044.925,11.743
2015/06/20 21:30:00,1044.925,11.743
2015/06/20 21:45:00,1044.875,11.750
2015/06/20 22:00:00,1045.000,11.757
2015/06/20 22:15:00,1044.825,11.757
2015/06/20 22:30:00,1044.650,11.757
2015/06/20 22:45:00,1044.650,11.767
2015/06/20 23:00:00,1044.650,11.827
2015/06/20 23:15:00,1044.525,11.833
2015/06/20 23:30:00,1044.825,11.827
2015/06/20 23:45:00,1044.825,11.757
2015/06/21 00:00:00,1044.300,11.757
2015/06/21 00:15:00,1044.525,11.750
2015/06/21 00:30:00,1044.525,11.750
2015/06/21 00:45:00,1044.925,11.743
2015/06/21 01:00:00,1045.450,11.743
2015/06/21 01:15:00,1045.625,11.743
2015/06/21 01:30:00,1045.675,11.827
2015/06/21 01:45:00,1045.575,11.750
2015/06/21 02:00:00,1045.800,11.743
2015/06/21 02:15:00,1045.800,11.743
2015/06/21 02:30:00,1046.025,11.737
2015/06/21 02:45:00,1046.675,11.743
2015/06/21 03:00:00,1046.550,11.737
2015/06/21 03:15:00,1046.600,11.723
2015/06/21 03:30:00,1047.200,11.773
2015/06/21 03:45:00,1047.200,11.800
2015/06/21 04:00:00,1047.300,11.807
2015/06/21 04:15:00,1047.425,11.793
2015/06/21 04:30:00,1047.300,11.807
2015/06/21 04:45:00,1047.250,11.813
2015/06/21 05:00:00,1047.250,11.813
2015/06/21 05:15:00,1047.075,11.820
2015/06/21 05:30:00,1047.125,11.787
2015/06/21 05:45:00,1047.375,11.743
2015/06/21 06:00:00,1047.300,11.750
2015/06/21 06:15:00,1047.650,11.750
2015/06/21 06:30:00,1047.650,11.750
2015/06/21 06:45:00,1047.825,11.833
2015/06/21 07:00:00,1048.250,11.800
2015/06/21 07:15:00,1048.350,11.807
2015/06/21 07:30:00,1048.350,11.750
2015/06/21 07:45:00,1048.650,11.767
2015/06/21 08:00:00,1048.475,11.767
2015/06/21 08:15:00,1049.050,11.833
2015/06/21 08:30:00,1049.000,11.767
2015/06/21 08:45:00,1049.000,11.767
2015/06/21 09:00:00,1049.000,11.767
2015/06/21 09:15:00,1049.350,11.767
2015/06/21 09:30:00,1049.000,11.767
2015/06/21 09:45:00,1049.000,11.767
2015/06/21 10:00:00,1048.775,11.773
2015/06/21 10:15:00,1048.650,11.767
2015/06/21 10:30:00,1048.475,11.767
2015/06/21 10:45:00,1048.475,11.767
2015/06/21 11:00:00,1048.600,11.773
2015/06/21 11:15:00,1048.425,11.773
2015/06/21 11:30:00,1048.300,11.767
2015/06/21 11:45:00,1048.250,11.773
2015/06/21 12:00:00,1048.125,11.767
2015/06/21 12:15:00,1048.075,11.773
2015/06/21 12:30:00,1048.075,11.773
2015/06/21 12:45:00,1047.900,11.773
2015/06/21 13:00:00,1047.825,11.780
2015/06/21 13:15:00,1047.725,11.847
2015/06/21 13:30:00,1047.475,11.780
2015/06/21 13:45:00,1047.125,11.780
2015/06/21 14:00:00,1047.125,11.787
2015/06/21 14:15:00,1046.775,11.780
2015/06/21 14:30:00,1046.775,11.780
2015/06/21 14:45:00,1046.950,11.787
2015/06/21 15:00:00,1046.775,11.787
2015/06/21 15:15:00,1046.775,11.787
2015/06/21 15:30:00,1046.600,11.787
2015/06/21 15:45:00,1046.425,11.780
2015/06/21 16:00:00,1046.250,11.787
2015/06/21 16:15:00,1046.250,11.787
2015/06/21 16:30:00,1046.250,11.787
2015/06/21 16:45:00,1046.100,11.787
2015/06/21 17:00:00,1045.925,11.853
2015/06/21 17:15:00,1045.575,11.853
2015/06/21 17:30:00,1045.575,11.787
2015/06/21 17:45:00,1045.750,11.780
2015/06/21 18:00:00,1045.575,11.787
2015/06/21 18:15:00,1045.225,11.787
2015/06/21 18:30:00,1045.050,11.787
2015/06/21 18:45:00,1045.225,11.780
2015/06/21 19:00:00,1045.225,11.780
2015/06/21 19:15:00,1045.575,11.780
2015/06/21 19:30:00,1045.400,11.780
2015/06/21 19:45:00,1045.275,11.773
2015/06/21 20:00:00,1045.625,11.773
2015/06/21 20:15:00,1045.400,11.780
2015/06/21 20:30:00,1045.225,11.780
2015/06/21 20:45:00,1045.050,11.780
2015/06/21 21:00:00,1045.000,11.820
2015/06/21 21:15:00,1045.150,11.827
2015/06/21 21:30:00,1045.050,11.787
2015/06/21 21:45:00,1045.150,11.860
2015/06/21 22:00:00,1045.325,11.860
2015/06/21 22:15:00,1045.000,11.820
2015/06/21 22:30:00,1045.050,11.787
2015/06/21 22:45:00,1045.100,11.773
2015/06/21 23:00:00,1044.875,11.780
2015/06/21 23:15:00,1044.875,11.780
2015/06/21 23:30:00,1044.350,11.853
2015/06/21 23:45:00,1044.925,11.773
2015/06/22 00:00:00,1044.525,11.853
2015/06/22 00:15:00,1044.425,11.847
2015/06/22 00:30:00,1044.575,11.847
2015/06/22 00:45:00,1044.700,11.853
2015/06/22 01:00:00,1044.525,11.780
2015/06/22 01:15:00,1044.700,11.853
2015/06/22 01:30:00,1044.525,11.853
2015/06/22 01:45:00,1044.475,11.820
2015/06/22 02:00:00,1044.350,11.853
2015/06/22 02:15:00,1044.300,11.827
2015/06/22 02:30:00,1044.000,11.853
2015/06/22 02:45:00,1044.175,11.853
2015/06/22 03:00:00,1043.650,11.787
2015/06/22 03:15:00,1043.475,11.787
2015/06/22 03:30:00,1042.950,11.787
2015/06/22 03:45:00,1043.125,11.787
2015/06/22 04:00:00,1042.775,11.787
2015/06/22 04:15:00,1042.425,11.787
2015/06/22 04:30:00,1042.425,11.833
2015/06/22 04:45:00,1042.375,11.867
2015/06/22 05:00:00,1042.200,11.793
2015/06/22 05:15:00,1041.675,11.793
2015/06/22 05:30:00,1042.850,11.800
2015/06/22 05:45:00,1042.375,11.793
2015/06/22 06:00:00,1042.325,11.800
2015/06/22 06:15:00,1041.275,11.800
2015/06/22 06:30:00,1040.400,11.800
2015/06/22 06:45:00,1040.225,11.800
2015/06/22 07:00:00,1040.275,11.793
2015/06/22 07:15:00,1040.625,11.873
2015/06/22 07:30:00,1040.575,11.800
2015/06/22 07:45:00,1040.150,11.807
2015/06/22 08:00:00,1039.625,11.807
2015/06/22 08:15:00,1039.625,11.807
2015/06/22 08:30:00,1039.175,11.800
2015/06/22 08:45:00,1038.750,11.807
2015/06/22 09:00:00,1038.575,11.807
2015/06/22 09:15:00,1037.875,11.807
2015/06/22 09:30:00,1037.500,11.813
2015/06/22 09:45:00,1037.650,11.813
2015/06/22 10:00:00,1037.325,11.820
2015/06/22 10:15:00,1037.325,11.813
2015/06/22 10:30:00,1037.150,11.813
2015/06/22 10:45:00,1037.350,11.807
2015/06/22 11:00:00,1037.150,11.820
2015/06/22 11:15:00,1036.975,11.820
2015/06/22 11:30:00,1037.150,11.827
2015/06/22 11:45:00,1037.150,11.827
2015/06/22 12:00:00,1036.975,11.827
2015/06/22 12:15:00,1037.150,11.827
2015/06/22 12:30:00,1037.150,11.827
2015/06/22 12:45:00,1037.150,11.827
2015/06/22 13:00:00,1037.000,11.833
2015/06/22 13:15:00,1036.975,11.827
2015/06/22 13:30:00,1036.825,11.833
2015/06/22 13:45:00,1036.800,11.827
2015/06/22 14:00:00,1036.625,11.840
2015/06/22 14:15:00,1036.450,11.840
2015/06/22 14:30:00,1036.400,11.847
2015/06/22 14:45:00,1036.125,11.853
2015/06/22 15:00:00,1036.225,11.847
2015/06/22 15:15:00,1037.175,11.833
2015/06/22 15:30:00,1037.325,11.840
2015/06/22 15:45:00,1037.500,11.827
2015/06/22 16:00:00,1037.700,11.900
2015/06/22 16:15:00,1037.875,11.833
2015/06/22 16:30:00,1038.750,11.833
2015/06/22 16:45:00,1039.050,11.860
2015/06/22 17:00:00,1039.450,11.853
2015/06/22 17:15:00,1039.400,11.867
2015/06/22 17:30:00,1039.575,11.867
2015/06/22 17:45:00,1041.500,11.867
2015/06/22 18:00:00,1041.325,11.873
2015/06/22 18:15:00,1041.850,11.873
2015/06/22 18:30:00,1042.375,11.873
2015/06/22 18:45:00,1042.375,11.873
2015/06/22 19:00:00,1042.900,11.873
2015/06/22 19:15:00,1043.125,11.880
2015/06/22 19:30:00,1043.300,11.880
2015/06/22 19:45:00,1043.650,11.880
2015/06/22 20:00:00,1044.175,11.880
2015/06/22 20:15:00,1044.525,11.880
2015/06/22 20:30:00,1044.875,11.880
2015/06/22 20:45:00,1044.825,11.953
2015/06/22 21:00:00,1045.000,11.953
2015/06/22 21:15:00,1045.000,11.887
2015/06/22 21:30:00,1045.450,11.893
2015/06/22 21:45:00,1045.675,11.887
2015/06/22 22:00:00,1045.675,11.960
2015/06/22 22:15:00,1045.975,11.893
2015/06/22 22:30:00,1046.500,11.893
2015/06/22 22:45:00,1046.500,11.893
2015/06/22 23:00:00,1046.675,11.893
2015/06/22 23:15:00,1047.025,11.893
2015/06/22 23:30:00,1047.300,11.900
2015/06/22 23:45:00,1047.125,11.900
2015/06/23 00:00:00,1047.300,11.900
2015/06/23 00:15:00,1047.650,11.900
2015/06/23 00:30:00,1048.000,11.900
2015/06/23 00:45:00,1048.000,11.900
2015/06/23 01:00:00,1048.350,11.900
2015/06/23 01:15:00,1048.300,11.907
2015/06/23 01:30:00,1048.475,11.907
2015/06/23 01:45:00,1048.650,11.913
2015/06/23 02:00:00,1049.000,11.913
2015/06/23 02:15:00,1049.175,11.913
2015/06/23 02:30:00,1049.350,11.913
2015/06/23 02:45:00,1049.350,11.913
2015/06/23 03:00:00,1049.700,11.920
2015/06/23 03:15:00,1049.700,11.920
2015/06/23 03:30:00,1049.875,11.927
2015/06/23 03:45:00,1049.875,11.927
2015/06/23 04:00:00,1049.875,11.927
2015/06/23 04:15:00,1050.225,12.007
2015/06/23 04:30:00,1050.400,12.007
2015/06/23 04:45:00,1050.925,11.933
2015/06/23 05:00:00,1051.275,11.933
2015/06/23 05:15:00,1051.625,11.940
2015/06/23 05:30:00,1051.800,11.940
2015/06/23 05:45:00,1051.975,11.940
2015/06/23 06:00:00,1051.975,11.940
2015/06/23 06:15:00,1052.150,11.940
2015/06/23 06:30:00,1052.025,11.947
2015/06/23 06:45:00,1052.375,11.947
2015/06/23 07:00:00,1052.550,11.947
2015/06/23 07:15:00,1052.500,11.953
2015/06/23 07:30:00,1052.725,11.947
2015/06/23 07:45:00,1052.650,11.953
2015/06/23 08:00:00,1052.650,11.960
2015/06/23 08:15:00,1052.500,11.953
2015/06/23 08:30:00,1052.500,11.953
2015/06/23 08:45:00,1052.650,11.960
2015/06/23 09:00:00,1052.650,11.960
2015/06/23 09:15:00,1052.825,11.967
2015/06/23 09:30:00,1052.825,11.967
2015/06/23 09:45:00,1052.825,11.967
2015/06/23 10:00:00,1052.825,11.960
2015/06/23 10:15:00,1053.000,11.967
2015/06/23 10:30:00,1052.825,11.967
2015/06/23 10:45:00,1052.650,11.973
2015/06/23 11:00:00,1052.725,12.040
2015/06/23 11:15:00,1053.000,12.013
2015/06/23 11:30:00,1052.650,11.973
2015/06/23 11:45:00,1052.650,11.973
2015/06/23 12:00:00,1052.650,11.980
2015/06/23 12:15:00,1052.500,11.980
2015/06/23 12:30:00,1052.500,11.980
2015/06/23 12:45:00,1052.500,11.980
2015/06/23 13:00:00,1052.325,12.033
2015/06/23 13:15:00,1052.150,12.027
2015/06/23 13:30:00,1051.975,12.063
2015/06/23 13:45:00,1051.800,12.063
2015/06/23 14:00:00,1051.625,12.063
2015/06/23 14:15:00,1051.625,12.063
2015/06/23 14:30:00,1051.450,12.077
2015/06/23 14:45:00,1051.450,12.070
2015/06/23 15:00:00,1051.275,12.077
2015/06/23 15:15:00,1051.275,12.070
2015/06/23 15:30:00,1051.100,12.070
2015/06/23 15:45:00,1051.100,12.063
2015/06/23 16:00:00,1050.925,12.063
2015/06/23 16:15:00,1050.925,12.070
2015/06/23 16:30:00,1050.400,12.047
2015/06/23 16:45:00,1050.225,12.063
2015/06/23 17:00:00,1050.575,12.070
2015/06/23 17:15:00,1050.225,12.083
2015/06/23 17:30:00,1050.225,12.077
2015/06/23 17:45:00,1050.225,12.077
2015/06/23 18:00:00,1050.400,12.077
2015/06/23 18:15:00,1050.575,12.070
2015/06/23 18:30:00,1050.575,12.070
2015/06/23 18:45:00,1050.400,12.077
2015/06/23 19:00:00,1050.750,12.077
2015/06/23 19:15:00,1050.925,12.077
2015/06/23 19:30:00,1051.100,12.077
2015/06/23 19:45:00,1051.275,12.070
2015/06/23 20:00:00,1051.150,11.993
2015/06/23 20:15:00,1051.325,11.993
2015/06/23 20:30:00,1051.500,11.993
2015/06/23 20:45:00,1051.325,11.993
2015/06/23 21:00:00,1051.325,11.993
2015/06/23 21:15:00,1051.450,12.000
2015/06/23 21:30:00,1051.625,12.000
2015/06/23 21:45:00,1051.625,12.007
2015/06/23 22:00:00,1051.800,12.000
2015/06/23 22:15:00,1052.150,12.000
2015/06/23 22:30:00,1052.150,12.007
2015/06/23 22:45:00,1052.150,12.007
2015/06/23 23:00:00,1052.150,12.007
2015/06/23 23:15:00,1052.150,12.007
2015/06/23 23:30:00,1052.150,12.000
2015/06/23 23:45:00,1052.150,12.000
2015/06/24 00:00:00,1052.325,12.000
2015/06/24 00:15:00,1052.150,12.000
2015/06/24 00:30:00,1052.325,12.007
2015/06/24 00:45:00,1052.325,12.007
2015/06/24 01:00:00,1052.500,12.013
2015/06/24 01:15:00,1052.150,12.007
2015/06/24 01:30:00,1052.150,12.007
2015/06/24 01:45:00,1052.650,12.070
2015/06/24 02:00:00,1052.650,12.070
2015/06/24 02:15:00,1052.325,12.083
2015/06/24 02:30:00,1052.325,12.007
2015/06/24 02:45:00,1052.325,12.007
2015/06/24 03:00:00,1052.150,12.007
2015/06/24 03:15:00,1052.150,12.007
2015/06/24 03:30:00,1051.975,12.007
2015/06/24 03:45:00,1051.975,12.013
2015/06/24 04:00:00,1051.975,12.090
2015/06/24 04:15:00,1051.975,12.090
2015/06/24 04:30:00,1052.150,12.013
2015/06/24 04:45:00,1052.150,12.013
2015/06/24 05:00:00,1051.975,12.020
2015/06/24 05:15:00,1051.800,12.020
2015/06/24 05:30:00,1052.150,12.020
2015/06/24 05:45:00,1052.150,12.027
2015/06/24 06:00:00,1051.975,12.027
2015/06/24 06:15:00,1051.975,12.033
2015/06/24 06:30:00,1051.975,12.033
2015/06/24 06:45:00,1052.150,12.033
2015/06/24 07:00:00,1051.800,12.020
2015/06/24 07:15:00,1051.975,12.033
2015/06/24 07:30:00,1051.975,12.033
2015/06/24 07:45:00,1051.975,12.033
2015/06/24 08:00:00,1052.150,12.033
2015/06/24 08:15:00,1052.650,12.033
2015/06/24 08:30:00,1052.375,12.040
2015/06/24 08:45:00,1053.075,12.040
2015/06/24 09:00:00,1053.250,12.040
2015/06/24 09:15:00,1053.350,12.117
2015/06/24 09:30:00,1053.000,12.033
2015/06/24 09:45:00,1052.825,12.033
2015/06/24 10:00:00,1053.000,12.033
2015/06/24 10:15:00,1052.900,12.040
2015/06/24 10:30:00,1053.075,12.040
2015/06/24 10:45:00,1052.825,12.047
2015/06/24 11:00:00,1052.825,12.053
2015/06/24 11:15:00,1052.650,12.053
2015/06/24 11:30:00,1052.650,12.063
2015/06/24 11:45:00,1052.325,12.063
2015/06/24 12:00:00,1052.325,12.063
2015/06/24 12:15:00,1052.500,12.063
2015/06/24 12:30:00,1052.825,12.070
2015/06/24 12:45:00,1053.000,12.063
2015/06/24 13:00:00,1052.825,12.063
2015/06/24 13:15:00,1052.650,12.063
2015/06/24 13:30:00,1052.375,12.143
2015/06/24 13:45:00,1052.200,12.143
2015/06/24 14:00:00,1051.975,12.150
2015/06/24 14:15:00,1051.975,12.070
2015/06/24 14:30:00,1051.675,12.143
2015/06/24 14:45:00,1051.275,12.150
2015/06/24 15:00:00,1051.275,12.150
2015/06/24 15:15:00,1051.275,12.150
2015/06/24 15:30:00,1051.450,12.150
2015/06/24 15:45:00,1051.275,12.090
2015/06/24 16:00:00,1051.275,12.090
2015/06/24 16:15:00,1051.100,12.090
2015/06/24 16:30:00,1050.925,12.090
2015/06/24 16:45:00,1050.750,12.090
2015/06/24 17:00:00,1050.750,12.163
2015/06/24 17:15:00,1050.450,12.097
2015/06/24 17:30:00,1050.275,12.097
2015/06/24 17:45:00,1050.100,12.097
2015/06/24 18:00:00,1050.100,12.097
2015/06/24 18:15:00,1050.050,12.170
2015/06/24 18:30:00,1050.225,12.103
2015/06/24 18:45:00,1050.575,12.103
2015/06/24 19:00:00,1050.575,12.170
2015/06/24 19:15:00,1050.575,12.170
2015/06/24 19:30:00,1050.625,12.097
2015/06/24 19:45:00,1050.975,12.097
2015/06/24 20:00:00,1051.100,12.117
2015/06/24 20:15:00,1050.975,12.097
2015/06/24 20:30:00,1051.325,12.097
2015/06/24 20:45:00,1051.275,12.170
2015/06/24 21:00:00,1051.675,12.097
2015/06/24 21:15:00,1051.800,12.103
2015/06/24 21:30:00,1052.650,12.103
2015/06/24 21:45:00,1052.900,12.097
2015/06/24 22:00:00,1053.425,12.097
2015/06/24 22:15:00,1053.700,12.163
2015/06/24 22:30:00,1053.700,12.083
2015/06/24 22:45:00,1053.525,12.077
2015/06/24 23:00:00,1053.350,12.077
2015/06/24 23:15:00,1053.175,12.157
2015/06/24 23:30:00,1053.350,12.163
2015/06/24 23:45:00,1053.000,12.130
2015/06/25 00:00:00,1053.425,12.097
2015/06/25 00:15:00,1053.350,12.103
2015/06/25 00:30:00,1053.775,12.097
2015/06/25 00:45:00,1053.425,12.097
2015/06/25 01:00:00,1053.600,12.097
2015/06/25 01:15:00,1053.350,12.103
2015/06/25 01:30:00,1053.175,12.103
2015/06/25 01:45:00,1053.525,12.110
2015/06/25 02:00:00,1053.350,12.110
2015/06/25 02:15:00,1053.175,12.157
2015/06/25 02:30:00,1053.175,12.177
2015/06/25 02:45:00,1053.175,12.197
2015/06/25 03:00:00,1053.000,12.117
2015/06/25 03:15:00,1053.175,12.123
2015/06/25 03:30:00,1053.525,12.123
2015/06/25 03:45:00,1053.525,12.130
2015/06/25 04:00:00,1053.700,12.130
2015/06/25 04:15:00,1053.700,12.203
2015/06/25 04:30:00,1053.700,12.203
2015/06/25 04:45:00,1053.950,12.183
2015/06/25 05:00:00,1054.125,12.143
2015/06/25 05:15:00,1054.400,12.217
2015/06/25 05:30:00,1054.475,12.143
2015/06/25 05:45:00,1054.300,12.143
2015/06/25 06:00:00,1054.475,12.143
2015/06/25 06:15:00,1054.475,12.143
2015/06/25 06:30:00,1054.750,12.197
2015/06/25 06:45:00,1054.750,12.150
2015/06/25 07:00:00,1054.925,12.157
2015/06/25 07:15:00,1054.750,12.157
2015/06/25 07:30:00,1055.000,12.230
2015/06/25 07:45:00,1055.100,12.217
2015/06/25 08:00:00,1055.275,12.150
2015/06/25 08:15:00,1055.450,12.163
2015/06/25 08:30:00,1054.925,12.170
2015/06/25 08:45:00,1055.525,12.183
2015/06/25 09:00:00,1055.875,12.183
2015/06/25 09:15:00,1054.750,12.150
2015/06/25 09:30:00,1055.975,12.163
2015/06/25 09:45:00,1055.625,12.177
2015/06/25 10:00:00,1055.800,12.170
2015/06/25 10:15:00,1055.800,12.177
2015/06/25 10:30:00,1055.700,12.183
2015/06/25 10:45:00,1055.700,12.183
2015/06/25 11:00:00,1055.525,12.190
2015/06/25 11:15:00,1055.525,12.190
2015/06/25 11:30:00,1055.450,12.263
2015/06/25 11:45:00,1055.275,12.197
2015/06/25 12:00:00,1055.275,12.197
2015/06/25 12:15:00,1054.925,12.203
2015/06/25 12:30:00,1054.925,12.203
2015/06/25 12:45:00,1054.825,12.277
2015/06/25 13:00:00,1054.525,12.283
2015/06/25 13:15:00,1054.475,12.210
2015/06/25 13:30:00,1054.050,12.217
2015/06/25 13:45:00,1053.875,12.217
2015/06/25 14:00:00,1053.700,12.217
2015/06/25 14:15:00,1053.700,12.263
2015/06/25 14:30:00,1053.700,12.223
2015/06/25 14:45:00,1053.700,12.223
2015/06/25 15:00:00,1053.700,12.223
2015/06/25 15:15:00,1053.525,12.290
2015/06/25 15:30:00,1053.525,12.290
2015/06/25 15:45:00,1053.525,12.290
2015/06/25 16:00:00,1053.525,12.217
2015/06/25 16:15:00,1053.350,12.217
